0
13154
75563
45866
53278
21896
4704
67889
67932
93472
38351
51943
83099
3457
5346
52972
67117
769
38343
6684
41750
68679
58899
93047
84619
52694
9196
65394
41601
70121
91035
76222
26246
4746
73611
32824
63266
75643
99107
36535
24704
98258
72268
75338
65154
7268
63165
88474
27272
43642
76652
47775
23778
27491
35927
16651
48653
89769
90924
6056
90468
50454
51631
31904
98668
49399
26615
9073
94780
7375
50072
38415
27709
91385
52976
46446
94101
5008
76154
77023
82784
12537
1586
68848
86828
62956
73625
72544
99949
88860
23320
30633
35102
51329
59113
84601
41209
84154
26932
41541
53732
46793
28722
17833
15372
57167
80243
3305
53447
49849
95539
74832
55460
89077
62487
84207
15977
21275
71473
13043
9099
27459
299
41430
2687
70984
93793
23992
18090
31755
88702
65208
15034
68137
38582
38774
49976
14753
58720
84560
59013
95544
55616
14815
98334
40878
14182
56492
25213
48853
46404
96113
12603
19976
31926
62929
12671
65127
62165
80310
24785
47645
38932
20325
2837
90170
42651
14202
94752
41032
13119
88568
9217
16220
7106
25306
13511
78318
45532
34953
45231
80897
93171
65167
21525
67961
90895
25013
86089
47128
50597
60041
81759
75587
46226
95140
63276
43934
82472
68900
70223
98718
95445
85130
28932
53744
51445
10343
41404
57673
87659
44005
72977
86929
71567
80075
70656
74174
1909
88606
52500
46334
6519
71345
48896
66770
68207
19956
91666
86591
89005
54396
13920
45036
98940
21554
44604
31574
51467
88153
43974
46754
80668
36517
21152
99915
15361
63051
61637
59
87
77338
72736
31919
41773
68252
68058
20526
83645
70894
82874
9455
8174
76403
62959
21386
21355
8106
38883
95219
94758
38986
26922
69219
28404
77689
78389
42247
28216
19397
1131
19183
98327
24406
81975
13646
39815
60103
17688
82838
15773
98797
25717
23360
10164
21941
63474
69603
79480
69626
75296
66954
63345
5644
59823
22701
31879
69986
11744
76260
52614
55393
58801
32967
70301
14305
16169
48534
86025
81329
55685
73902
31601
13533
52856
31075
58814
51810
43086
25885
37024
39303
44688
47591
38784
27930
7826
36975
25393
67181
67626
51395
72863
72079
94478
46071
94019
32157
46045
51716
66138
40184
60566
98654
15039
67012
34383
54173
52282
82927
1495
27422
64300
54615
91788
26662
97012
24674
84400
69405
45576
81713
2208
16075
70697
70785
43665
58244
75173
99157
69570
27952
75389
17118
425
49571
7991
16308
90333
78302
74670
43644
634
58480
51849
6685
54404
38974
21583
38578
62688
65907
70934
53868
28029
81596
37192
68612
31018
934
10380
52098
77591
22069
5528
7063
16028
72379
29703
5060
47782
45717
52000
44650
15031
28595
83371
69566
57779
68119
33118
5747
98692
54241
165
85622
2935
37756
48967
57619
73898
67935
53628
3558
12251
97339
18828
35133
61414
60763
12593
55288
95406
35693
83813
97429
25902
25153
42435
81307
89794
24459
76064
69488
45186
26363
66552
11657
20957
11368
54699
607
17598
59938
43192
8250
68744
37532
83623
12364
97338
2963
8035
49426
76946
93406
25016
35967
76914
49997
74928
67192
68169
75679
3636
23058
22167
56262
65264
61663
37148
22480
23370
65303
16593
74413
15976
4764
66201
12494
94919
48419
62106
91406
1794
59356
72189
49660
5369
44164
51919
77197
6535
44280
97721
46775
32906
44594
74330
20534
17138
37253
93976
96488
25496
7033
12385
52635
16008
51772
10518
84160
36857
42390
32724
71357
57679
87191
75827
83663
69981
38907
93527
60562
36209
53952
45509
40170
24044
8308
42159
47239
28977
10497
21639
80204
52745
66884
86367
24375
71159
26367
38283
8100
45978
23287
79538
49136
322
26612
66471
42520
18683
96351
13404
79588
94608
17116
60602
6380
34750
29247
50967
82586
83437
72647
32944
80211
63178
4534
4142
15332
76709
6173
51932
92918
22052
20457
8899
69971
70648
49465
26178
37838
20065
23261
43611
46951
86122
97727
44453
3424
52379
3164
75320
59161
82292
32959
23208
53654
43063
40359
98736
96694
85056
86754
31161
14839
99763
63954
46809
93195
69079
81543
54155
57282
15922
94528
82136
15541
4107
34362
11002
9654
51879
2240
56150
85690
51692
67455
73720
69848
2280
19199
67101
34588
6629
14071
92115
22166
38012
58603
16731
2634
69115
76237
71372
7732
58983
92553
92973
43046
50598
83128
91927
60166
72386
51935
49083
16142
97615
57438
27326
53144
69858
66707
9743
54875
61076
66799
49514
57160
58891
44133
15122
50229
73139
3165
5161
52208
32065
3506
24515
10718
38298
55185
59719
61113
93528
77206
51316
48670
65015
69702
40755
48686
47980
71047
53421
27665
60556
28011
70339
53051
93829
23541
41351
59749
78303
92028
68151
82120
52743
23027
14368
89955
25143
65153
481
93597
27536
85879
27893
95246
50683
12295
41649
70249
43650
10774
76620
9986
44128
34458
29707
75765
33852
33077
5560
57320
48530
20248
11447
97438
86464
49185
36740
80494
16221
15958
5772
14925
46811
38062
88373
42415
41226
65131
30833
6014
81444
91952
90125
77007
17080
57246
3140
80329
52223
86165
27720
86952
58688
38918
81192
52569
93990
42005
57988
74917
88081
33809
18955
74315
71894
87919
7287
71014
87909
35939
8985
16103
41681
9643
67471
56263
87822
76939
63523
89655
87844
48648
11307
37749
38263
68760
12174
7682
14330
47765
70861
23802
39098
97591
62879
68122
90872
36241
85924
79430
42889
7351
49864
48389
45075
49967
74078
93287
30013
14620
8032
97251
40819
23841
96319
83350
19808
12948
19631
33913
57570
44028
58569
43289
36821
38233
60015
42948
14879
67022
99543
69809
40275
84931
81955
79341
37426
960
47979
63908
64652
64492
79906
37737
35768
38951
33431
69361
14490
29153
66688
85439
31471
14414
60227
558
92086
38196
51655
34446
26414
29101
83368
12439
63464
4869
45806
37683
15587
75588
66599
1153
79491
56093
28866
41557
32062
51461
71918
23190
46502
37337
5004
7385
20245
56620
83155
42256
83958
29305
18120
35753
93414
58944
36905
46307
62785
94448
40580
5048
44486
59595
74834
86420
13102
10458
66533
83341
58130
65861
98207
1891
92150
19468
96776
52309
27880
71982
59048
83711
83472
65991
73047
64305
34954
53489
66417
32344
86922
44238
91800
27667
95179
11724
41602
83640
96257
33294
52620
53597
81813
92992
66291
24323
94146
59674
24698
88676
19618
16296
83602
60242
62326
83871
67167
39157
87131
66737
11561
4
67609
62877
45456
57436
3227
35140
85511
37085
66145
57645
5996
74449
27950
44264
17642
9180
89727
99245
59418
3300
69095
48723
56936
89575
43451
68862
20316
48173
27245
94715
24430
95329
47697
12709
96147
85718
21741
700
78250
5039
96009
64139
57342
13709
12904
82465
50187
65591
50507
52647
11840
90309
66893
27759
38672
39150
83112
24301
12344
72833
64810
20122
84872
2255
10556
18798
36098
77968
71923
66639
58099
35118
15716
29210
16911
22370
67137
40478
88654
57938
34186
43725
69966
83431
79201
84910
28223
26467
16996
53355
7318
99877
75020
12222
16460
42512
77323
21357
43394
3307
92935
10604
26629
48206
79281
25753
21392
28247
38064
20813
92856
76409
61658
57587
35634
90788
19790
11411
79117
69818
1825
74799
11453
89499
65465
34590
38242
21505
33130
1778
91440
78550
39346
73001
83158
87783
12961
34343
94210
36220
35207
8065
57191
77642
84423
49331
81734
64275
43539
35232
34917
28155
91915
62617
74460
15754
77644
25196
61208
85463
31461
60846
12592
37367
13329
26187
20282
75055
7095
45893
96328
23468
19752
68397
8132
85426
15256
12018
80915
94422
4552
6026
82975
14118
80119
22749
39923
59921
65523
5372
98640
81233
41359
3183
10805
97450
86715
67110
83440
23822
71696
58973
22254
22777
157
44783
40978
93304
2246
51351
37651
85954
79390
60949
33181
62402
65389
64441
25912
2600
98708
20775
64235
56034
37694
12069
44912
13772
58582
54262
48362
88663
8159
36260
10081
29922
84170
91303
82795
97033
81331
79790
83982
44873
64212
69395
81579
46822
19364
40157
93068
46722
37845
51761
22776
89930
98588
13699
45849
68916
27902
40929
73996
3125
30394
19265
81322
27487
71778
40864
78510
72232
57708
63296
79862
27
62781
34644
47187
49222
52964
31856
85795
13800
39915
38692
84646
5613
45689
76556
29250
96195
99913
74164
34979
79661
19900
60075
54284
25170
20162
57564
51377
74772
60804
98967
79848
55479
14667
10701
52380
24631
57164
33437
67873
6936
84467
87629
33208
14540
74410
66191
40279
58505
55547
49413
61452
92486
61395
25639
3966
62073
34350
2416
17140
61074
42386
56845
73040
37398
36565
37629
8660
58313
41818
11081
32527
68519
56400
87190
53188
97457
6024
47536
11013
99221
54953
69873
12724
47500
5934
44512
91801
43952
85854
99721
54932
12428
84635
19026
66437
65629
97323
45763
15935
13919
28334
97300
59797
85224
6288
92565
94943
46668
28224
46026
43084
86617
19863
38478
75922
81425
67276
72161
68339
31399
16848
68806
92097
16577
381
17631
17815
19806
66829
67447
51750
32341
46698
32083
9364
87047
44513
14778
65207
94201
88238
66095
20392
17035
1607
16542
10908
36120
56115
96387
24550
2386
3004
88620
88638
91325
54742
17258
48706
81445
93664
58308
54892
47177
75336
33232
17246
51298
38044
82819
96707
477
30140
45458
89048
84356
25036
73393
42297
70850
40588
52632
52558
9153
40370
78216
26479
30787
18497
75665
62069
64537
32732
15423
18436
45521
53320
16243
92580
40907
3118
16729
56508
98546
14026
33358
30913
35434
16287
32216
37959
64140
60233
3768
33511
7821
49114
28788
25272
43933
65863
32559
166
97273
10087
31838
95555
34928
16541
98552
11644
4188
96099
78531
22039
10146
25457
43752
24302
28260
54924
88233
85168
67049
55763
75786
90203
85341
75972
23395
99832
26129
37505
29951
74555
99187
76634
42862
64169
46381
10247
18188
86339
50337
93101
89807
29117
62916
97543
54407
83070
5481
18962
97533
76523
86991
3234
51845
37545
96970
19315
22858
59697
89653
54949
8477
77701
77111
70842
5193
88359
7163
99469
26992
49979
68734
74846
94468
68973
91180
17123
81536
28283
48189
91088
70321
39932
16844
90252
21007
54838
37279
26316
80673
23584
65893
33561
52215
45290
60689
66713
2176
81923
37733
54181
96973
74631
79331
75872
45324
40676
24423
70230
21382
66120
40706
27640
34316
30147
68842
95432
77821
90233
2165
97427
5375
40997
16355
79606
1157
60202
10993
54503
7304
55653
38339
48144
39094
40868
55913
94111
69905
58965
1114
28277
38739
74582
56571
55433
26859
11716
16162
35431
80834
26574
19167
41446
64817
52968
7285
46996
37896
9886
49327
13281
21625
43830
35314
99384
89218
34995
43916
80166
98220
30123
57666
55194
14324
50656
49985
72966
8260
21707
17293
38523
37463
26437
16469
85653
24543
89340
79118
96423
25075
28409
54983
71892
51531
48650
35188
85850
41222
2040
91572
95955
56865
99792
40053
58768
80638
40824
4340
54545
13010
57472
96925
68136
20721
56388
83071
29288
30607
97802
98496
58372
33288
52159
8239
80777
68168
59478
20416
20041
16394
28079
19747
79308
87186
78923
9074
16001
24703
76146
51708
39180
86802
33270
59672
78024
98676
95439
82283
77706
68645
84198
62802
76842
39667
58528
42006
80163
47777
81365
55094
29480
58700
47433
89867
42925
25992
46405
3
65809
9184
56232
67906
66764
74529
65249
98202
27970
78279
518
8681
5919
92680
21466
78138
25367
28660
73819
29586
47320
91000
92309
89182
25066
75243
68393
46812
47394
20876
50640
89780
83509
95874
97313
91847
14870
26290
39650
77148
77064
77574
45449
41868
63634
64712
74203
82952
27214
78025
18041
12000
78773
99189
7725
42494
84114
63356
94484
43036
94599
79858
37719
24680
82873
4160
22860
9400
86146
4349
95468
82426
86904
51199
75013
99833
41747
21161
40372
10890
36207
9688
20393
38710
82361
89924
96587
81709
41685
81747
72499
45854
41511
59272
60338
66754
98746
73912
420
62548
13018
89613
67785
32834
23684
45147
68077
25883
14599
70387
59880
69099
7371
87967
20297
21674
73262
78565
95825
71548
74050
19523
21545
2045
83919
76085
21863
42021
27071
67687
83587
5049
62283
63371
45775
10952
72526
1751
41285
53819
10226
64037
43578
2780
24248
32991
63186
37578
54466
76888
7894
76275
4826
18460
47034
83851
33846
36836
85383
78674
27857
81532
70335
89792
87041
41283
18198
55446
53095
35098
72531
97202
23533
14085
23775
80159
82233
40103
86792
60239
3866
75516
48773
97863
35526
72991
16504
87891
31033
67761
15037
28786
90674
2216
59173
94463
82936
56813
21135
3038
58213
64167
15506
6826
30753
57432
36862
21004
3497
75697
6522
27535
77062
37422
30288
35444
96729
62230
69785
34660
15443
51602
56548
69644
68901
80769
45885
73616
16180
32785
1246
44065
80552
93313
56351
56708
57567
98782
72848
11117
51084
44450
47479
54500
58520
14849
72565
52547
34520
58781
3295
90898
75760
50798
40915
46322
16253
69331
3467
69278
17173
25073
94706
74345
82012
28872
33265
65557
83506
42433
44140
43144
5904
38316
64431
51803
20889
73785
68887
51333
36703
50231
12372
41560
81326
2912
54057
11595
73291
63205
54970
51080
70684
51211
72097
97568
70532
94651
38221
63018
48876
30415
68686
70026
84947
49027
80054
17924
44984
23402
2347
52770
87183
33894
45873
67463
18764
59676
35717
82096
42311
5187
84504
13869
92404
85609
82016
2225
97494
27559
73597
9917
82907
78220
1236
79741
60536
1722
54721
62684
2905
31199
57706
32063
65164
81431
73565
73708
68659
12975
75425
31619
321
10410
56942
88384
21180
61615
24097
87824
8867
37697
59369
80382
38977
64789
79785
6307
98097
59191
96162
33129
86379
25070
47274
15886
87078
71479
3975
7198
79018
18588
4130
23786
68267
19276
65144
34441
27342
31702
2272
98017
22834
66220
22122
92893
6174
78626
28850
65126
38462
18116
74068
25719
53354
2429
28218
48374
93488
96770
58709
88551
34569
86931
655
19185
31197
22577
51009
81797
22042
54373
19190
18306
64469
89368
49494
27948
13907
35178
18378
69325
8235
4315
36053
24403
29682
57070
38416
35110
86671
28929
91877
32075
74713
66247
79386
93396
51610
79504
80911
57801
32291
10014
5918
69034
19501
43337
51589
32282
54324
98395
61238
696
98132
52704
64324
62739
19131
28520
17168
44357
92882
14413
39740
87247
19592
75613
80135
86882
82429
32818
57095
60317
8424
80577
10915
41726
74414
32360
65972
50382
50682
89854
17579
45305
26801
40892
45464
95895
48226
17420
68506
51581
90659
59664
40042
74317
98048
38033
96295
82909
9955
13275
10441
78552
79427
78014
38011
35106
13984
24336
9686
2434
12100
70388
71330
8881
57959
93111
58767
99537
6463
27253
37588
25676
23847
81046
98291
27466
13411
4466
57880
65567
53529
35111
91964
87937
7754
17159
85196
48344
95660
9601
59769
12307
43365
12045
39664
13409
42160
67362
25784
47342
56995
78049
18708
23295
15438
63366
60063
48559
9716
3102
34330
78499
91705
41317
93133
26592
24546
40709
80006
14194
58677
59280
81187
68048
51646
82329
65889
55136
38347
75478
19445
12778
55964
57232
70179
60758
26399
77013
11747
38331
5117
12323
4725
16480
79400
34565
28012
84189
22319
13004
50815
26253
29924
28454
11028
51070
14666
98021
82242
90648
68761
30852
22614
66434
16304
19871
69902
11073
3749
12716
18577
23412
84723
85772
29080
36863
47870
20109
66526
68968
4354
76365
22771
1314
88289
23560
71462
18421
6306
87673
64011
5429
57019
93696
93333
88552
35970
32193
54010
17558
96535
16271
71996
98582
16098
64402
66063
93839
7263
77775
19126
44283
49648
13152
49780
34084
38225
36632
62873
72537
93558
77321
130
86607
50554
42045
39304
65526
53798
62395
38042
47321
93915
76981
76603
26375
77762
8792
66228
56614
90860
30274
5950
14164
47367
71966
956
75225
62322
6453
61135
69113
49350
99609
76772
58185
77262
2477
30675
46636
96186
41419
15477
21321
36681
83513
59389
18538
81749
5357
46719
77139
39446
43414
32584
29678
91086
30170
51079
61543
15073
25079
94214
98400
50319
90111
49029
233
27572
99991
90364
2499
4718
5836
90228
53503
93924
30615
29151
36653
9174
96049
44534
65953
44683
58370
94848
51697
50459
68774
53851
41966
4437
80380
10043
58029
68501
64172
10869
81624
6043
63425
52374
16793
37442
74386
65300
67005
11523
73975
59935
93156
21402
6114
57914
36289
96809
17581
81399
26465
90397
56413
4828
48077
99180
69950
11809
81341
48838
203
19832
7059
41722
10531
42523
59619
91598
31482
3235
80366
61246
22761
40397
26671
46971
20232
37977
64582
98615
58681
24100
42916
69129
21362
26971
95351
2167
35364
47958
13356
68737
22064
27710
13682
56750
71786
71977
78460
25950
39907
99719
15525
19665
11835
15612
83397
6124
27677
61914
58533
95376
35864
49279
14644
26957
52090
57792
86302
30422
95362
1201
86010
22467
90729
25626
95031
24049
90186
11575
36757
51468
1674
41272
32751
28094
58304
82629
93012
93594
87241
10959
91652
51580
85456
13341
13623
63708
14385
70524
62773
87031
86659
26118
61096
2436
52789
95888
36717
93325
54996
96233
29612
72969
57760
45602
18714
17146
77134
55708
54850
33439
2591
48028
76357
97210
48504
83181
78441
13733
2923
36598
85814
36264
73017
64739
33245
34607
23979
13535
81203
34636
10168
90859
19465
52267
23214
51535
20410
18320
6607
50147
98120
50246
52744
35340
36464
32685
61295
45179
99483
49623
87056
93291
82364
44578
3881
27035
70747
15023
95873
86637
61149
93654
81647
91863
94922
3500
38212
17221
27289
28449
28837
23134
197
13988
3166
10904
61483
19689
15108
15836
61075
54933
38227
59492
69002
72998
30590
14226
89817
10731
63059
96847
60043
13195
62881
12804
92720
89270
2984
60695
68468
3883
60079
80696
16727
29911
6831
16020
48480
81288
68328
49273
14134
52913
90742
43473
23053
47072
24876
81077
21916
28951
65298
20868
22570
31720
9135
36843
790
87513
86182
19835
69125
49536
25767
51944
94720
10765
28129
56688
19909
11370
90191
85019
61054
689
82785
22473
1962
85365
89035
64241
64207
385
86593
23574
9420
24870
86130
44932
51864
48575
75412
548
26050
16635
86988
55359
82581
97549
50651
69019
61933
68962
2631
27115
18156
42091
99398
23432
13765
42151
19201
10224
34108
43077
68030
46145
63258
38965
75789
47431
42261
64330
56621
6976
43284
46557
60308
61592
47517
97226
23140
15164
51483
43108
97885
99096
42554
81705
66983
53558
19696
30344
78231
93840
19474
3029
14549
30219
73093
33276
48791
98818
76479
44489
2812
65961
65690
16726
10973
24846
77824
52756
44403
52784
15414
65181
59401
14338
83497
91260
60225
70742
19957
6357
48787
37995
70020
84411
40908
25204
90062
23605
17486
76619
92392
81413
55892
54886
48630
4120
53258
78247
59352
91555
15827
3735
71856
51072
40699
5854
1101
6848
5867
11001
97715
38367
24080
1912
36161
41870
82075
94049
54392
33379
89660
64568
53047
36963
22587
15321
91352
4660
22161
60787
22631
56777
18322
41675
18359
63325
78028
69628
3869
24571
53936
83143
46283
64588
96479
72954
90854
33490
57049
96510
96377
59201
64077
2680
49686
55382
74907
29021
38726
49751
44223
30220
92792
733
31825
75334
98340
42865
9407
564
86815
45277
47353
43914
34502
67302
1990
55201
31300
40745
78253
49567
53945
29498
55537
86356
37404
33399
15219
86633
98802
11015
27406
1449
58001
87042
61983
9340
80403
90965
97890
75788
20800
84939
17219
99549
66453
34652
77251
23107
55571
54939
31405
8934
55575
19875
39895
92977
13313
49475
9950
36269
57530
75545
37317
10992
44310
92492
55282
92409
72095
66651
69961
2503
78471
25876
85861
13231
79012
12022
46147
75040
50475
740
51174
60834
1697
28051
43395
18677
93690
92779
77895
43230
49434
7265
8036
62601
94506
3842
43058
50911
40199
7903
26831
36719
24725
37217
87027
17401
48232
9598
7419
95507
26046
38909
19442
61101
19728
57492
45412
16995
36706
135
76235
34457
9755
46480
69205
96298
22043
64667
17689
90429
81123
84838
24615
1026
56784
45811
26475
51257
44649
89942
5291
37146
91379
52739
63071
3373
97582
6481
35347
54157
84792
44941
96115
45618
85830
1855
86781
84712
661
10468
35343
812
65747
63959
25702
59867
48529
4195
14290
75361
49177
90306
29553
87282
96803
11100
57175
13814
45041
77517
87257
73161
70630
41084
82176
84286
52440
40131
58712
44172
73631
73955
27144
95944
74136
68667
42551
41352
84456
11346
89024
68458
41206
28768
86623
24917
70209
66162
42144
1901
61318
48221
32494
12504
51548
40481
42540
48224
79073
33343
85503
5010
198
40029
55696
60934
82203
42843
36113
42685
79762
9933
48430
47603
47443
56901
1321
8141
32710
38046
24137
63612
94340
19376
43364
5965
61111
59197
86698
88572
79867
81529
5228
79547
8604
14294
40658
21557
7748
31064
77450
60877
23151
97055
55448
88600
56274
76076
63524
22106
22434
41677
49946
10375
74426
43965
92612
78161
11892
77481
82790
4706
95813
81607
17699
56158
12168
7577
26770
14616
57900
97835
64017
7942
91585
14445
76220
86934
50977
41394
95619
13600
77963
79886
95405
15069
26281
91077
76931
41187
9332
45491
42571
73345
64813
79164
66484
62127
29557
55008
98514
68439
23685
74936
896
59741
37002
82493
18541
20906
66486
90088
61460
30582
71974
32670
77277
46530
12984
14079
20842
82015
85475
27702
78808
87125
68371
78873
74514
23424
77854
56923
77178
92036
98266
97849
91226
81473
69693
86428
41888
91072
3228
62991
49575
83065
26773
56582
50366
78012
52594
28844
62975
80945
6329
80817
41184
54263
66692
50161
35825
94871
50952
32336
62660
92470
94978
47794
43195
52932
4820
12755
71361
27246
13433
75975
78820
84679
45219
68415
21142
34031
45634
57126
80362
91912
16342
57287
99290
8737
38905
65019
34168
43823
20845
40846
81336
64031
43579
4999
28365
22660
36363
30366
51291
18738
33929
24733
83735
79651
53518
45621
38497
98558
8354
16637
11062
18209
26792
88815
55781
75060
89991
28375
90097
16340
23947
74619
81188
81075
83141
11825
43167
92927
74018
76537
21880
33716
58820
58090
86789
19478
68221
58557
44750
99368
17979
69334
56947
80139
43901
27290
46514
44360
42577
79370
33535
15582
91552
66445
13445
77834
14603
32707
95288
54279
38373
13476
92300
37954
73003
15842
55354
98592
86621
96577
19261
17046
86558
38629
22520
80849
91811
8500
54695
26057
28090
90321
79632
27378
29221
4630
21988
38592
93219
77226
22827
53392
33907
59886
68280
46300
47532
55825
21044
77343
60872
44720
91111
56712
26301
29404
76590
5901
79348
53504
16820
83877
79205
55210
79560
26834
87674
88343
30106
82846
45224
60119
88870
88275
86827
50676
90836
27791
77891
76359
17630
96364
35267
25958
69841
76923
99526
83293
60236
54129
13408
50269
38678
39902
21672
33856
98956
13997
44285
81918
56608
86086
94445
90824
32529
99652
565
17546
92251
3771
86316
66973
72393
69824
2784
99114
44550
30334
9549
86200
9086
8466
88838
29887
97808
9213
49768
32902
67306
72903
40176
17760
94402
62530
7377
96988
15378
52693
77870
19626
53497
93644
23781
82600
6646
9285
50097
57163
4447
51905
44824
44377
17779
8381
61283
59498
52303
37793
66810
37304
53771
6352
70589
51878
88323
89888
90504
50703
34368
91590
5608
54683
28846
99445
20728
76012
98702
29956
60279
85195
23968
21216
76827
93935
8746
94981
91591
15502
44754
65095
24939
45071
84216
72505
50732
26794
23952
47295
67396
83218
99997
94948
41963
58641
47551
58821
67052
10708
63134
68487
30320
74916
70157
85969
31647
73783
27588
65709
35038
63279
2267
12527
48729
64846
32596
29633
36879
14985
57435
78415
40977
74342
25647
46337
65978
50766
6966
85958
47632
30999
84911
53957
35868
22856
40853
99275
59576
62422
87301
10972
6222
70503
40548
80137
17810
32919
60613
88282
9714
57026
5602
52164
89054
74208
70922
51415
8525
83121
75581
45714
94788
50804
37885
12670
41757
90331
42816
95493
4672
26802
45102
12793
11099
49664
77001
17462
80799
52124
24441
64161
20323
57402
34385
391
74999
61277
86006
63145
47447
12844
72895
1666
1446
18089
10088
52642
22993
33874
8591
93869
48780
18513
48376
35757
58670
34174
49642
16971
29286
98040
3293
46945
85849
22429
53505
32070
85258
76175
34991
76522
68810
54107
56242
39153
31952
99024
42919
24844
52031
56822
71504
25408
27707
63286
19162
47779
94263
17350
90780
82146
90565
70512
60623
58039
30108
14265
56290
39926
23282
95457
86064
30105
64787
34931
76399
99556
81151
60399
99931
78388
19264
67503
84371
75022
48191
24673
77892
95735
59752
14125
6250
51513
53098
94774
8702
93197
4440
21883
81244
22037
71409
39714
97881
36989
50744
26789
40590
85700
12865
17200
83044
73070
50939
98997
89815
70909
33023
99166
18845
27108
89063
26275
89608
89508
18184
10372
18257
36720
39894
83760
1259
73088
57692
96296
89297
71100
38340
60680
23169
75830
27393
76834
10325
38732
57331
36351
29858
12626
1008
41218
15399
11016
43422
28731
68671
16855
87422
52505
19719
10051
31328
19452
18600
4703
47914
70343
13127
17349
76678
77360
40893
74705
20613
37376
65120
35819
24
10265
29239
11034
52702
38077
37612
21122
99440
28961
42830
24054
73701
51314
1148
7024
60867
54749
45851
93490
30249
90521
43679
18447
80760
82345
20531
60687
42033
37224
7218
22136
74866
33545
83106
18443
71686
81927
718
8603
90893
90058
59403
60396
43918
1896
78657
46103
29081
49812
63987
93557
57304
79086
50433
6975
36559
29289
44214
89400
93909
67492
2405
34600
9
54972
92900
16545
77130
77347
32745
35151
68147
16062
47503
62989
27915
65820
99185
46500
96072
32556
51644
49831
55156
85406
66078
35217
69420
5998
14764
44866
45081
59605
57975
49584
31006
98738
39548
59675
30375
7553
41679
76475
70864
74226
84453
60439
62219
74326
57325
39747
14452
95342
57837
41783
25727
79355
81898
20542
40307
26347
8291
48803
3171
99128
81740
54004
11125
74692
12813
51256
37088
24436
90553
81120
38165
17970
20057
97254
93147
72341
97943
72267
48282
52174
55232
55524
65410
7260
15107
9210
88031
83908
99162
65472
36324
78242
70325
9750
78608
20890
84701
24639
94078
16041
695
94753
54687
93947
17610
70240
81945
3302
10571
72693
14021
43543
3255
8755
47374
95402
62338
80125
8740
98218
97840
37981
32118
90803
79249
99551
4513
55531
88176
22159
15752
41045
28191
99602
45715
5305
63899
22558
30178
87479
15266
80191
25443
14901
40993
48595
12280
94721
21494
40130
40463
37511
28699
39441
73778
48807
80205
59806
27121
17926
72661
80484
49450
77233
11962
39265
9748
36760
14162
14113
94213
85066
62544
40882
92666
77971
54781
76432
61903
71699
82882
56455
16680
33365
59062
22022
22272
23611
15427
79961
64075
66758
64932
75833
79072
20847
72270
5552
19398
23857
65460
49499
6793
78202
5435
43268
79582
90665
50599
90759
28114
99796
10397
46715
12392
79941
22824
3502
59431
29319
48878
74823
14094
74624
65794
70333
54476
49078
23387
51209
49840
43558
55677
31268
8027
8778
37662
61281
15225
82498
5165
20607
32872
67342
89075
36544
75900
33684
7909
29028
70312
94585
36504
14887
8351
61535
92960
27817
8808
34524
29836
48029
7176
6170
97825
93266
69098
96908
69329
73741
22988
50358
42548
78354
57875
83037
25867
34591
50864
39343
20982
31885
72133
3493
10241
16539
73546
48412
45185
8924
87207
47440
2597
52687
91737
80501
39123
19614
53951
57125
63645
94498
72336
15021
61015
45756
92906
26736
37109
71360
5547
24916
60219
71329
80876
37216
68717
84748
9579
97617
98471
40488
34903
5500
47071
95686
45126
14063
63960
43501
46153
66328
33542
38043
64445
85441
65865
57226
67815
38565
37709
54341
89222
5444
94472
37032
83247
87689
40677
32010
82963
5181
81558
5265
86677
39367
21603
78778
86725
44733
12461
39973
11628
31085
32364
28569
42227
84292
57067
3050
68462
8459
72444
43096
98911
48137
10644
90076
59123
44684
80898
13214
86058
28998
54409
20894
67075
86169
91215
409
83980
8680
80865
48142
99909
18008
64504
87035
8422
44018
84755
33705
23317
85717
274
5701
28410
73595
68752
80988
18662
55679
70795
13318
42338
58424
95661
24804
75648
71247
12404
67884
97579
60832
75430
8311
78572
13644
7177
34372
67936
65922
23117
17091
44964
89607
76224
59098
21459
51389
70889
466
64178
3296
3437
78219
83889
73618
59097
20246
63032
52064
9696
56010
25502
11381
79409
87276
6487
30794
49559
20617
4353
65511
6165
27854
32284
81958
18860
76950
56719
39415
31902
64751
30393
10951
48728
47954
47742
82229
78166
96737
46723
55598
5770
86770
155
21233
56928
52448
69866
8009
11354
33406
43342
35727
43001
93469
72811
1888
41887
83795
99397
1160
96684
16085
38522
14497
41952
68213
22704
72364
75503
31395
35795
97705
65576
6485
96491
66820
247
57367
33601
20469
12483
96686
54091
86023
33942
46993
85919
88515
21018
42566
94744
4497
83792
51479
78659
76520
24387
58776
15993
86871
98391
8575
22381
56599
33560
33413
52061
70024
51500
35443
76270
22450
17470
23215
61886
92291
81922
17272
88097
93540
71456
19217
72767
61289
52534
7758
96063
70253
7838
31098
49229
74911
87904
50122
70833
52626
51255
10331
36200
2635
93914
66872
82396
86543
85252
86631
58542
93790
69191
51037
82883
69182
97126
47620
24175
1550
49910
49458
15915
74724
41135
35952
25484
93324
49467
64784
94454
36650
57707
50938
81695
99227
54223
95178
10630
65774
25575
22831
5709
64022
81465
44411
95284
89695
49084
31676
73816
56109
89559
60051
40860
20434
22380
39535
41721
57179
77616
54786
64067
47526
52498
6549
73637
78371
38545
4346
54871
82765
86537
87101
58075
36635
16617
81990
61986
65372
72582
45025
20046
71513
82051
50446
26362
64376
87119
60768
92132
8058
34491
67660
30861
70159
16814
87841
92161
29655
93343
61393
8559
49053
4576
44476
82510
95610
55915
28298
92734
20814
14216
21953
61946
88988
77087
61782
32775
40543
86586
7545
9096
73728
14462
57531
94345
4236
7600
34475
4489
54352
61155
93346
9989
92457
80302
92574
40328
71544
6051
6065
46946
3834
48882
36777
93535
97476
31967
79188
63669
52259
97419
65744
22703
59561
19140
87771
21774
50333
14033
55608
77473
41688
23078
63019
24241
10452
62883
49488
23484
86975
42019
94015
52070
6703
66894
53472
79769
29315
86391
24506
58961
28509
39063
12604
31441
21631
49165
89252
15852
15476
95969
93711
48949
70557
12518
95884
71305
87337
30152
52563
7764
90195
54153
26412
91427
60455
28419
21727
63391
76284
64901
60842
42689
54998
22152
88918
98729
77247
55332
38325
12847
21262
44659
69022
13499
71448
86102
72836
21483
64170
76373
63053
97786
33642
14390
44701
64775
38713
26742
40718
34367
86608
64689
99293
62517
87665
31428
2683
617
77000
3220
32349
81355
92346
1174
46025
17939
95165
86647
33199
54618
31245
27036
83485
92777
43533
39725
39827
49728
46758
44188
49821
16189
87845
67368
23389
94561
37648
41437
18756
28996
22960
88911
69330
84074
79178
502
52452
37660
27792
91340
98446
32982
16151
50306
72839
62724
63084
11934
54912
73389
1881
18666
13395
22519
75890
49466
56969
53971
64737
95552
82852
50946
25175
7801
17714
19774
38948
88329
3932
85460
82580
75822
1749
8642
49166
7108
71933
31261
89705
15267
91918
21665
13916
82352
47023
725
86374
32386
97866
84300
77025
22191
57917
76629
55721
10041
62085
27937
29068
41467
9680
99835
78008
35734
59830
36953
46818
47599
78102
18943
62608
22108
61711
37759
4132
54334
60253
46849
76609
24968
25046
46840
11263
91889
29207
74829
4221
50638
41123
39386
48705
61172
84485
89404
59321
73479
27250
78269
21857
37747
96507
35736
4417
34039
81461
69132
59606
73221
50174
49193
70127
92171
73289
36022
11076
58235
32910
97320
4944
6908
30301
56325
21952
33435
23131
58019
91082
68284
16018
12455
39155
74447
93097
27570
53781
64955
57558
42611
41514
11397
54622
439
92085
16818
56187
98511
23578
75393
10070
6737
32160
1757
29768
93746
32878
70699
3410
11549
1269
41707
52491
88523
52253
94508
35905
41640
31381
27740
18002
54511
41805
98313
93606
79988
63966
41164
23700
18286
23727
76069
58340
93697
13585
21498
18104
64601
8895
5828
52705
86048
59023
77265
57827
65914
87477
69918
71323
94846
67960
67695
7547
70542
68676
99327
27401
16904
7888
84988
48067
37982
51896
86794
93899
8431
7322
65396
69920
13298
97773
9992
37941
64772
95146
69031
61451
74949
24671
40794
6615
90526
12500
89548
84971
61618
76015
43740
16773
93349
70839
46143
9437
13887
92494
91635
59126
7693
4781
67226
24133
91305
16712
81806
74797
69461
97190
13986
55578
69078
52200
5832
17367
90715
96879
82251
40572
72400
84209
53867
22015
7957
30062
41850
52673
52698
61299
12448
6230
4047
22532
87526
7166
49783
83434
36595
30431
35414
83076
18809
12442
13716
22162
63141
76046
67298
34418
44784
59388
9639
12646
34056
66025
43646
42439
54422
42117
40501
77327
87574
5695
26576
56510
34541
8929
64478
46330
45066
97172
9223
8337
20027
86740
83226
37173
49836
65370
40558
31857
9749
50971
47807
66747
85160
39684
49260
81454
55549
91150
99863
33425
59088
60210
25724
48339
18431
60478
24251
82133
62650
32275
26913
15815
8833
60010
84735
96791
16692
45363
2050
56749
53587
9430
94286
5704
79980
76081
52219
26705
21990
77759
47770
52939
26356
49915
90850
59281
2586
71284
29959
6977
71176
20925
86556
98934
23397
23971
80746
53243
28013
1649
22586
95162
36854
89793
93559
99109
61873
65141
94928
6203
55992
23622
9509
19798
42656
2052
93270
35213
47529
87335
95670
70762
85983
75153
48446
3436
46739
12595
23863
65393
29208
80034
90007
3736
89328
82878
78461
50546
97409
89443
23564
40710
91081
15767
95083
102
17191
24481
43789
38231
39052
32136
1583
18507
35772
9522
35975
13670
54461
97889
65463
96153
90398
65967
73009
15492
73396
18915
95291
8701
38998
17326
99453
48046
93289
59400
12706
57867
47549
31671
88774
66968
97558
5492
4693
86552
24225
42595
68931
81777
76856
74997
41971
87320
39248
19284
9059
56520
2490
57249
52450
94703
16873
73726
67871
73617
49179
22407
84408
4750
33777
69033
5860
86128
7071
50968
94308
74428
67177
7381
52425
76456
58553
71944
29630
72790
38885
29890
46619
97248
84604
87912
83289
29113
98156
48652
71487
44957
63147
75490
12739
6762
45090
6458
48854
70950
24921
42016
38520
96538
62729
53998
20651
71554
64002
41270
12450
45379
69220
35915
1348
57255
62915
71659
32633
57766
51156
55710
90569
45597
34161
35499
19473
83144
50724
85976
65173
29705
49037
45460
16461
61227
10479
67590
56328
68141
3690
27940
81773
16931
55922
49822
32583
6893
58276
11955
28814
69561
81092
68794
83250
30701
72361
38861
24085
93921
81246
62478
27159
52414
93762
6194
30275
20781
43892
68101
41596
80987
87208
59895
18680
47436
41690
73006
68877
81715
31374
91645
30500
774
9650
86936
88524
61030
95881
22229
92791
82542
44080
28510
65592
31241
62120
16991
73310
78285
95323
39064
28749
67592
52657
81509
84864
59112
58105
46335
33455
58642
64613
11197
86655
67997
95713
99515
87585
100000
36320
16479
66177
1471
32820
94792
12071
68937
84316
58648
64807
84271
97112
98717
88440
58808
62170
61876
24766
41873
36472
73752
17374
93865
38616
9273
57581
38034
22491
92502
23211
98730
95495
22530
56574
9765
14799
26106
48839
18700
83089
29118
69580
88816
76779
77792
3507
40815
51317
61943
39949
765
65515
54011
40094
46441
6236
9183
48564
87182
24668
89130
59909
61990
33655
26628
25900
96585
50586
68518
41621
4381
43657
81652
86906
76667
98976
39549
89278
45752
33564
94075
61996
40193
54471
63235
51158
94234
45868
86116
1839
22395
80383
46152
58633
18742
96751
971
26663
16301
65323
51518
41979
16816
16105
67189
17602
36336
76287
19600
4749
19406
38929
58620
93150
20005
15685
10919
11044
17755
4258
76055
23080
94093
68723
90265
41501
95253
57143
68214
38604
4531
63275
25002
5714
35185
41418
88047
55067
88908
23068
3666
22798
57170
25141
35597
61180
25655
81180
43682
50423
35955
85968
17348
67397
13002
19662
53242
18500
17468
84319
5923
58278
44900
10825
39043
77092
45925
48151
55605
17612
1221
26892
69215
60580
44908
51545
88476
60785
75299
3078
41774
79814
88834
76271
47483
27932
51278
95023
980
84775
69006
55163
93215
12261
74092
20850
27971
99455
89161
74443
29717
47716
37441
62051
61746
33016
78918
32807
80258
50839
30609
81911
37015
96607
16196
95753
70930
82892
24982
72489
85012
55812
12052
58017
54151
80924
41185
80081
70393
65438
85017
34155
31620
18411
33700
87524
66433
6095
41981
58320
47843
66653
93390
47720
7440
49182
71309
45661
2363
25666
52009
25592
21709
62842
48989
33757
32610
61962
62429
10096
78332
80411
28667
92118
75871
24007
71204
82209
44865
23258
86985
5283
3810
34695
7105
24232
61058
77507
26173
88713
53009
95801
73448
7147
94612
97367
96468
81115
49743
11392
70881
59262
90698
6271
21
57112
50890
90810
92738
89556
10609
86055
83634
95621
54646
1582
874
94292
6291
43093
42362
61310
11070
51141
9277
20770
74137
79864
33665
85888
75199
33723
76256
95756
20207
10573
93896
63044
53922
32328
28479
43969
74743
62017
85268
43694
48731
6199
91425
23716
90043
10344
59671
66871
70481
37668
50323
48466
47392
95761
6415
25617
37639
85978
91597
11557
34335
60336
29739
3927
14099
60488
93177
67444
96805
44993
68413
87104
10421
40285
58377
9260
95787
35200
99573
61988
96622
63508
50395
72430
89466
9854
17087
80771
77207
74690
73121
4747
82456
96835
48400
32636
4206
94532
51160
13064
99203
51654
20198
61872
49612
10800
9683
48265
60148
72590
78577
7170
10053
69094
28741
40962
29185
9663
14102
17513
85625
50989
53468
14522
77700
58182
33546
98165
97151
24779
44884
47774
22445
26606
56342
8533
18391
1016
79225
95398
6287
72254
41227
75298
85269
61769
22098
1130
54387
55183
29847
33990
50254
93113
91880
69040
14531
14621
38092
99782
73952
66521
91083
79750
18878
74255
61600
72154
49654
13457
64381
23014
90048
88102
87598
5745
59541
75918
11223
25930
94664
60115
22386
40532
97418
47130
99538
78985
57398
60726
93040
68827
37964
52896
90828
97049
47063
61233
4847
67993
29882
15657
47873
77811
28868
69206
2451
2820
99375
37748
36313
94838
87490
3509
79686
46896
51336
71695
42528
48209
47540
85833
47859
39591
81674
54408
9736
33649
19658
93722
34160
12311
12468
51254
7976
56481
40995
57210
97578
30816
14856
86342
9448
98015
76805
13563
53860
96278
82394
48275
31235
88724
28380
68249
26385
47575
63106
88268
63717
61269
19115
61217
49246
49062
64545
75635
16014
38280
50307
92029
80227
31772
76195
74318
20939
22081
10280
85526
86909
31263
32891
93400
24326
36553
36640
86726
58034
47780
41663
15728
31605
76191
4925
80604
74175
26481
64645
50970
24287
82541
15604
50173
30434
87204
81774
34787
46231
87805
96996
62071
91765
39544
90782
16380
89465
90434
79761
95044
45173
6234
82109
54125
43887
86944
21039
4914
97028
97510
96926
75421
56096
73822
94614
29032
37818
86930
85773
47466
45436
15891
81001
43319
47887
21567
65357
25887
81868
11366
36502
75253
35224
98383
59366
28143
90012
77067
19477
51382
55006
59900
13606
69270
78645
40455
2697
37684
35524
41794
20035
20634
97475
10827
65618
13649
3795
94676
66760
93532
41217
12038
20159
10307
26212
29835
31306
50385
4278
85
29507
19003
76675
39087
21108
64679
21468
5584
54698
87648
51560
50842
80980
85878
6641
17533
79993
93730
65493
8472
21522
15157
44898
82588
11241
26406
98657
64129
85174
66525
53665
21671
16837
70035
34812
79288
41927
55167
94759
64410
1118
1985
61629
65506
23512
57275
84478
77914
64068
48982
18525
49141
82562
73077
64954
54647
23707
31895
39414
18485
69521
96192
47031
25852
86223
99159
4442
60337
62108
11235
31704
38803
37487
35115
69846
59927
62998
82219
11803
76896
50748
96061
42092
21723
87590
25112
50854
78889
47694
76229
31507
24151
6223
6561
68130
23942
86408
18775
53487
37503
92295
54179
53056
89795
26745
98253
81803
16889
47673
24529
53391
17340
33849
78495
21565
39121
84916
41705
24395
94171
80269
32262
8075
50618
14345
89505
57446
58754
40913
98914
86643
63410
92701
71907
6214
38197
68023
32576
99388
49987
12765
43683
52574
26308
54406
71834
82989
47524
89155
71078
70690
41544
45316
2082
8940
61388
10771
23850
42759
77676
53163
87243
44936
23496
77409
62473
59245
93798
1894
32080
51572
46249
12878
45541
90090
87269
89594
56084
30517
86345
47311
38370
25307
21923
55132
70133
92117
63459
18228
56723
8962
29302
75886
78928
93732
7640
5230
11161
81810
33115
49596
41367
37175
77202
14566
2042
30395
41766
39307
17228
45042
93397
64274
20797
25881
72533
28467
30151
32908
76919
38547
46077
88051
19219
17308
95458
4663
69121
87517
54566
57568
21747
96795
86059
51626
56462
27002
16334
22803
46013
15804
16093
65748
92784
62070
84758
86917
72897
32782
56233
78170
65420
75348
39031
69156
71048
72589
63710
37989
62185
17302
84099
6090
63234
38248
22650
74890
42722
2281
49218
80288
58802
59212
42811
10071
61793
23633
99970
31334
24853
90611
43821
72702
59835
24073
86016
19363
33774
23999
50582
8662
80080
61561
25043
47482
3791
22970
43851
88691
80440
5162
59887
96945
3448
52025
81053
15360
61779
86747
14195
69444
2659
91869
87171
26256
80463
1438
78484
39024
64905
21940
31893
14626
12002
59493
66637
38318
86514
98827
36867
995
24923
66574
77794
34916
15111
71036
70788
88151
5876
60264
20638
65271
70073
72283
16282
53268
50522
95453
27026
14261
82721
45257
6571
46620
14199
31280
2932
86396
46571
90678
76387
90178
63858
26774
78816
9759
26048
84487
26204
2614
31945
83632
62925
55536
60351
89951
59156
4290
14208
85009
573
31498
71214
47384
63038
49144
43882
11106
59335
16024
14842
42808
48096
27201
60649
95440
857
8951
48998
92394
20260
9471
79707
87887
66659
7719
43806
18911
31363
8047
54727
63050
56656
89414
32862
19664
86294
2578
38745
63826
81970
22920
14313
56526
85192
75200
43490
22260
15635
69708
50810
33063
70021
9200
26313
31744
1947
23659
36397
4551
39
56566
76049
12766
55814
36145
70790
34013
43623
58573
2141
87836
14694
63142
99299
66066
37830
94328
10849
37383
41130
55646
16239
27111
40160
54242
11842
26846
90519
84409
22828
59761
66206
95938
71893
59002
36028
13264
20826
20480
359
40211
13212
57628
31136
93638
20155
43360
38819
6348
92215
6158
5502
75736
52834
49619
20172
23966
81523
4009
88180
89415
46274
8699
504
75025
5793
69103
84185
52434
33171
97532
10503
21424
69483
64336
62090
10209
80607
15734
31598
55587
20764
78150
36630
25478
98140
86889
92857
91550
21508
76084
94317
29006
96339
19221
42910
68716
65234
59568
22425
91962
45212
56124
43266
59990
25271
19355
97749
5164
48315
12554
97633
56683
40425
86978
88414
23713
29298
92959
4522
99739
50844
3583
19623
97057
82577
24879
35441
49162
41322
78439
88485
27147
42892
69327
84694
12008
20612
24289
20783
88162
91142
70170
7583
47733
23008
37620
67300
83323
71808
34804
30855
62007
22427
29012
97718
93963
76452
93200
65644
47387
14861
66070
11204
549
37427
19964
34882
49190
13035
76621
34705
66771
87189
38554
61253
50755
9383
11227
95636
96513
32234
52192
72103
91723
35891
4476
28633
19266
6927
19130
12390
44096
92911
6687
87693
8647
37700
15183
81580
65800
69169
79434
10887
86580
2265
75926
46494
98755
25929
77266
64766
87318
7152
9122
22754
24058
30604
49417
31887
6268
58173
85098
2549
50958
26486
49097
48934
10197
84384
309
94962
80590
33428
18888
40449
5990
77852
22800
85576
28389
85970
51068
71650
87414
22025
74332
60364
99791
37177
18629
95683
86902
12381
87045
24114
74689
55495
68496
83710
70872
3303
24037
83458
32978
51095
28036
87638
82147
91805
19250
24065
54085
73717
19297
12860
39984
44279
71143
57601
72794
14610
50067
57035
58328
80563
71310
72882
90794
20976
37167
49205
42885
54327
95651
52836
92105
59903
51898
17896
77684
86227
66409
95505
1308
87423
77703
5627
81389
55429
63574
57702
64847
52870
65121
56907
2287
37686
70291
45803
94439
90388
2817
49430
42507
98611
6360
93989
21336
92998
72382
84813
2087
91539
38891
25948
1967
70290
18725
13151
22652
10956
34618
9409
38350
38100
32211
64326
90861
47559
94005
30318
35132
50425
68555
67163
64638
36926
95102
28465
3476
25818
67169
68779
31350
81761
10580
17444
84338
17339
12635
58473
28900
13802
72596
74728
99243
15288
40637
64046
95821
2142
87089
58042
75464
75750
89134
17440
9422
63940
9612
51140
87459
80265
70938
17429
25330
5778
10102
91009
29945
78492
78067
25786
79414
72543
97539
75221
96884
66394
42794
11898
69372
94269
17915
98742
8292
16404
98585
62540
70175
1361
86127
88223
15896
67767
23853
90733
388
36057
95013
37300
77166
88178
54574
92658
56048
73579
8388
87082
45289
50010
96556
54277
99684
30113
6266
9295
31609
47314
80885
95091
48978
55306
40
78330
43175
24486
24235
2001
30598
50978
62742
78089
2677
92063
55802
33964
26833
75159
59419
17195
1282
50412
44379
64528
83592
91874
76737
71013
81014
64302
96260
91205
27021
28496
44333
89104
16847
49957
9638
92282
54294
98410
22256
56931
17911
30848
44289
36249
18240
49352
35389
67539
85719
25663
14286
12074
34621
65670
84588
31398
92822
8333
57075
23077
45134
47242
76733
1465
23073
79849
85323
68255
33795
85334
66108
48542
14558
79039
64134
68478
81050
67836
85408
97868
15404
87118
51106
8729
13288
30903
66506
25745
93581
58322
96428
13778
64547
10142
66622
82124
10170
34163
70664
18755
17854
65767
9171
35000
36633
68880
27788
20640
91298
98988
37780
57298
70717
99298
42322
91644
14459
3943
81417
21877
83756
34733
86714
54671
40284
39040
32001
30420
54769
80465
39005
33558
93452
93809
98129
92198
19375
26870
3230
98456
99910
33020
53981
38041
42023
55985
7736
16326
96235
64289
64293
42700
40877
97239
37718
13008
33722
45505
83786
46897
74207
51419
72402
15623
72857
72902
21317
64308
87817
99173
51444
92932
56672
60271
45249
83627
66891
7951
29683
85494
43700
48541
7611
26096
88851
70621
96851
19660
28604
37543
71916
53703
54662
74760
48448
44698
13956
63855
81387
25411
76696
84611
3994
30684
90955
26689
32180
42626
284
88996
8402
8019
83357
39376
79943
61304
9037
92999
82694
99003
87663
8949
26572
87957
64512
24990
93971
14557
61624
79402
71076
38640
7454
79322
18890
73524
84686
65944
78259
59920
49912
40102
68263
83829
67193
75616
33883
62103
28658
50195
95929
28215
1439
87680
82773
25596
89982
80122
69776
84724
14498
64840
37320
14907
48808
55640
13070
69682
99987
22390
9963
48057
75308
60047
76808
75716
21742
9259
14819
59461
29925
45113
89213
56999
51474
93086
36868
25111
32310
13251
16443
50605
94055
29611
56639
4163
75099
45214
98309
18790
97118
3616
81490
65866
70944
14095
88015
13794
35478
58987
60545
40659
39843
19483
51779
21751
64974
77500
7389
87087
28791
51978
75995
6443
93259
44095
88509
16681
59698
17948
56130
50642
18981
3609
61572
4412
59515
39179
68572
55455
3753
90137
95702
5960
66007
51456
97505
9761
52227
33167
19165
2469
6630
38463
29629
66154
21148
27698
3035
17181
51004
3483
41781
91960
20105
96055
61251
20181
83324
75042
86220
46974
76242
61851
2947
36551
860
61727
8302
28701
70233
69744
51266
1551
72672
56353
854
68403
51105
99856
23129
23346
61146
50070
317
28064
55796
35863
42087
44572
1225
98486
97979
84706
1123
86574
95737
96708
22408
99025
51571
26715
48677
62894
30826
80345
57306
17456
80210
39871
98158
1103
49152
67614
57769
45286
98485
78065
99958
38943
97178
22775
76954
22086
95639
49796
94114
15467
45660
84182
97618
3041
11170
40917
70042
54676
6818
88560
73668
94886
98490
62116
50032
62302
70269
76524
89136
57743
63265
53546
36029
17787
36515
84798
54272
26397
49727
44712
47057
59030
79182
69212
9539
21222
71437
1637
19244
32963
1614
25522
48302
89113
67472
73614
87430
89261
58415
55211
272
81054
23838
43510
58431
24018
79252
50595
33430
40124
41929
89914
33254
80147
87536
74548
93192
20905
53302
27835
19854
80301
78840
17816
35323
66802
6117
17365
49944
77078
7443
94442
28028
84349
49191
34359
64479
56966
4918
64803
14752
39014
85564
20370
60376
987
97483
44693
27407
13762
93250
5331
10368
58760
46994
1552
87862
44892
79666
10404
63057
74231
55297
40496
1593
66358
44440
87615
97872
86407
97933
2587
82729
77668
28641
55264
86459
70574
92276
59107
82168
48331
70575
22275
77385
72110
17446
11534
50615
67813
5275
54881
62664
66750
33277
73468
37462
57
68356
17912
44274
97366
77181
32541
11546
59874
72578
78140
58649
79952
9888
93410
86722
93044
44833
93504
65104
63313
72628
12991
44431
35319
90899
79150
31638
34024
31775
32229
3925
65297
17147
16949
66865
59299
7593
22500
53895
82327
16120
32648
95226
11017
59138
95107
8656
92272
60193
35570
13388
12184
69307
1193
53274
54735
65256
98148
18197
33864
37643
53422
44792
91545
88559
54319
20317
66572
33124
96146
73297
71273
55056
488
3433
7777
4331
99038
70316
55280
64668
36404
23585
84569
9030
77635
76236
49870
47122
60042
74818
18368
9627
5975
28838
71842
11276
21083
39641
27808
65067
45738
4685
37711
92277
52880
71661
59833
78423
12941
97961
81691
39427
39752
92714
94301
57696
67913
78442
39842
99834
60393
96790
94494
98968
872
58055
99490
66013
38116
2276
39272
33525
46341
39497
3593
87806
99433
9782
11698
17329
41221
78377
34452
44731
64941
29369
551
61620
16421
86496
82614
49844
1359
5495
67766
4523
18701
6364
66489
51902
86373
28098
28310
88144
82618
19021
90180
880
5741
96474
91807
41296
39707
43156
99409
18051
77099
55259
17897
14090
6251
64831
77799
32788
47768
17831
74147
55561
78087
72008
95472
38543
78614
19160
25782
7306
88594
54582
39824
5768
51618
11334
95492
75726
81679
36576
11820
58367
41529
63670
64762
29033
45245
16288
55223
6440
26340
85937
175
8827
52026
67981
20300
71595
60736
55990
3958
20817
61428
84201
24369
35615
67386
15308
88290
38364
62034
70330
97169
63624
3414
85620
61745
14915
71475
60097
20048
43699
34895
71480
28217
90944
41507
97375
84261
34850
17829
52217
86679
34337
81672
14902
59598
40225
97815
15770
49908
74926
34716
52116
91396
34915
5405
51025
44626
21225
28975
80612
5133
74600
59622
35357
25024
70397
22576
29252
33052
90370
89845
81227
41345
68638
54834
61548
908
65772
95585
43720
74996
24985
10855
49017
10903
44325
49398
1559
17152
75461
30708
2313
84374
23779
41765
21391
14077
88900
97380
6789
1323
36050
83310
51065
24642
80902
75775
7057
9019
82509
89256
73539
27897
60555
20371
63150
31134
36164
93395
34794
70566
62876
20944
98482
34657
65076
704
31814
89126
85515
36069
371
36245
58578
84179
53776
94124
87961
12202
74362
54793
86403
27846
94851
11599
51307
97648
6622
60890
45859
36352
60497
36752
80783
78682
65124
96492
80961
62725
85064
22659
24313
27941
96899
26861
38767
37066
58547
67419
76702
85910
37048
57052
37205
92876
6875
44762
92318
37455
87387
71435
41785
9356
50020
72832
52130
28906
4247
89045
27632
4916
23819
17125
11743
64147
84734
80597
51856
9062
8056
69417
55298
73514
6906
71932
27803
76309
88839
60289
45100
77750
98041
24591
87576
39050
1167
19710
63809
3064
2840
36370
62830
54663
89940
79143
16780
11752
19187
73151
2698
47918
34336
71315
50949
67076
8504
49122
61631
8226
61991
55607
63818
47709
18472
56133
5241
92362
84142
34216
55046
45945
68269
66831
88745
92380
85546
25436
98292
41103
4853
71182
16157
51515
24067
98022
96839
48247
59214
86791
47211
59219
70457
25627
77962
67227
46184
34708
28551
46487
86969
45394
15325
73202
66312
69304
61462
62232
97637
25032
12543
3960
62039
57804
81873
88751
90077
71755
46674
27886
29124
84421
8547
51473
80503
63567
38435
60494
83367
95762
16974
83249
50870
47875
9395
2226
16723
68521
98117
96755
5114
48523
8676
21894
16045
72727
76478
88706
34327
17317
47660
98955
79186
31821
98694
88242
26626
86263
70841
85191
51464
28840
98002
67382
46507
13284
60856
76995
6990
83170
84995
67918
55055
71453
78265
61829
29758
28122
26430
95186
44549
8864
88245
85240
85912
74660
61893
98583
36082
19834
53132
65220
21851
46264
38145
89567
97163
64525
45635
59908
42044
66466
56040
39278
33099
75314
54891
17492
78813
73368
71721
69643
51998
98609
65072
26924
98780
46631
98992
99938
4101
37063
6912
73170
21708
33392
69760
18676
84699
95321
14059
91826
59708
67888
50700
86724
22113
41947
89473
21017
27215
96526
60220
87424
81820
7658
51263
52417
15018
3596
42959
98841
62732
2638
41159
34190
20603
65659
94511
99448
57482
64311
45733
5110
81950
95638
40782
2039
84820
18302
96155
22320
21757
62678
95248
84234
94985
65770
56967
23118
42775
99372
84032
82497
88065
57926
33001
79554
23137
64595
20063
99321
30055
23588
37771
2914
82616
79833
1548
31670
69343
11253
31783
60676
56752
98476
93051
13191
71912
87404
58597
15392
85587
13598
45002
34797
14708
1767
12764
23459
72084
73949
37140
3190
28981
36179
40059
50725
10185
76679
5796
9753
17762
17597
53687
97116
81843
90749
69617
22815
42534
55973
16854
62291
84668
71031
84480
41505
58339
70100
27154
71454
87959
71380
46950
75584
59942
17463
5393
52562
25239
79452
10815
69773
5962
2642
6148
37137
42760
42218
46926
58425
20678
24805
91018
88390
21550
81133
60113
92306
35581
1677
87755
48829
43663
27301
40527
13512
96275
32679
20243
26228
8767
51230
99631
56805
93832
30921
69391
17069
72912
93619
8173
65666
19420
82007
45105
58012
70673
59413
28137
80178
15207
81070
93027
59427
52367
3575
85493
36673
40761
49594
67168
55488
67033
88364
76793
25399
69743
30877
32460
45246
26893
88927
51653
12471
7765
16037
31390
61868
91758
17701
97342
77165
78346
16803
1249
99754
11373
51860
89636
55432
17864
35337
98969
8834
71447
76783
50791
22226
48349
9423
76162
5868
69640
96307
75708
77600
72587
27116
33060
29500
98613
30878
62417
6129
6263
72307
18253
78760
70743
38384
98929
45957
83868
17201
1916
2751
44294
25518
64561
34777
77989
25965
81023
2738
67067
88331
29227
23418
87184
52186
62838
92663
29988
89987
65233
30067
17040
88820
55270
20405
34717
80496
47414
59814
70786
65028
90638
99901
84691
57744
77053
83669
78365
39966
76915
63298
10242
42876
98204
60322
2878
70680
84869
82372
85094
33330
64991
75216
18004
25674
98277
81323
96466
55327
67418
44491
42073
8665
43384
31267
67732
41835
98965
52758
13526
30865
38417
63096
26338
46880
87154
7073
83682
53553
32997
67882
58032
13541
77297
95062
58997
34772
98846
51126
56188
25470
58106
60167
186
39927
36990
70738
53224
9945
53326
20050
70340
63220
873
81538
65468
84222
71973
17095
17076
91941
99224
7276
92064
63228
44687
39944
17989
29789
57833
34771
74470
69649
57787
94891
82213
756
13525
17951
1065
53621
80939
4493
24269
80293
44611
52675
75126
95986
75061
14048
1842
71978
98579
56990
98951
5744
46986
76152
44727
5252
82738
27683
58119
73641
38051
6255
83183
5884
3601
35229
76747
47238
4233
75415
57812
9123
27415
54812
93576
75572
94779
96467
73243
49036
60578
1973
61547
88799
97892
20786
36775
64419
63750
4607
31786
41582
71663
93484
38295
13584
10065
67705
76346
12783
39449
97127
63272
73446
58444
46079
24038
95741
68384
98090
34805
22182
13965
2088
7028
31096
22244
45770
36311
42674
3245
46122
75002
17098
71163
96980
85363
54880
33332
2579
51212
90369
85688
6715
59247
36613
48798
26443
15803
2718
93977
14406
20723
92103
29458
83057
88756
74535
74950
37069
96653
85449
92335
20897
3640
83330
81522
97289
84066
48881
19945
8365
92670
58995
93118
85562
89518
85801
2565
15200
63137
2709
45068
36988
47183
77098
40169
99891
90773
77743
89625
71075
13726
96370
36459
43791
68854
93804
13519
16090
23600
35485
76290
62067
33885
88117
33959
31164
57236
39959
77985
93320
70992
22227
64327
5911
47340
25279
54823
36039
96953
25868
52954
64823
40550
7211
99477
53928
48211
55894
75471
93015
46119
3103
56081
22010
18893
30033
53284
14170
61536
5756
44716
25752
10949
17376
33882
43943
21528
19164
90028
48395
50441
30054
12968
54147
22053
40250
67968
95832
96833
17807
73962
86708
60677
61596
20364
50956
97482
30592
48928
15213
89172
71879
33499
3177
4318
81150
45139
27549
99131
43238
77944
57748
47428
97768
32542
13681
43382
1707
97897
97553
12015
43661
87704
64201
90290
94586
56961
15204
33983
35384
86688
21442
69324
83236
6851
54852
66558
4741
91950
54390
1771
74302
52473
94491
56476
55914
25638
96193
66127
64903
87649
59614
3224
98857
24129
26536
88903
45522
61495
7462
22336
968
78501
19599
94611
72742
20087
98835
65835
59593
42786
78639
35990
44525
11157
24539
18503
83213
14891
66193
65251
42971
89889
18523
8598
3663
61947
11404
67081
93228
36078
52295
95176
66850
17077
18281
42263
99234
62542
4470
39412
75330
30694
61763
12607
79581
81031
40735
16165
75668
16600
93538
39496
97816
33993
9338
50796
9817
94077
94069
68896
6126
56846
90098
78367
74857
79861
75560
96734
59045
31684
55172
47370
25658
29106
81098
77417
9362
52529
23405
68627
80530
12536
85225
23331
16096
25529
28883
29654
82737
14535
87790
32258
51695
94318
52931
81049
53571
44633
79676
65551
76094
65214
14455
45274
95235
54860
5298
85299
74604
32974
73278
35907
68758
83511
24226
58718
49927
4298
41991
28781
3931
68452
37811
69896
9148
52160
28957
74455
31015
52242
8569
26903
48199
50872
85265
4870
55534
25999
57444
31835
42998
45527
51243
17048
26369
71359
86796
34069
78747
53882
70658
10871
8905
73082
98465
49937
72959
81327
23475
30133
37898
38916
49291
4542
46695
84069
97274
34224
81225
6804
66071
17424
46785
92539
55090
78284
77952
4095
38297
39488
60685
94641
70688
12508
690
1823
40759
14151
35269
58446
70046
19052
10356
46817
37922
31625
41719
55420
18675
67092
87913
4326
12486
46531
18263
36318
41528
15673
10399
81377
53796
29229
46665
69769
63980
75812
37049
74816
88525
90275
5079
66562
63982
14619
6632
70487
42797
79895
51404
18338
9636
61767
67410
16074
56960
5202
35531
62118
81992
96861
84603
74337
44148
77582
69955
97619
35341
54470
48521
73271
31787
29485
36984
80468
83223
82601
36839
29457
73189
45911
7342
8861
24135
71596
79699
58897
60095
84224
411
8769
79636
2875
34802
2492
82218
84303
26799
2523
91468
55351
63399
41683
53079
75888
14678
97810
39434
56630
51733
53060
47036
7281
71139
94733
29740
37058
13556
37816
59184
71160
51039
84855
2757
48789
65451
4578
47879
85573
72674
98888
56120
74915
48409
95071
6697
68526
27593
47538
41536
70286
64589
13655
70531
81136
11921
59308
67255
19686
53589
36746
74319
43841
14803
87017
17120
27738
90145
13539
41436
2067
9231
49748
97401
65942
57269
88727
92000
86315
39808
31036
19907
70585
81007
47881
5889
76985
49457
98494
32144
37006
43163
25783
24485
14036
8263
76865
29855
67032
74269
3542
31335
23635
30757
27300
27311
11957
56687
1930
42764
13642
73935
88157
7646
11890
22259
8842
8060
60951
70615
74525
96293
45056
40597
3694
94946
3082
5215
51431
85971
54890
4344
21635
8534
29314
62001
26450
41655
82970
29797
91990
31008
43401
25704
99251
46679
10177
41755
60099
51802
18812
76810
60360
31436
38751
63989
28888
10954
10431
18183
91225
71599
21617
14750
8880
51924
64321
11501
93850
82719
18215
30360
32129
83986
5394
59081
40911
68913
89148
52649
21808
13757
11478
11675
21523
28045
48174
37870
70415
58747
32497
71702
63917
34542
39777
20668
64708
14559
99238
34693
65310
33521
75275
10610
29465
15280
6530
50892
23061
86270
90209
99536
43838
60653
63906
32890
70994
57947
89639
13041
80679
68454
61747
51913
76907
41858
91002
17333
7564
24205
767
98189
12601
81964
26581
57252
33604
43083
69143
48599
74037
25289
18995
40349
34970
34244
21489
62068
43102
3344
14688
59186
9163
11690
79859
19769
53155
57941
82832
16846
34845
23324
93966
25730
34035
10114
83809
64483
32335
40127
7252
94066
6317
69435
63372
61237
77009
46399
76240
29587
29171
61559
82068
70954
91978
38239
73273
52589
30618
84812
80789
71986
32325
72021
16101
7174
72691
79167
13695
63834
18663
61929
16870
39730
20333
56466
94637
61757
16992
73799
6501
70120
69891
26886
58469
61417
2916
14582
72235
22609
79866
63677
93845
94929
19384
78782
38546
22197
53104
91824
29891
69339
38290
31291
3376
16072
18558
5499
27690
68660
58744
72450
34868
73455
24636
53525
66148
7279
74524
78819
60637
593
75547
85535
68703
50178
11608
97143
20174
53956
8016
32484
43754
46914
74262
74329
2990
83840
45447
6583
51823
69238
41812
8413
93517
86782
92241
40014
2788
56771
22896
1423
22666
42266
47101
267
88866
27078
92862
72663
5451
20762
36012
35208
33136
99035
32608
32523
9344
51799
57590
83001
57480
43201
62011
86438
10812
15843
64065
13301
50904
20036
42474
40517
82947
47350
87512
67972
70866
2219
8272
36236
99607
36009
96232
9181
6725
85300
83120
46088
71868
47251
19511
11103
8768
63531
24416
50171
92254
53795
10086
18387
34710
51622
80427
84778
8386
53313
99197
39726
58830
23476
46709
8672
49095
12171
50900
55064
28910
80694
84390
2616
70082
27810
977
20032
75269
12375
93459
8396
21805
63082
91149
91656
16053
65547
19275
22058
28775
18195
98753
54584
65111
78057
61293
18181
59881
89065
73425
12702
82651
64175
94086
47602
24607
69097
71675
4651
80830
62062
40027
11213
65915
99355
4816
53520
1682
82318
67309
20528
13385
53950
9777
17551
86999
46613
10969
51487
21519
33256
12359
23377
97176
88865
97411
33104
72886
62803
164
61737
89070
86360
11839
76149
1877
62172
9940
64048
15885
78188
57705
11889
26514
8711
2848
66153
1353
1615
45133
29383
33806
61243
75204
11564
64250
21848
283
66795
83859
73502
82312
77493
79720
11146
39170
19684
20033
94789
67621
73132
81828
43295
47292
20419
80260
81292
30989
19727
43708
81061
44903
62095
90480
45314
79481
93218
69651
88078
72438
25928
68499
73142
56542
66571
34235
69514
82376
45593
20812
78331
68581
9299
94674
26195
46328
14391
74271
40845
66742
98673
41895
5963
30574
51362
16970
19215
35212
90368
55956
20966
65749
16491
68954
66642
13354
44518
91535
82603
66716
61811
96927
63661
12253
31078
17694
76360
39727
80154
11333
78743
84859
86290
25293
89935
85709
66052
70454
86238
50800
65254
89384
22124
33645
49747
66660
11816
90686
2736
88844
58421
57965
86204
74450
33151
51124
17379
82195
13554
97625
20564
61557
52152
94068
41753
19923
42028
45574
33951
6010
10157
11993
67127
73178
71125
99643
44875
88920
34191
27579
5287
65534
94310
12919
22632
76600
77235
38835
87416
56184
57854
24230
32425
46508
44103
17203
24070
33615
60719
80583
15501
20650
55015
11667
94396
67678
22001
62723
59241
26881
80116
57697
84675
92924
19759
90822
87987
23529
49986
89831
45887
54
16597
45366
50718
98179
794
59615
17514
60549
21059
27540
52960
64585
39582
32694
66842
84628
99065
28911
96131
16367
82996
65737
4632
54182
6128
148
88680
88257
89547
66717
76035
77722
34037
43746
14836
48679
29964
86433
29646
56829
98651
75163
16210
47464
2423
36823
76392
85656
72258
9462
26963
56951
40539
13088
62486
70638
82070
3888
55604
7760
21454
70914
20427
13180
19083
31781
33568
62469
83882
50665
443
60635
69460
78765
60880
85090
60802
54013
69638
75284
21702
14316
8685
67663
67982
40733
77299
19549
53890
57566
80808
96318
63497
61056
7706
16538
45697
10653
50328
40026
94824
46863
8444
16250
19263
56238
62032
32280
13055
12788
29934
84418
69765
2808
2765
76974
57114
86351
49065
13768
95709
19132
41884
16004
83847
67750
20632
48984
42154
61724
55029
37824
89245
92432
24474
35263
56339
62292
31410
99057
86899
64041
4432
1159
84554
58823
1392
98525
59288
25265
12957
67825
44345
84278
6208
35482
41647
37459
52933
26717
16025
28369
92723
36334
95543
44495
12772
58730
44905
5214
79520
49977
34141
90977
94504
81255
13265
39416
49035
14121
26004
41956
29487
71510
33111
84981
25926
32953
24115
1102
21836
87581
19633
66851
9025
87651
26556
25500
62176
69934
35514
63344
87469
78221
25217
11521
35242
5727
53536
53631
47611
72694
21892
15528
73195
51385
2652
75109
77138
18861
15026
33966
59974
45614
19033
79451
97599
89296
45398
28362
62002
35756
52990
68860
730
74860
24926
22757
74421
49964
18543
53756
56890
16744
7792
61232
87472
88336
8264
89407
6006
49000
15238
9763
91537
16876
36458
35318
79199
51041
24752
95559
280
9687
5231
23706
23728
92888
19892
13971
6853
39500
21286
45876
14268
93663
32864
38696
49835
49621
60221
2827
13954
16735
58133
3568
73576
59457
60215
98575
85927
22677
33859
57924
96360
73420
23220
53154
36425
85453
57817
5631
46189
75162
79
24295
13036
89840
88877
1394
29141
61423
4405
44004
59811
92294
38821
49608
41029
63458
2376
40086
5942
79327
9121
9563
35043
58292
84172
36700
7194
12383
19014
55980
22428
31984
48128
65674
49856
3935
66976
22726
55108
78417
7433
37037
66342
4623
3920
85829
82449
73066
48335
47721
16561
30165
78191
10658
36026
78807
73101
9693
19341
24886
57675
19490
60805
22063
472
74669
19926
72113
58490
8849
20484
74971
89948
98752
69336
1209
31559
96485
60707
71457
33726
17517
2433
98150
51665
2599
81563
87253
82921
11060
81974
93682
60611
59805
87062
7097
78571
2369
21648
31442
28424
10810
79111
78304
30644
23731
35637
31906
37335
72775
82161
35287
51916
34563
80745
35408
92858
3801
96533
78458
94558
89226
86388
77171
78958
838
85472
81681
798
12809
79863
9922
46453
18548
26840
83064
10363
74456
72145
367
82766
95104
55209
29205
30359
52318
82805
62498
66401
63072
10934
21223
91376
99366
90042
79431
45946
99168
64864
42995
97236
31119
99137
45265
44010
55410
48143
11302
50183
1411
27490
13443
34894
45683
79669
57203
80109
40693
7893
68917
90317
10191
84662
72122
23065
51228
67004
99271
85799
82001
47048
7908
86046
34142
18635
17143
20426
98666
16486
83911
37573
79244
14588
82903
6394
65803
14136
82411
44371
29536
93515
60155
87532
95150
29175
29352
1847
50936
57014
7962
28399
87852
82427
75084
90835
12424
3441
16822
29159
70001
75088
71348
9244
59779
71790
41489
83940
24513
85044
89124
65244
58360
32227
33227
13020
24560
76086
39521
17578
23798
74115
13026
20766
17944
65066
8970
55415
30367
90821
71430
86642
42447
95043
34171
3565
27705
32981
96016
90425
24782
10067
99706
8052
68109
75807
43592
29471
3127
65589
85403
56533
28738
91091
17784
90311
11569
47749
98513
5050
77515
49060
29291
89977
90847
18224
94814
92446
88964
69882
76973
38983
65910
13774
4872
87126
78283
58327
73094
57952
74284
46836
54479
6310
59233
58255
70366
4204
68548
45703
3394
46810
11972
7153
32073
31011
30386
82789
85911
55198
93184
85949
2528
94102
11114
88783
75752
24259
11648
68353
69193
82083
27551
42513
96661
24924
93026
36055
54224
14962
64468
87150
84840
64962
78327
2218
41584
85863
59646
37555
78266
79026
44586
44137
89431
22604
92311
10978
10420
38306
92472
16674
58951
60423
77101
2557
62721
12027
38328
66569
96643
19590
43526
7300
345
250
12013
96209
34631
37030
43920
36609
34146
79064
91771
45837
58096
94505
363
15390
52053
78440
2440
20203
49240
45403
59695
58703
88768
67233
45753
49070
96741
67261
17834
29527
56411
68028
17934
59434
80432
69558
30939
74648
64344
654
99905
48396
62186
28813
49877
50400
45847
32301
67823
68112
16946
11435
95531
35142
16401
43042
91473
41445
44837
50149
22459
59075
36416
28980
49126
39547
45831
66337
17783
75855
61709
8539
20955
77425
35850
14380
61639
28806
25230
48804
32705
56970
58422
70277
8295
17180
35673
47265
62077
35641
98801
85961
96026
55451
43738
79454
42251
91300
27124
55591
85114
57345
66286
31151
36776
78314
82786
30737
79562
53463
31842
59890
41315
70094
31959
24720
58181
26364
85936
78146
53099
4284
6037
74931
28295
36295
88672
49988
24119
52398
33653
419
58464
76602
44146
34889
70782
97269
36466
69021
91849
59003
28416
71381
67646
91686
22736
15925
56348
12276
17542
27365
16047
91514
19782
72165
32481
88806
6948
73558
45819
62278
68650
57079
95301
75844
73156
147
77534
78447
7565
15486
79841
42504
40389
96757
45995
23005
37517
34993
19910
27460
5572
58439
53995
63578
19078
36796
12048
82916
30688
67812
80386
98948
59937
30004
67080
73776
12059
70828
66137
27157
15916
93595
91898
75946
76819
81962
94060
5169
88216
95750
12795
39771
11037
96527
70769
74054
86674
76308
64455
59151
25994
70716
82684
27059
68226
98932
96752
64112
95746
41273
62124
45078
96574
68453
47419
45684
90245
91064
54019
82988
26568
12837
55903
35348
86412
78324
45594
85038
85959
60428
82131
24050
1056
99233
54097
41269
91838
74847
4798
92448
18757
47395
41994
65901
64059
13293
8430
92990
27628
27650
3851
28021
42452
66319
88271
27917
92054
693
59980
45448
15058
80941
38679
68175
88780
82523
26690
66955
82164
88259
12819
46944
70702
57349
30524
6469
20820
24460
69635
26474
42945
64672
12647
64719
91618
78618
58522
47194
65628
67102
52056
72667
74032
7476
52088
11123
52778
7006
56354
16718
76173
56194
17017
8227
77864
14240
70432
5361
11723
30006
91411
97261
4679
43666
80510
20735
83331
97468
92379
54348
2658
79917
15811
41369
77970
91615
36649
44715
11361
52419
85873
13884
44823
21272
61472
26093
30612
84787
62087
58165
54315
40342
8220
53458
42176
31450
71140
15530
17720
9321
68014
73304
87014
1634
69798
36068
82261
18341
61181
30177
70560
56878
15588
78690
95026
47544
42537
91751
2391
85340
66151
56626
90713
66080
67900
58069
38264
91853
96749
7409
30775
33647
97334
29564
67738
29350
80819
82593
94394
23329
76280
723
64133
54608
69782
84085
65643
27767
75936
14647
67055
59641
50539
56811
88961
24884
13611
61744
2839
21820
20927
8806
13477
11570
49758
51108
41793
94677
85588
33987
939
86663
98305
1444
74686
14669
41085
95229
60053
82843
89132
89331
38842
84206
4498
7955
705
56761
52670
4666
46580
49644
47941
28297
6902
7347
77977
21188
7947
65046
93897
70651
1795
79908
77268
93677
74753
37653
16845
11652
37397
7793
84882
68359
76498
57234
5441
56877
8419
8640
7642
46529
83457
8850
46402
49201
1408
72798
74767
62661
15100
89108
82826
13510
62506
12891
61082
80236
84524
51821
25631
53362
24304
74118
61133
30935
8018
81428
94352
18839
28586
38768
64238
18284
2414
72365
93928
97658
81847
51843
6204
48924
50135
99849
74194
30492
71103
86349
13471
6215
53823
70064
23041
48509
66501
42886
63555
38094
29884
47207
77954
34678
22203
67286
36074
82620
53708
39347
92551
51398
14314
75128
33626
32359
71385
27479
34577
17668
39408
6091
81653
99281
64217
62110
57139
830
64018
20511
65473
4561
55638
85641
16578
27769
7812
7519
74214
79224
71328
74976
83647
8610
2933
98187
80757
41549
92967
43505
74087
41276
4355
6778
18077
10278
40295
16875
12545
47915
78258
37293
61013
9553
64866
74320
50924
56503
9830
20044
71472
85804
65522
92017
76788
38507
71450
22787
96995
76075
56134
24126
79891
11118
69114
54899
942
41127
44541
85310
61721
17335
38682
18450
87531
91114
63688
75977
2870
39761
47055
37865
74695
27853
12058
62005
83589
79624
5084
59206
92624
77572
72167
67096
40979
22607
45495
15479
53071
72063
19512
42114
87795
22937
87971
80520
52340
53974
7867
26607
74904
63554
11973
35670
90006
79004
77302
67817
60583
92970
98796
9635
39514
92351
87653
33353
52266
12200
38405
57041
59991
43275
8883
92232
83931
78913
42027
58026
10133
7961
8618
52399
41094
53397
16565
8643
60207
67468
4358
49003
991
57757
96124
97359
53619
53404
41402
3261
16192
67461
82025
42375
70973
3184
13237
79394
28847
15569
67496
76339
93164
50126
47578
25329
92606
79392
5006
38313
18123
82173
30879
44973
35515
11359
19328
72066
81395
58790
56834
86072
3219
15301
32831
72429
81042
22579
83521
89770
6550
87022
34295
74768
93402
46764
42238
81540
90790
48427
87870
78922
90596
2667
38296
19723
75155
88960
95646
62129
69140
94220
96870
45616
40713
24339
50160
98346
41949
17266
90628
35078
38332
36340
42868
65479
63588
94464
6551
98398
11315
71543
89907
17301
82047
16883
43518
80185
31081
63791
7622
3953
3808
4555
68239
63698
44152
36243
24598
12869
93272
64575
78999
894
30159
63626
21055
58639
20579
66449
75552
56490
93959
13233
9867
39214
40778
45138
13021
38687
88641
31567
35201
15385
73551
23854
3693
66429
45153
57225
8172
58204
11292
87893
68070
17726
14982
7074
98518
38984
79002
50188
81458
17064
91318
33253
69328
62851
1309
1111
76755
86020
98065
25156
88880
52849
2894
46073
17089
17347
47283
66242
32003
69257
58428
69634
6823
77868
90830
33897
92740
28891
99214
14999
79312
41192
2783
85605
23481
31108
25287
83224
7426
14163
36221
49001
43418
48498
64897
97871
63339
3452
57329
99514
68337
95963
589
12345
78434
93252
94907
50492
97753
83928
31689
82477
38158
52454
73921
55519
86358
70372
96872
75960
10899
88741
15410
90323
455
49433
94986
72634
15606
78942
11236
40624
52420
58672
64666
7710
79748
84337
5917
46388
28065
74899
93299
23557
17813
79501
34065
24476
84994
47606
88189
42625
82631
40729
18947
39570
38410
33327
11426
55180
87601
66703
41603
7967
7775
83561
58285
67109
60235
40589
53036
53061
73951
52582
22280
46670
62995
95290
85693
91595
86561
76334
5813
9486
90576
58864
753
62657
48637
17593
80188
90020
23898
39383
89515
27725
65872
87429
63257
24113
56528
35210
61907
31942
37773
30408
45768
93600
89701
74288
15646
61020
39425
2920
89037
96042
18569
78408
52583
30361
59437
25488
77462
61052
65160
14378
49872
76231
75384
36223
86389
86280
62635
74314
62494
11033
25295
32204
34455
65957
8401
99581
6696
43476
81477
37199
69515
93591
39243
42321
33781
37094
7810
57946
61249
72871
97934
14185
8574
9193
2270
63033
62076
85991
76618
78122
2179
34825
93721
19476
34268
21323
83365
67152
80592
29222
42569
37801
12254
48713
98641
6269
70206
11291
70174
79672
2836
76951
75328
96816
34677
97171
91056
30209
6710
84593
1525
31054
48831
73923
78661
4133
68628
87717
8848
9342
17773
10208
64423
21895
90915
58844
14342
42649
80170
76372
40168
81293
43681
21404
33298
28113
80256
26310
78029
92341
26531
91218
56619
73666
65843
91124
69637
3359
57943
4864
54037
78196
89824
27599
73320
53138
59969
70931
82849
4653
5465
53443
93917
8118
28831
54906
83079
61038
57794
14813
62047
92233
1226
56472
88379
33450
75625
90680
1243
92804
8037
78452
97988
31302
74897
56544
8950
19659
12614
5841
70243
11194
41141
36297
11399
57764
14491
53788
81877
53190
32761
99297
34265
73491
18780
97546
7234
89447
92530
99086
82938
47557
75848
38443
1529
12690
83712
5136
28356
66381
37194
1049
41996
9435
69314
19019
41521
17298
31894
24612
50139
58625
73326
45723
38848
6330
91734
23244
48126
7179
61995
17404
99348
82895
65781
39516
28873
61355
67833
26566
99034
9559
53738
51672
58076
48196
11084
86612
34095
15856
97197
34628
71121
98439
6387
7536
69360
92829
51155
41872
31757
35387
40728
3022
99635
8259
17903
89931
14335
2304
21967
96294
51285
14410
88721
52937
89538
17235
70050
93872
45843
55895
3856
20031
53305
64729
62681
52668
63831
76022
65137
25712
38621
84765
5315
29169
32338
98890
94045
67574
85121
36901
79056
45417
2351
14130
6301
501
22433
24473
3578
38757
69706
15022
76528
64685
31473
48121
90442
14741
53582
21285
36791
25203
87004
31791
2486
82013
40230
34057
75562
22440
19606
42269
1189
84231
28367
49871
53791
43390
40204
89334
84753
92696
307
67295
15774
5211
86706
19724
3272
91079
10004
46187
48546
23469
38657
84771
97231
8952
86039
12478
24257
77093
63249
93893
12423
93817
28225
71157
97770
59745
99575
799
31972
36982
33994
24988
73758
18219
10877
15434
99687
76543
14733
11188
35922
29119
90571
73163
10250
77446
89354
24977
77114
12908
47114
18085
43354
29921
76413
24199
2357
28885
69340
58062
13542
95267
53256
49610
75739
7238
60861
61692
22088
19524
42586
28236
53266
11097
13304
91899
1816
27591
4042
69269
62346
54616
98786
47753
59290
62709
12871
22540
29055
18463
98256
32903
92879
72626
80568
57068
11347
11669
25662
87450
16384
61730
70908
12622
32764
58014
9673
77981
87262
63110
64174
39870
81744
45623
68096
48163
56564
30201
78062
40122
18927
96655
18145
57212
34841
5158
94811
33927
94076
84449
95802
91627
29968
65885
1270
55828
48821
82071
19536
39103
89484
662
32451
85531
69484
73314
49086
98174
53033
99683
20465
46482
99058
7726
47999
98489
44555
18695
10638
96969
6670
10407
94500
16199
58018
72419
99570
15351
2400
38074
91856
72292
77362
85102
57277
22646
858
26783
31540
77621
34988
64187
61455
45369
1688
77485
40504
30125
7258
97005
9691
70678
42691
95435
19531
50688
93937
60772
65660
5578
46493
85650
79058
91715
983
21853
81893
37618
31673
10155
80821
13537
21113
37894
70632
68936
72548
78430
36644
57932
28291
71684
52153
17818
57638
91045
47416
91128
36652
98405
34281
53809
34046
90582
61050
37931
94416
98958
32420
78165
77215
18166
15927
90440
77730
61476
96859
55832
41427
79697
17588
3647
99334
54934
42185
78152
54902
8371
58252
4688
30925
37255
28901
32371
45997
48354
89513
95961
53989
70588
26541
61040
68777
97797
19354
73372
17570
92824
36614
55718
27348
31520
48378
63856
92484
32841
49481
14660
92917
95516
88973
26813
33238
10221
80761
2588
8789
11654
69926
6066
54635
26558
55551
2977
79036
19974
5968
4698
72062
6098
86347
80273
96613
84475
17867
79850
93831
62985
52342
83893
37371
79074
56762
72872
27255
73126
86159
25373
27833
81209
33548
24196
77430
24442
95101
15507
16361
70088
35835
64454
38053
39579
99524
46418
19946
19652
83314
17428
12470
89195
50560
28839
93377
28547
83763
51057
95420
72115
3622
74122
64416
5326
14480
66003
76945
78838
93734
27780
91424
10336
26192
3046
97272
1276
59751
10640
32474
80464
16193
53521
6176
12132
94738
13750
3136
7766
25927
44753
42062
22382
74169
22740
91803
75743
79195
92979
45902
74954
9552
47029
99702
26394
92853
33297
56791
53113
49012
26905
75554
88597
1424
32947
30304
10251
83083
31907
51866
90669
29353
29211
33350
40555
89217
12956
59813
31176
64137
12387
86965
67057
87838
41728
7814
35640
89488
69146
4000
39917
63863
32330
64514
1992
91681
28930
17151
46516
77662
22711
4453
43982
40992
36582
14929
16109
39407
95699
60008
28729
39246
87390
13650
11467
11094
62390
35833
33292
33503
72550
40043
82315
16510
87671
32602
31133
84851
45130
83441
80200
69604
1497
64347
46430
24964
57244
69213
24554
76471
245
33190
6161
27482
97434
16206
73924
94447
24561
85033
365
50023
6764
80344
5271
97470
14602
46290
84680
30658
64475
90617
94004
70666
44929
93374
81080
61920
58048
19287
55752
97812
18069
88513
83312
80351
12738
82299
8540
40565
58506
80547
7414
15970
12734
26503
25072
73882
91753
42930
98468
99479
80851
11893
5755
21927
27175
14932
65789
75519
478
41720
68770
82683
3088
45404
91173
90534
12196
82307
5479
93267
80051
70887
63417
8733
61844
76785
81639
65266
34052
97141
87498
31074
53556
84725
27430
23993
42522
40114
86276
87461
1241
71133
93059
82875
41636
52099
98807
94708
435
15841
41456
26939
58250
71537
11218
49432
78553
46673
7168
80850
9528
36361
96267
1685
19668
57710
98053
92145
36286
1140
55398
51335
70007
69828
64141
89603
12472
18043
38307
16738
15355
68416
33009
71627
94426
62456
62046
77830
45390
51971
90109
4754
43826
62058
79379
72280
78032
36020
78390
51202
20599
7446
42749
58180
9529
48152
71097
96667
21957
24828
90291
69727
64252
85373
17659
37677
15304
16137
17802
87691
66494
22676
8506
67567
64039
56764
6675
91580
34753
79539
60179
141
85724
77094
70097
76304
91522
66816
46282
38548
57103
98487
15997
63616
57940
74367
72130
52920
50579
50038
56816
73214
68636
31587
68010
1980
83151
70336
91146
43076
61004
64673
24177
33033
73818
16125
25404
59946
82810
37162
63207
88967
69083
35653
6420
22934
47206
65950
82021
74762
89714
77687
43019
96677
96647
87723
19433
98831
94297
98980
5655
49512
17226
13632
19096
11952
77683
67422
33718
78157
48503
60858
6359
41018
77885
70423
55610
15070
75531
2166
9981
34176
74629
51361
99280
38584
62700
74149
39140
15637
91861
47984
45079
21973
649
86419
92867
46729
59963
75332
59301
45531
25621
93514
34592
71961
31979
58279
59251
98517
16961
57973
27931
31715
16611
83959
79788
58624
62440
2965
42966
15727
19057
94810
18473
72713
41739
91116
42715
95057
76291
82890
85076
21844
26791
61195
72081
19436
59539
46072
5021
5530
43426
40592
14703
41646
32161
15003
57475
98229
91836
79806
50874
20216
65788
64463
3352
49203
48959
23238
56921
48992
84999
36817
61127
36572
90923
91744
81546
97200
88811
78523
95389
47276
40089
54533
5374
33644
36604
88407
99362
25382
79994
12576
61102
8330
11676
38137
56463
47152
60371
28705
40777
25057
26518
82113
29995
10665
13013
53066
62132
15147
78568
49437
72749
90231
60058
58357
70941
73963
62236
69704
77603
28592
37836
95869
21574
46608
23098
97819
87206
21607
35821
26199
25244
75680
20536
39450
25179
73627
16281
38337
15882
27177
60170
54204
74281
98244
52866
561
41153
40667
70344
33178
17162
38996
90557
48139
48921
22510
19018
32348
55012
62457
84784
21410
29972
22333
43876
10334
78776
41897
35744
31858
80725
98556
95132
36203
72219
48249
89785
60237
66040
6007
58314
58362
55659
31057
63167
19785
23116
2766
1377
41546
49502
48399
19928
27768
81505
16937
35074
67706
99880
33759
69093
12206
41077
61823
19530
36761
22441
52108
48136
27786
89686
6728
77696
49766
99552
19020
60822
2637
30179
99830
81899
25387
75353
21602
58590
85001
24447
66885
6407
79499
826
83492
1900
40682
22534
89704
4171
10793
85627
78240
28584
59863
93874
83747
93405
432
62621
45035
99759
94493
96326
93718
65698
59204
17494
20014
67207
8805
81205
76041
84531
69694
16258
50783
83000
31667
95
12435
91189
49580
63428
9396
14271
53381
45111
60669
25531
83304
81478
59064
55891
25743
54522
23625
16219
95170
75641
49388
42736
41896
23292
37105
14227
19155
32746
51851
30324
51139
69290
28442
8741
7012
59466
13923
74454
11268
82404
52621
76460
91699
29190
90703
81703
44329
20091
67538
83463
16472
48834
29107
91106
61633
26328
82589
19595
29841
27279
60922
69089
97823
61231
84932
4320
14337
23038
96746
49262
18163
59852
9031
90036
84707
30942
32391
76453
7843
12305
11625
86856
33401
49531
35141
96974
87331
25698
96629
96895
29495
9527
15158
60397
66869
36461
91265
37614
47626
22322
64338
94016
70276
95490
42437
20458
35215
39475
42422
68804
49462
77632
15950
66904
21566
95988
19787
52509
86262
8738
58931
25945
46051
59100
69821
49689
7294
91364
10243
56782
1389
44297
86570
38230
9653
36743
21312
91019
2197
33131
22282
94137
13370
10961
16607
12431
35266
2746
55068
2655
34963
2217
71082
36432
49441
36596
56833
64989
42069
29164
49442
50636
22470
45376
14539
60312
40326
43973
37886
35198
60127
24688
56796
40025
89305
99571
31132
65086
68116
90874
64769
41160
60829
22619
56099
26014
85368
58359
2688
83309
26345
75694
54454
80325
83733
46364
23304
99488
39495
74938
35885
99424
70597
77908
54478
77951
79443
54804
56042
75175
18010
83564
7854
1149
13223
38794
94166
45140
45926
4533
88454
95223
63598
58525
6896
1642
2300
64587
87538
4182
87334
71581
23756
57534
52606
24147
35862
9516
36913
74119
80096
33842
64155
20249
23166
35812
78752
40163
95851
6185
51421
12212
48352
37130
26121
8253
3777
83988
32260
75693
31739
31355
65966
51952
26227
92837
66602
38314
70163
99695
20400
50279
21592
83542
45061
14365
26271
28468
55767
56090
428
93247
41466
96251
41527
32592
54513
71421
37301
12084
1678
5525
57992
47790
1645
47930
66566
3635
93871
38833
50652
52974
6965
64882
29522
65064
674
36410
26056
21981
29676
50951
4391
6985
3664
84682
2371
49420
80131
18349
84941
50375
33079
37278
14205
99911
50679
29538
34769
48451
85427
23452
58391
50807
92841
18403
86
21250
39314
33150
43298
92747
52433
9287
83276
68995
64726
23675
78027
55494
76921
77664
58788
27888
6713
34685
31573
67090
43022
56190
62602
12833
78498
74010
45058
64510
91102
95887
16831
68958
37433
12109
21338
19571
22093
18242
94479
55969
36704
70649
55002
89166
61924
32806
52886
36886
27676
92951
72174
90511
60361
62934
99428
22046
20479
89784
44537
14389
32053
99711
80514
48129
96324
62507
19305
56300
98798
48306
54572
62686
32088
82998
7708
54945
92654
84122
88692
93239
8907
27503
37712
15981
93995
28523
68775
27692
15788
47073
38432
17678
5894
80077
8549
18440
18407
64741
68611
1255
2187
70023
43241
23615
85974
8966
88208
15701
86355
20422
35860
53441
53725
54703
68675
88590
83865
77526
34890
79856
85278
27982
82184
71945
47133
43898
27268
77571
95184
961
61771
46644
16788
51889
69055
65721
33086
66470
21628
91714
83503
92745
10722
4952
36218
92558
65535
8801
20903
3688
96645
62158
51249
14043
13638
14796
75476
78274
5628
91926
35018
38374
29378
37622
1285
12473
39039
14731
79138
36065
23082
34818
84801
10922
98854
83693
82706
11634
31464
96576
95752
51224
97050
61904
83187
83662
60373
63119
21659
11148
59655
65845
19777
55009
11700
35919
92139
49761
16589
5311
68846
65376
44186
10555
4259
91505
65521
83438
19513
45039
68208
31388
99286
39251
67501
47604
63108
16628
69815
50517
13058
62963
79234
43456
38164
13737
84424
65895
55154
51818
84815
30537
88679
73315
65036
21201
18510
97161
26164
26319
35981
4263
59910
71559
51756
29695
71553
57808
50087
85266
21623
12167
99194
20106
25136
44528
61170
51006
36513
57555
97541
15391
80349
93923
6127
86876
74283
30507
27191
77463
80644
43704
21181
88749
52456
95916
3010
88434
68972
79362
95066
17497
66586
69661
62716
32949
54210
79273
3976
32870
36116
79608
53603
76294
30322
94584
56867
39916
22814
91729
29986
56997
78075
60871
20402
98816
32437
56469
67865
68756
44498
60615
9118
41742
36952
24306
98385
94046
85238
52753
1663
64385
81434
14403
77348
43911
86962
14698
93246
30162
29375
96323
32068
50563
95469
87721
72217
51826
16866
67637
46844
92355
54911
55952
48844
5568
86769
56718
38765
49508
62434
91273
75117
43251
1969
624
88161
76601
86114
68457
21652
94760
82286
4541
18529
5874
26294
11489
90906
2639
67728
73992
45261
193
59840
6363
7084
56452
58395
18841
63986
71032
91551
46967
2866
72022
34883
71560
74343
47752
48512
22087
16333
1475
92388
15740
48619
21748
7102
10516
36280
51271
94679
14503
52961
53034
19968
92722
26597
11926
46960
37866
51606
16697
29621
24724
28086
35042
28232
86989
13254
62468
71723
6709
67578
47655
15555
25667
77070
73836
19432
83537
56304
70619
57434
69054
49081
83751
49554
31448
28565
76273
44335
20794
79123
73711
13348
8494
61468
61080
95815
9574
7445
38457
36010
11130
54821
41343
27394
23740
98176
68256
37410
29483
4644
53173
46470
94392
89339
68205
80130
9013
86667
64348
55202
52518
39688
24279
50075
27852
93493
88604
9959
85841
45853
36007
61900
18674
43980
56823
1809
18646
84880
13565
89125
79243
88855
73855
40708
62354
57022
41993
65637
49395
51923
48704
26111
35733
43301
42298
83939
24385
99040
9081
27713
55631
86098
98899
44538
34009
70982
51130
24662
89042
27765
40578
44451
61805
21266
49715
44986
52759
87440
52773
37961
90527
39885
27113
72432
32563
75302
60038
73106
61033
43117
44858
57142
55991
16040
75702
89365
2407
57154
65609
58390
45171
73713
50521
85088
31533
66135
92352
1602
38922
45434
93658
55837
17477
58517
91435
94421
87048
69150
69429
59640
33084
32946
5819
7434
90837
42840
98751
54977
68832
22474
47037
20968
4420
97321
40403
29382
9440
24713
41975
53286
58111
40986
25157
98289
87579
91616
35261
16175
49824
74387
76530
97424
54041
45183
74368
55795
41211
12396
33656
45588
76194
50476
30529
97152
70251
69967
93436
23953
75193
20686
62828
12524
90489
44470
92949
42929
86411
70851
61367
59152
33566
33524
30831
71063
80839
14595
98366
83385
11119
79535
97466
48386
93596
20703
53389
93681
44885
60927
71700
21350
17887
23876
79306
59496
11379
53007
57701
47495
20439
12559
83700
4045
67672
34839
82768
40362
51391
9237
48783
76572
95691
25347
1540
88888
47756
55197
16495
23366
9419
10478
1288
62306
40136
4525
36222
67891
9869
65017
590
20404
22892
40050
3331
85331
39592
10924
3197
35750
30247
43763
97473
72823
4963
18644
52892
23692
79055
6264
80764
57989
85871
88370
79020
45681
35339
27170
31562
46346
84086
85448
35202
34548
35861
96942
55688
16364
29332
76893
96744
19551
87568
27266
52325
93741
94041
20141
68
55137
59304
3816
40237
46795
64246
41547
56810
78387
4177
15260
79552
81028
86066
58947
94691
99
67648
84298
53572
56056
11006
85644
65418
49876
48328
28336
39141
26580
29077
79222
32598
60231
70710
78653
80474
15709
14054
9357
72343
63177
88874
22401
79103
48912
42526
10094
44561
8006
67264
62663
38517
37014
48841
16881
13868
75582
71440
25497
18579
60603
25982
71142
42777
40222
98133
66718
95889
49628
78059
1534
85490
68043
62559
86067
86550
2159
84956
15283
63594
92907
4379
96138
30961
46135
63304
13999
78796
84642
22715
57976
78301
69459
65785
18611
89224
35422
32098
50846
46037
20047
27003
38486
33273
7204
85934
43159
52878
97376
48219
36940
37451
27613
77886
85806
93134
57332
52364
56173
74264
10796
31713
90249
72612
25087
25630
54629
23767
69927
19099
91361
60542
99752
78672
41674
94127
43410
70587
13627
36842
95557
75579
37033
94568
43944
48215
23561
77495
26889
15191
20996
79173
19008
62618
95002
49834
39371
98335
62099
65743
4760
93942
32342
52883
86399
64253
58245
90463
58224
44566
36185
2083
11793
13521
38881
61640
58184
65474
80263
37939
27807
42171
45093
15284
80436
49072
28559
73600
57954
9233
81446
12286
91938
44438
54807
12303
74026
13550
27630
64972
7560
20166
17045
64875
36522
13453
3970
22289
99248
25474
36261
22826
11873
57177
40963
50170
88784
50248
98787
58994
87016
25546
44047
76292
3950
92725
82450
91893
97662
56938
36488
44014
19735
83532
82569
87349
21890
96837
82555
59776
7517
37477
67153
11065
62986
80788
57983
42977
99288
80035
10912
6937
88946
66704
10
77100
76534
63914
72783
16878
74158
39690
54474
22861
11257
60
9492
33142
8088
45918
14885
69610
97879
98970
96137
18249
2457
9137
74457
58248
12849
45903
65079
41257
81712
35307
83402
91274
93046
70017
42643
76349
61843
57767
57967
18318
62943
48212
57700
31218
55733
74886
61300
33687
67775
61571
95422
9441
73105
33704
52622
97756
31166
93781
50355
83771
90104
35223
82951
19461
76692
15409
73181
19546
98219
5328
56573
97326
9177
78625
3667
42292
78340
11316
95483
24537
87303
55204
92035
73982
75553
74592
27706
21758
76559
50272
91343
89696
74952
77222
67433
5103
71565
56637
75873
52251
64773
10693
21460
66896
79897
79566
26829
6529
65248
90008
35066
39696
77550
41669
17994
22729
95377
40335
96820
91968
53778
22012
49175
62890
65836
77398
91256
80747
65042
21228
41770
17827
9548
38438
11412
94524
15106
86465
73449
17037
32551
77497
47672
1145
57942
95322
24849
29818
83923
40800
7832
42430
5011
19972
57098
16981
94628
65351
21330
89634
26505
54200
18066
28078
1124
98296
99882
66798
42711
86746
33840
81959
33955
60728
17141
92062
26796
60641
69446
39776
96675
69850
28642
77933
72508
5826
26515
34299
52494
42193
12095
66781
52802
25475
46196
96897
91454
22351
51908
87756
68607
39654
41951
49410
16321
6135
14423
11383
8245
77718
60980
64802
90277
41428
54357
46219
77565
84239
60740
27403
52151
78689
83154
31026
40384
1045
68046
8874
54624
33923
23894
71949
7314
30027
52875
36965
47494
8024
54168
66977
54606
32714
7963
43276
14877
37021
2044
88456
34831
81081
89911
76641
62094
89757
61549
13943
41957
56248
25514
1509
63666
98205
79069
75344
72109
89531
89939
55310
17986
83673
45109
20530
47139
36968
37976
48772
35929
50835
53097
71573
91240
16608
22518
61168
63358
33072
29562
33320
91929
6412
68637
50466
50308
97581
58188
42598
19394
50587
95535
96914
78396
87639
6865
80216
49782
62238
5956
96
42842
33541
6212
12290
51636
27839
75720
83879
14067
74589
75578
5883
99761
6922
36562
75574
32385
88154
59057
46380
83245
47051
78058
79747
1668
40210
85294
96571
59291
73038
6462
7149
2284
89255
57828
83963
13613
95792
18526
56094
40731
52844
29730
65061
47049
26331
42829
5411
50689
99438
55467
82
94475
91774
88573
93882
26244
67681
84339
34897
4509
83454
64607
23823
85635
14618
79775
32797
5330
89199
22734
83478
45930
16500
14568
45573
30419
43007
5475
15326
74141
41942
94302
72738
76311
19529
25185
78054
4589
38728
87152
10696
65814
82257
50194
21273
28669
32880
3592
69890
96282
53641
15682
59847
88546
45229
43616
39222
90336
33352
37778
22600
37393
54558
27925
24594
38352
68893
41332
42344
58074
80593
87775
90984
12684
80779
6993
27936
6498
12792
95056
44583
83849
1231
92567
26882
91845
34809
26009
24742
23056
89049
88344
43540
54304
66200
30554
9819
34204
54076
20855
3322
57202
57913
12678
86763
83008
71546
56219
36919
73639
14608
59232
88443
8178
55153
22489
73261
50714
18603
50008
67555
67311
93782
43822
99826
17192
49879
83913
77503
58731
24144
78288
26359
14421
60589
51961
79158
67524
45718
53622
99282
60903
37908
5422
28886
83336
60321
77314
76188
48962
80189
91638
52683
17619
17645
56722
2864
83780
44609
14775
52772
7660
13879
63128
64072
35285
25145
9557
32738
62521
53907
80423
21691
61201
95673
22685
60204
25052
35316
45959
68950
8445
90025
6746
85256
51894
52158
86571
52640
97032
57263
87938
22054
49853
51679
48000
14677
69932
14986
66033
89438
36310
22902
8862
47115
41008
4380
22349
16782
46161
11919
17861
82591
80086
61288
32155
9666
50923
37038
88508
5167
54458
35920
96761
8121
83688
32795
69274
55147
44723
42724
35270
67842
81161
23242
19839
98427
8686
90057
37054
26446
61810
8145
93182
51613
77992
67122
85636
28887
86317
76862
77149
7226
50516
99484
71208
55120
77208
93563
63343
71423
71384
11748
46582
85411
47015
12978
28068
55084
66389
69041
39245
71497
13017
79302
93058
73944
43866
33139
54012
46109
33230
88929
80187
57316
96665
99199
73481
98113
22769
35852
43115
19922
20438
98587
96672
19621
71735
39420
18804
34041
70288
89580
26967
39712
30086
42235
28607
85166
29764
36047
23150
72704
88775
98201
12252
24091
93913
47488
2753
78842
46469
82014
24945
37628
2711
63287
30651
45252
22873
15743
93084
14229
52060
67747
87211
17500
13417
91787
4962
95340
31042
18960
59337
45809
81897
98863
41173
72925
9831
23724
20538
71426
22812
99172
31396
58886
73640
27957
61971
62107
95982
11939
61788
44921
58664
30806
51152
84120
21472
77946
470
47220
3611
90033
41580
18268
20383
76631
534
81503
6414
11265
23643
56937
18982
22997
6978
89920
27621
10179
94380
87433
43191
98469
7045
4196
33362
32665
23480
25129
30417
755
79996
51403
6913
90776
29116
43126
91092
30788
40344
58765
40514
99201
18096
38778
28491
41306
17993
276
39768
59788
21318
89317
3662
60418
22074
97363
18855
86639
7359
84572
50491
72760
44308
57214
75010
52539
98357
24880
55220
58307
31531
33186
44569
13596
1917
19272
32792
29123
53140
91472
23681
93521
52749
24254
37275
64752
51815
29878
40495
73367
73522
39279
33981
1178
782
48382
38921
24023
45729
46356
88314
39801
16646
58560
92521
40255
40413
80718
78091
32127
42451
47508
37196
30525
26459
94642
91576
73714
63713
92030
4303
20930
71529
57313
32622
47748
80714
10228
15382
29808
72312
1107
16705
62340
16227
32019
32249
88493
53078
21729
85848
97660
23251
11722
14590
7269
75607
94096
13052
59758
27192
18731
13423
97951
1904
5972
65343
78429
14850
77808
69712
14524
8502
4068
71656
90949
22271
1576
97095
26357
67154
29133
31123
71234
97679
31359
32154
6486
7118
34596
38958
41840
91342
13185
98631
42399
79383
44814
70252
86148
47811
37957
34339
60945
77271
45406
22032
83494
36278
7261
43352
2779
16515
60503
45383
23313
23109
92051
48410
8630
48532
56988
76135
59940
81913
65152
42975
69148
41166
50379
91147
55590
76774
2020
74571
67661
35763
52275
52429
40417
64281
31999
93700
66314
4730
6719
36403
15051
55764
96991
65531
46839
96775
49673
25953
84110
85684
47704
38016
31409
77276
26981
63216
43033
38359
84557
2426
77335
29136
74364
91207
65962
81609
12198
19214
26383
63619
30530
2624
7239
67011
10930
1188
80935
37805
64470
95109
36490
80107
19399
33034
93518
74076
47787
35082
3079
48461
65700
78020
46943
43811
6660
46198
30481
85872
58354
31954
31624
89885
49936
50885
5300
89787
99169
8322
2381
27041
7817
87280
62659
77502
28956
52615
74819
35590
45378
42589
13270
28250
95009
63453
23037
69524
60835
22852
74694
44581
49984
39457
39491
87620
82166
14152
45054
93836
52258
77585
22679
67697
48397
80410
1398
1307
71368
41083
56871
6505
90700
50376
40744
49063
74606
67462
94542
10758
10562
22340
60820
67303
23911
66238
30686
28034
52730
10455
16505
93799
74218
14773
16198
34147
95320
62531
28554
98781
56700
22353
86185
57498
97909
96069
81168
93036
98924
55595
61719
73360
25506
53084
60426
46406
19816
40564
83177
14889
40048
63270
43392
69123
9566
75438
14358
21761
25460
4535
25687
12555
7037
53583
43764
26472
99252
76048
92576
75167
98855
7582
41264
7025
78759
35177
13553
89433
53116
92378
57962
4856
20110
90412
95991
60678
21826
20959
82906
14201
77949
42555
4052
12597
32744
7020
81876
43853
21333
37706
10521
35452
22366
4110
79825
74554
12899
87295
24374
53751
73174
24343
18364
86120
77189
76145
19499
8566
68658
4516
9381
73388
91262
95583
5851
42561
4193
78060
8014
98779
23653
30351
93833
99048
39008
86536
59585
10671
55005
32212
67175
87897
59373
57182
32445
95378
59394
4484
66487
12713
63513
36689
21234
69309
32074
61925
46654
95850
4942
63221
14710
33692
55403
37569
5969
31509
54755
32130
92374
74444
41304
76259
35560
47706
70365
80197
23766
24134
10654
70203
67086
78978
43008
17567
84364
67325
91422
78233
18724
76835
30239
25746
2815
25526
12947
4393
42993
69568
98088
51649
45658
56516
37842
89351
15285
55818
11621
21217
91743
65497
65811
44535
86115
86026
97682
77587
60101
89324
24123
24283
10865
5789
96956
76777
53650
75202
76200
44985
41398
60339
91650
7293
78882
20625
41853
293
33830
68563
6770
88319
79615
43554
85028
26500
28173
94535
38771
2810
28581
54367
21268
43809
81799
50645
72374
54402
1077
15613
97610
78750
6942
70554
63836
28397
54190
51552
16944
66731
12221
90862
69254
16751
30911
8482
5288
80158
74275
5632
62860
50649
39417
59710
96106
94873
70723
9942
97266
18294
60595
33093
75473
40480
35958
24943
14994
8581
28254
35677
14801
67420
56955
13673
94260
67541
18524
32071
11797
73430
94883
42578
95620
40954
97785
16508
51865
73531
87907
4675
63730
70915
36543
56195
38327
46164
64474
80957
50353
32048
18353
66607
34165
3659
95227
25453
80589
9120
88828
81441
30411
79361
74407
10351
70777
16771
68282
75242
47966
33184
17501
44032
28150
97062
43386
74451
20096
43938
42195
60069
45557
49603
48785
35808
38772
22457
27891
50407
70696
49406
46745
26471
60656
20878
88529
93314
75297
70232
51370
42498
31986
72271
20287
65594
1997
90379
41255
49100
4037
54611
25895
10023
55803
49214
17026
52014
5767
36585
46416
95647
81668
53227
62905
16922
99026
72323
86009
10104
13636
71461
11279
64923
22253
99902
2048
34865
60778
61391
62651
35233
48198
78586
27184
67599
7651
90737
59279
65837
96139
58488
77691
32379
85996
83337
93073
77844
80943
57935
77442
28992
53577
40648
50345
21327
31233
17837
62513
71470
60777
47136
92878
51260
5657
88220
63667
10874
65055
51481
18400
46240
28651
29952
88813
34727
38408
11671
59521
46227
16129
73932
28529
73856
57184
62552
81787
46386
93950
83018
30037
25595
70720
52471
49517
881
21050
84388
55815
60955
32423
27324
77439
80869
14562
47961
64819
82309
29300
35788
71377
982
5419
78846
17562
58127
5510
10319
29253
40981
51302
91275
2047
17394
42126
99192
92208
87503
16762
20587
14260
66427
87415
28774
18831
93800
42366
27136
62254
71947
69674
72729
17955
67426
80028
83678
31347
35418
2771
71041
49251
33398
2594
3024
31854
62489
20575
98389
70331
10364
88951
56231
53201
20412
67689
7513
81839
25554
86150
81604
78667
11437
30624
90047
77349
67830
79596
20123
7008
83200
91334
74784
47818
47028
71263
83843
912
28043
68588
16499
94065
3413
33796
2036
20362
12540
57401
10619
80508
49901
58084
93925
44700
99554
17243
5380
32148
97516
88113
61651
40386
25525
88202
43404
91870
53351
28175
19764
72639
10328
90838
70156
78785
3655
33410
540
83072
52785
33355
76099
57920
32171
92559
89507
95896
64446
9413
12248
44204
8784
30600
85670
3986
98681
69389
92396
53741
1821
8151
1418
32376
30265
55181
91293
13076
53236
14081
66608
49230
87596
84351
35227
50966
61764
40303
60247
40134
44158
47038
52451
15174
19726
37247
96617
92711
46410
91125
44149
90395
10466
99093
91474
47714
6604
90013
1214
5630
22724
19763
51501
45374
98626
51563
93362
76484
19323
58890
31145
98759
89110
29213
64290
79053
95126
27371
18769
51289
90760
46875
9024
71917
76947
47005
93477
10115
843
81662
41708
67808
21125
47429
18678
14665
66665
2398
9042
78738
5468
6425
91589
80591
54682
9751
86703
70426
7283
85530
44527
50959
46808
73811
49401
61239
5940
83831
5775
70065
53118
24415
40879
30589
86366
251
32233
24082
40982
48078
17666
53824
96413
58160
69387
58035
11550
18498
95842
15055
32772
89364
95221
66560
42378
30863
9261
45392
83410
22639
81127
56471
76838
80983
35576
11057
45924
25515
55901
57489
98143
32374
90481
69681
96077
85107
52317
58072
89934
78023
13187
30158
55533
10981
62736
76345
85126
71753
12355
47840
20750
37414
98068
70284
22610
33691
28686
20175
71644
83420
511
93054
868
1844
95095
8586
12868
67979
87060
27129
39555
75119
91676
6313
12885
50237
10540
46344
90004
43249
60070
60463
63321
99123
5646
91014
13940
94650
36625
42463
50512
99178
22906
77629
64430
40490
96173
35985
89570
53096
81313
76214
89013
34284
2760
89759
26309
71761
62229
58326
9251
87811
85313
13393
95584
22822
55948
83216
7215
30495
12227
86564
37053
41744
73381
75869
89280
85423
30769
21918
77491
49505
9515
24824
849
2847
51880
15890
58053
61371
37522
13515
38539
42347
12130
71512
62212
68784
17635
85875
59259
35150
43129
42369
79531
41976
71776
2980
40229
7607
56760
29815
85270
86007
68322
59694
45766
69957
27194
42950
38103
79101
7212
22343
20498
2521
77445
74615
13692
28107
88124
50315
16613
37336
81781
42692
10330
20622
89825
37079
69650
70178
47647
74298
86977
46655
3181
59143
81861
91888
1704
51040
7119
54074
97053
16805
30556
78567
33019
44347
91873
57672
71269
77570
84312
81823
50417
35745
49820
95685
22448
98895
70431
89541
68625
47166
98417
42609
5574
89877
14981
79037
24928
56236
27308
51730
94486
65615
54809
50091
51620
51607
36332
18469
11795
43673
88212
31143
7815
77325
54130
98633
66860
74432
38127
89510
43594
60957
66498
90241
22006
56653
36312
75278
61403
67141
91716
18560
29418
20324
74086
20334
48697
33618
7918
84984
71201
39596
74225
20474
58626
95580
60270
32116
62096
11794
14787
21695
18580
67776
67213
7857
49759
68120
52330
78405
7512
56855
30627
42839
79092
49924
54801
18095
27361
64263
39181
31100
31718
73669
7586
97474
85115
85062
96806
62924
34638
54457
23738
93183
75883
31780
10093
41180
71671
36347
68543
59819
47170
60686
23019
79323
77508
27801
35417
43355
28763
1977
30585
23087
19118
36407
69090
73937
15365
38229
474
69226
47391
86144
72784
37798
48358
21595
34546
3132
45372
79110
56577
55263
70271
10964
73787
1204
36629
45951
74682
33520
52068
74763
8563
25909
45119
93115
26366
16609
40505
48159
83479
87228
85462
19667
46553
90935
97486
86382
76591
21071
39041
43300
18370
46612
87796
41789
23039
2911
14860
56346
84807
6752
77126
8218
25231
51143
40856
49439
90492
41415
42914
42412
90817
17082
94653
74391
51752
72874
54596
66670
90349
69803
34426
46653
73901
20369
43655
83660
22270
84552
29357
87132
78753
61529
80858
33155
20415
13494
85037
64229
58913
27824
26099
38740
76659
59914
36668
67231
12612
65461
61563
59142
68246
68750
83272
5233
52674
58237
63745
29895
96701
1843
85705
2702
13163
25414
26203
87705
23219
40606
3758
74077
72619
65023
12085
7733
76314
69831
5395
77899
10367
46349
38194
6344
35883
11756
87277
13918
12770
21251
63054
13569
45362
70327
42017
56292
79393
15732
10851
75219
62178
88381
62114
19609
63547
7973
8925
4239
52590
53143
50565
12903
67066
36434
36558
10506
79832
87748
25319
32674
36930
60464
79459
16885
88263
81720
26708
66596
37919
93624
91773
73397
42109
7523
48664
73036
64767
54299
75106
66274
37967
97477
43221
521
64080
56693
18269
38831
11195
62281
19862
14055
25406
90578
28092
87389
92303
76384
36695
13534
39003
98123
90347
12907
30329
22144
72181
3792
10474
35613
36648
26954
99508
81702
25261
51917
38845
58222
66209
10997
21269
215
38723
1807
83195
18697
39677
53538
94129
76743
76873
61136
81891
97945
68977
53976
50029
45213
65949
46911
14646
55346
64978
47924
37023
26016
46139
31995
34320
74036
84652
93603
32964
18267
4860
89601
88965
77605
65308
94756
95211
51903
6046
14097
20089
34573
59452
82418
60344
14412
16026
54056
86589
57442
1956
46649
8498
24843
27779
73832
52852
52110
95148
96353
17566
26417
77945
71242
18574
61342
45370
4398
29019
6626
60667
4553
22568
83038
79584
32058
93423
66258
65543
51223
79805
82420
93962
61042
8446
54325
11141
49449
57328
83811
70735
3121
57643
70296
25365
7590
74093
61166
81597
54178
45073
21248
9316
75118
59220
78521
82520
71058
30587
61731
73795
75569
54047
52024
96306
53180
72384
13786
94444
69122
99277
90094
54565
43571
79569
72236
50699
69854
92413
34675
41238
60690
67323
64020
51282
68932
3356
5458
32232
15574
46252
41100
49519
84290
11620
2576
95039
64740
52926
99531
69124
35158
77698
29406
8560
78210
31022
77540
75945
65871
41236
34253
70360
8103
89740
16829
46696
91350
68333
36903
16441
14584
65272
37338
27072
91336
25012
66532
73657
19577
30955
62267
95845
15869
5344
25829
3209
37111
13382
10854
23254
27966
18285
10757
91648
69201
18696
11719
62336
49991
78894
32762
13061
83253
61205
46753
58716
12481
23887
63092
48220
15600
88191
77461
44171
64459
24819
33267
24209
70396
79792
85264
84977
60169
26149
77079
30964
4953
9725
50090
26493
53967
89528
43713
66826
38577
53814
65620
76538
25668
98008
71796
46131
95727
37814
29079
24210
32985
66858
44174
13037
19332
2182
82818
70283
15751
13575
56246
97710
11360
25611
38975
30526
33654
17327
10777
81210
1264
48714
20491
86084
71386
54191
62854
57511
60816
3011
6750
46318
49178
12493
82291
13470
94118
96404
49938
90362
11908
38702
94669
52995
73723
15596
19575
85673
52312
54450
18080
63703
17236
58348
63844
91571
86823
78575
59500
87081
25954
99060
4989
51499
13339
87249
41900
97771
81985
77353
32187
48364
28418
6969
6886
34211
74940
73248
47669
54844
27771
31991
67210
65736
87077
49154
5588
25380
53321
44949
94211
47127
44083
86151
88788
4046
6002
79717
63817
38089
41631
68150
61406
11677
62423
5064
14905
5863
52167
49237
99800
75850
88584
79264
48678
15386
84149
39173
65269
49859
62791
89980
43437
25854
11455
29600
78246
7382
74109
1895
63098
62134
61262
99217
75996
24588
37311
77109
30968
72780
81485
68204
63500
17521
31375
79289
81073
50460
62639
37584
53435
90559
82383
54433
35513
89323
99254
10346
83240
66613
24786
66556
73691
89468
39152
15643
13732
88111
35565
24937
11563
44636
75000
77788
43698
15883
39884
11768
79445
92771
45852
16590
29800
37431
78869
85967
65334
33960
59164
64091
40883
7497
7845
58592
26105
36729
90283
34972
59770
84644
28179
90499
68991
87271
7339
44326
63536
11420
42607
81059
21446
30188
65768
25003
22792
50639
62634
53179
57851
74423
86482
47556
57069
26674
2119
27564
34466
98381
98919
67112
21792
51062
66698
54656
76063
51710
57101
68875
55166
49523
13493
78825
34968
88905
70469
38193
99430
96541
10905
75895
30034
72730
32960
38519
67876
58195
51748
98006
24652
13731
70792
61084
6524
46261
81220
23154
50729
81062
56580
16473
51312
68199
80324
60218
54234
82676
87731
53598
34091
54730
21300
79260
84266
10991
34666
24780
73965
89582
49581
87038
73288
90761
72951
40320
15724
76068
31430
27318
15806
44751
4511
65274
27872
31462
67953
49677
96628
1740
58396
26170
76933
66840
50742
93057
60109
24517
47337
77303
81367
91957
72464
59768
23553
6134
99223
86078
69349
3969
7343
14685
1402
78830
53159
11798
86429
65994
27457
67623
77359
24190
83297
86559
55021
2109
45074
42780
82928
20917
51598
74468
6961
95781
95358
44332
65381
25812
41090
74785
67978
62063
74852
2762
23115
79826
88326
48182
76026
81608
26841
14298
3983
46417
12653
52742
10272
47236
63024
62698
24983
36525
58882
1907
57822
88073
99482
91247
38624
30884
57502
11332
96220
69734
82139
56797
66098
81138
47579
32316
29541
83824
87847
92905
4884
83606
21298
54380
38790
22759
97224
85311
74652
30915
74237
72284
33583
17547
41568
9003
23543
74845
75714
91280
45543
17956
80179
24583
8200
22283
7516
44942
16603
37855
11682
39632
63652
72878
14070
69194
13753
47827
1690
7876
80659
98957
20911
51847
59588
73149
81707
98622
56111
30953
39651
4441
41407
2253
79516
27587
42219
50675
65026
55628
18218
86525
69840
43091
10200
33076
20153
8868
51787
53695
21081
943
52370
50111
96028
90360
28580
30310
13568
83989
57523
53365
62252
8412
76841
32368
99542
88915
42328
12258
13743
85584
57575
31745
34098
67741
87502
93432
54575
19006
30626
21137
37519
61093
58974
66170
77346
43259
86522
32448
47293
28464
87952
68002
51171
11854
38220
10868
61307
47100
87570
42496
6321
41291
379
42236
40931
6972
90214
75663
25056
99606
13084
8893
65634
74626
97114
83447
44765
38289
88611
98363
29941
5333
28590
5036
47305
30790
76544
25669
8939
43239
947
26229
24832
45694
55114
57610
20787
54724
26956
82039
83233
56976
71050
91126
97809
13633
29157
23227
67035
26560
86430
83858
49306
61210
28457
60609
29804
98825
738
9411
75197
91701
70949
52460
63617
52273
21937
82349
1504
76952
85820
23218
17669
65537
44999
2743
7637
57354
90691
95070
92746
23552
37306
89736
28164
40964
60331
69924
37212
11808
27722
6640
66349
41661
73406
1553
13727
16742
81938
18606
26
92047
15747
55774
71376
77373
69068
15979
52648
27542
81419
62290
76305
64021
62697
16794
53720
46677
73250
67549
60826
65291
3325
95994
22067
80402
18459
38534
20657
70907
96930
46885
32699
66563
86510
65433
3159
6735
27717
37184
95798
92261
76316
94701
93028
64931
20798
31870
34756
36072
49699
66310
36680
72500
72568
91359
24967
7886
50239
46595
37039
6810
58902
39745
83755
25211
20399
40775
92964
90051
44685
5803
32225
99996
83045
86143
86566
73130
60553
77787
26582
89797
70773
50925
7341
76492
57537
98177
2918
47850
74154
63981
23655
67478
64013
74479
36276
18709
34902
85980
38208
42372
26190
70270
90708
75069
41268
87612
48201
94989
25390
64690
8223
99750
35577
34689
3208
20633
73725
59410
81269
39825
21614
78548
16272
86448
83107
41327
61870
75150
1472
39940
54716
86236
15483
27291
71488
55135
28039
87239
70556
1510
87985
12417
95927
93035
86469
39512
66970
23757
80856
95755
1325
75661
96057
69601
93294
33342
68577
41390
28130
63255
39797
43515
30005
89708
75829
31311
27261
60046
58024
85025
68970
48944
73451
57414
22846
69793
77839
94050
46488
20037
52047
57923
74959
96493
8240
90302
49655
31154
97629
89726
81379
98110
83034
8437
948
38800
827
98964
38955
96846
27980
55493
50118
6673
58454
1063
80012
23494
62812
40966
5467
82180
48058
88622
18977
37020
12089
80733
42417
81043
51198
64596
36189
3699
80457
24526
8636
44807
55935
79446
98674
69687
89597
3756
39782
336
28253
40950
55981
36907
16945
14239
18271
77693
35776
55363
23454
81211
62383
35716
58729
36244
45499
84535
37282
89753
33905
31402
62807
71852
56018
68508
81312
63254
77602
97222
42974
41433
39550
810
98504
7625
50137
33176
78208
95019
37944
13658
45938
19498
53230
4988
35071
15522
71677
35273
19337
86653
30702
89033
27975
52006
18239
34232
30690
89178
25914
28931
31286
3760
871
44851
82087
84274
49479
70672
45891
70302
20861
19111
97241
80444
77796
16574
60134
45095
90767
73909
51480
4141
66877
61143
93460
34881
32526
55932
17328
22708
52045
1182
75863
90386
54740
21830
87317
89032
7066
67511
27947
1511
90671
59246
11484
16757
38465
60036
90462
47826
83462
3752
73622
8316
73860
37323
68882
59703
5432
82495
56022
29066
9250
73839
82335
91905
27733
95204
47692
40937
55989
78979
52198
69240
72980
31208
1181
99735
84975
28944
42990
14083
397
11051
29148
81600
90410
70182
14820
76288
23016
20994
53282
91830
34304
44455
28566
4367
9701
43002
59085
8224
25427
2431
71888
89772
44502
26908
40063
15121
29414
48390
70814
57740
10108
88352
83802
71878
8773
48999
13651
91690
75779
73825
44737
75952
87666
46821
93473
47385
72859
2759
25292
46427
82256
29225
59102
96177
90039
32657
49817
79947
19430
53345
49286
14019
9141
28908
45563
50719
17007
27233
95515
58879
50865
55214
54600
82624
17535
8931
7313
18412
50797
10697
18734
52766
12101
78741
48457
90884
29379
62305
32009
64980
83962
2767
669
58741
19203
35301
94338
28916
85652
98206
9401
96940
21267
26326
79478
39708
90050
27349
49604
66438
89954
91546
54681
1215
31589
7259
3449
70523
38341
89085
74888
99444
98317
51786
45057
55979
14910
86085
88190
71921
33478
58798
86491
6836
30631
3739
81792
36335
70902
9746
94849
77175
45420
59198
12547
71039
19804
48778
88694
23634
1676
24616
5661
53462
15282
39083
56015
12278
49762
28978
16476
16509
62670
61447
1051
71185
66464
23801
8820
43656
3687
80087
80814
92631
93827
84744
47885
86155
55634
7756
57742
48088
88623
34187
67559
52757
60582
67700
86734
95835
46770
34126
40401
1753
67896
95454
43883
20349
5461
80650
38895
86895
99881
44493
24906
79734
58453
85402
7127
79444
74573
7340
58657
22378
325
31146
57613
73587
34950
84654
38954
81295
75551
43278
58171
51451
28116
43705
29466
21495
77080
37132
56732
57664
30309
3532
71891
39534
27527
43350
66928
81402
81584
32114
31333
2517
8068
97354
76955
48693
30088
75236
97416
12352
98223
71175
99674
56230
25997
21368
31386
89476
67216
68473
83622
80220
5870
54104
2618
7997
2085
57644
88194
25979
25842
15212
72179
77034
63225
60094
76965
1866
76477
10772
38022
18231
919
55469
34799
56641
28622
43839
87408
25833
69685
22747
35062
79713
96440
16116
63599
76782
31941
26617
49600
97447
31734
7169
98378
14479
43235
33914
78768
14126
15583
97173
36884
89191
80359
48034
89197
82731
14917
9050
9914
23490
82794
72314
45533
29269
6106
25412
23141
78793
25545
20338
48749
3877
70657
98830
72052
38010
22961
93647
75999
76414
54237
31236
9060
76721
1521
74586
28439
66942
50534
17703
37640
64395
53513
62061
22686
76093
46762
14120
5725
27546
56098
9016
61728
33326
94474
67130
67955
79760
88424
90514
15253
55826
39595
48207
96608
37263
56016
74557
44930
55971
74190
70885
26691
93973
50608
37829
59448
17812
55364
71528
37663
80700
73633
62010
69401
92512
89741
20322
38856
42443
18020
16030
5891
13972
33732
25241
14857
922
3809
17408
40511
54509
11018
44509
33827
17247
66111
86463
41450
32296
82100
8408
20731
24811
89426
31382
2024
22078
63218
69883
92833
83835
60436
16821
15691
19773
17524
29940
85486
22452
26522
52254
11113
72247
11693
32826
51383
73328
23362
33469
2012
29440
92102
479
60050
22420
4250
40681
13958
88835
97392
15357
4454
34134
55584
17410
11918
9283
17148
52887
48768
15192
28177
65093
86894
44887
2805
56711
16550
46474
67919
73704
86327
43812
21329
74322
87949
14948
22255
29373
68949
91311
41050
552
84836
96965
38561
76500
97302
99998
21905
57237
47302
86738
63487
98874
49737
16789
63229
62272
71264
92921
54657
90592
25305
61114
18599
84818
84088
91414
57592
9874
79028
24234
86684
53560
55109
86222
90073
2224
78119
5764
72622
21516
17609
42290
50133
62284
47455
48192
13427
59235
34863
24569
28120
5746
82130
7126
36076
98224
97856
11990
14772
64298
24881
66576
6482
39294
88665
36554
42202
10427
53334
55958
50338
758
52146
91170
35529
93556
46154
82217
68407
86707
43676
71141
20486
7447
58613
21517
31969
90288
26935
81396
83612
28436
21237
22465
63040
84396
90082
57479
19528
99665
7017
31759
78215
17451
88796
52199
61784
73220
62064
77088
82104
83798
45323
17516
90957
58521
29777
54587
17916
5731
24152
19092
74434
72834
80677
99837
99103
69535
42855
14352
8293
77456
63016
70211
99873
14858
20706
5030
47781
25542
73891
45251
6721
61212
97955
80313
14092
80182
41778
48874
4580
72591
90932
33055
48327
1824
68039
89115
97622
83482
30250
1296
84368
29787
25544
3713
9452
67485
85135
19766
7619
57936
95508
44515
96885
83684
22921
19616
73378
30370
20654
25001
88341
94990
93024
5245
74613
88225
48919
52002
73830
27367
68657
85658
3312
44443
26538
14212
65037
40227
73722
98139
58771
30197
75046
56506
16517
6954
78956
65213
99153
9974
33464
18661
25689
84848
86764
921
87851
98102
47679
15006
9143
68230
4563
87420
3110
68362
35088
8285
45178
90244
82419
70533
2671
3914
85156
72418
29268
3529
10018
67551
75533
33753
70188
16562
54379
16644
26844
61940
807
67135
7735
13468
17223
65265
76106
76983
16323
33962
83878
90548
48471
27229
25889
11868
61479
98431
4900
56036
22281
34044
60661
92087
58785
74961
29807
51452
26595
77403
68009
84989
61997
48938
78249
92299
13025
11991
37331
8817
81664
67253
90066
96216
46162
29433
73125
76181
27847
48154
8596
73131
80421
92803
89457
55127
88711
72369
6213
23276
91231
82910
29248
67079
53122
96993
3941
34302
4518
47555
35794
80660
15733
24776
94098
72830
8304
69909
16686
31764
44210
21057
92789
46257
23589
57807
26499
56679
78305
32401
45292
37043
62653
81022
83721
52445
19450
94196
4111
92719
69906
93129
68042
37739
55052
34907
69386
37420
99689
22692
79918
40213
49886
4240
70996
90561
7599
75778
62754
71383
96664
81189
5028
7154
44157
25355
40162
86192
75403
58893
60305
19597
21306
89995
99278
4071
20514
81360
66299
62957
86498
25896
19580
76597
18872
74704
14086
48015
65842
67476
25426
20200
87431
97673
79812
61173
7062
2227
31795
70840
67285
19311
54985
98230
2493
11679
84614
82678
16583
7114
64218
85399
60981
80030
23349
22702
49918
51433
6451
18946
27818
34421
48254
80587
87963
50109
51330
78051
79878
57084
87591
22235
94236
75351
67091
57443
14563
65408
75703
2130
6308
27236
53299
68138
62761
41497
22606
36546
15172
6001
61580
51300
73877
15426
84245
51660
28196
98576
15700
38215
62590
25539
21380
31922
99497
85747
8428
56981
48573
38684
46326
72517
55028
23447
67481
21013
56977
29134
40083
55694
14648
94032
44088
70965
63797
98926
97485
24518
60596
45279
80164
76630
83136
68805
75902
51741
77412
24643
69126
71355
26812
28460
19555
59271
42549
7667
58969
53891
27044
12107
90017
65883
62914
62821
161
15616
50037
50392
6995
67788
80283
68929
58175
24654
47147
82500
67822
92509
38207
36064
6732
18699
64675
60165
22648
35298
32512
75797
9964
74612
69869
53344
30839
1673
26938
34918
44236
49453
29311
17019
39321
51187
83067
56655
67858
51486
4213
5470
45189
68464
63808
91749
72893
79955
63009
66685
31163
43218
42627
13290
66323
53919
93194
60616
49732
18119
34709
33958
12790
59125
80906
50934
30206
64733
29049
19418
48084
20869
37863
43405
86377
93338
74698
11864
6655
53607
46372
45985
50477
39593
17907
61214
86820
37895
78693
52857
46029
88067
86900
85895
84248
2340
27451
51503
79235
56501
85352
56690
62463
16325
16522
81788
64363
9938
31055
22793
68953
3525
48623
79911
17021
66178
23106
42728
14581
29747
44384
43861
55842
11901
25944
26492
46167
12119
83011
21968
45749
39672
46751
14876
16715
27254
41039
70235
99890
95366
66573
55384
15920
65955
63978
51633
64208
7731
59171
52571
26923
79326
66402
79169
57858
92112
72816
87030
62563
60731
78991
56277
22294
86241
456
72520
5150
57213
45784
64749
26378
29162
9523
55302
33085
46243
80879
93968
62372
54498
46130
93426
65706
81117
58985
35739
57948
99897
19620
52573
74404
66472
64891
95659
92981
73508
6602
70486
14433
70353
90647
57461
79652
67373
86601
66197
40085
94149
85222
69509
97864
47942
33228
44593
2715
41913
11885
58561
5557
8517
44652
43263
98553
66457
2479
75800
27753
38669
88757
84987
30510
72417
78038
90432
39186
36062
72223
10194
25910
55188
70006
45556
6375
46684
285
2077
21975
20095
34401
63401
54984
80372
72725
47016
82608
83502
74884
41491
13607
96619
24290
9718
39518
34501
44902
53996
88330
20487
14187
38956
12579
11010
51115
41759
19688
73298
84780
48594
4198
62201
87158
17086
64198
45939
80420
81467
70124
36377
52363
31882
20429
38558
30362
82040
6620
59042
92835
19289
79232
11173
84252
68467
90225
60870
14197
6888
71516
90457
57658
36603
74838
7994
64125
73457
51785
31804
9887
7949
146
67183
6565
43967
77541
21293
73916
59330
21170
3156
57424
225
94840
19101
96265
58038
69847
86461
35381
27481
64384
66182
86718
29255
83446
50498
89572
85259
93331
65824
63388
29898
79893
14777
60953
16743
89749
61400
12717
32859
53569
13312
30531
22735
93589
94887
12444
46607
96565
18945
7358
68336
88504
20473
84858
66074
63188
61387
92419
28276
21596
28183
3514
50156
75257
11824
26216
4920
91694
52286
15684
60348
36881
40875
71285
45259
50201
4018
93229
42245
90920
36607
37288
84386
36224
8715
80180
49005
697
23488
48291
1126
35030
38258
78181
33926
81166
24820
48233
30410
92709
1176
73548
75713
62145
35849
4729
92843
54137
49013
39754
34293
41413
13211
17496
48103
43174
745
30662
24378
8115
93844
77655
2331
82275
51840
51628
88285
59650
7574
94242
77601
3855
99505
29685
11967
23384
4202
33884
77994
2982
31240
58815
76174
7065
49693
69020
90438
42739
76763
9711
13342
79207
87149
72120
76595
58161
80652
67220
24246
819
21900
73099
37157
76161
99381
91887
98562
72850
76722
24621
95215
21987
59759
32021
65186
66956
93885
31790
75518
89641
48730
79839
6382
67190
95654
97083
14680
38688
19649
92314
61875
656
39716
94279
2018
27899
90092
17675
66515
85004
16567
44342
30365
34463
99343
6924
81087
2886
18593
83296
15359
19495
84716
78933
80428
17488
23188
10880
53502
86334
43110
37755
31508
49428
20664
2949
63029
93201
74532
21698
80267
9158
21679
50603
61294
38737
43881
86444
78953
26858
98222
18492
92817
2154
8300
94728
38386
35918
59314
52422
27050
26264
13346
671
79604
59022
60751
13092
38683
35696
31045
67440
30703
16294
52543
65684
18164
76687
33661
21521
95277
59994
91707
64718
77965
10944
42576
61473
46076
72894
87604
907
85618
33041
76
88957
45020
36253
87235
7568
98549
51911
42022
38475
31397
76102
4156
57425
8799
94487
75319
42772
42162
95416
39059
42527
56017
50019
38130
33402
73280
73407
5760
15289
54604
6381
49077
9168
86511
41651
13862
77437
48115
42074
15247
59882
4695
7000
58774
90424
9119
61001
11986
24685
78725
86916
35162
46331
63194
64995
42271
33773
40005
47965
23630
36170
1053
4057
91687
75647
58335
1360
70224
1442
36563
94106
87562
10433
32644
39293
86051
45585
27351
75757
45136
83030
6801
800
76202
79764
42714
68149
49374
11789
45921
68084
21803
35183
98396
85364
65930
51536
41735
4428
29009
48340
35209
15380
90421
55777
15082
76459
98112
61171
74017
57611
37201
28926
51071
20355
99685
56189
37562
83990
70390
14641
54669
99213
22893
53850
30760
68635
4677
14784
10017
65671
7768
63064
76192
16445
91075
13610
44741
36996
69259
24645
7141
16159
79667
21476
36412
53519
61773
93032
41259
24632
88387
77137
52806
81511
9555
91562
36560
45117
25601
67934
25465
77633
36014
64024
15810
11147
44799
21661
55963
33817
48577
16314
82801
51551
94954
45545
61267
83991
93318
41438
35540
43014
18251
35392
20150
61652
58004
35664
93108
9646
27806
20532
59283
39400
85579
70714
70317
74902
29901
38947
59467
32031
18486
90081
45960
22211
99751
65755
4938
90652
37947
64362
343
71195
38514
84769
58423
78832
69359
86135
15131
6361
12548
2661
37699
98766
2143
71959
70228
6578
60517
70479
96762
20784
11262
77538
41519
96911
23340
68632
57560
78380
3280
99995
15418
35828
51014
63584
18236
81112
42491
31756
15013
21558
11248
41609
8587
23383
93708
89097
9012
69698
77270
27302
53167
47041
98870
52643
39333
45315
85825
17747
69874
33559
14244
2863
17027
71463
5480
9892
58388
5513
57352
79285
42
17538
60648
82713
19137
38018
49210
42860
21010
7555
75821
83768
47960
43696
74973
84949
85881
52036
36705
64494
15468
71756
57474
36880
34312
63695
94638
16894
41612
46293
32952
3143
32446
1814
88687
16543
43815
73598
23130
45000
22444
50876
51454
59408
36424
35362
13429
8096
95280
18488
10015
20779
19831
87329
82344
16741
70091
77938
58831
41323
2097
68570
18225
4803
26738
70278
28504
60904
84178
27770
20359
62595
9543
95386
97211
96167
28751
15072
10896
34586
30414
62599
50686
56820
46972
58386
70313
42105
37615
83784
4122
11833
95217
59960
21980
5659
10730
45267
85147
18023
9715
76398
50897
26395
16802
66588
51706
2247
73133
35564
2704
52170
96599
45896
46338
76244
88885
34468
97336
78419
39764
93335
20805
68965
59529
17727
36820
10657
12924
18716
40640
17511
19901
78475
86471
77724
60759
40062
2527
3865
56886
49376
30512
10616
27134
27954
7588
29348
38525
65539
23881
55405
67179
39731
37564
19932
97145
58766
53635
22300
90422
65725
26382
88295
80194
72428
62553
90865
17066
20560
39735
796
92648
85906
68372
99809
24942
21090
56006
71105
31678
93497
47803
1250
11177
56546
35630
18825
95600
98279
20476
41453
81589
23074
98696
31632
24738
59861
48776
63011
95538
58374
57799
2202
12988
81260
88603
95859
54746
88563
36878
99294
71555
51857
40224
31067
85326
32843
75701
69376
68052
16721
19035
24141
30982
97928
21110
72901
5576
28661
7890
3251
44111
45244
12246
22741
5861
9685
49669
68799
63642
13
25790
62426
64578
28246
28734
11309
3109
84045
98478
44639
25501
91136
64843
85187
86869
55399
58353
6785
45559
89851
68708
31279
98249
8411
61007
16377
41729
15154
91780
96159
91241
47584
22442
79250
8030
65170
80581
73188
35291
23718
28000
21043
65876
7361
99434
29197
4335
68739
84612
19893
36547
27604
28567
15805
25871
9058
99547
24142
54524
50439
6358
69163
83475
12913
34162
47134
63551
66015
80011
97752
56103
29994
91076
59919
30650
25604
23563
19703
8633
47816
51582
12234
22498
19475
90598
26962
44744
94206
71029
51740
66855
93323
33106
98193
74416
38654
39627
53016
13146
37889
77790
75617
53292
49509
10790
52123
3204
62680
77042
98434
97642
16641
53563
42939
55392
37359
72045
96406
47046
2592
63550
55252
89312
20441
40194
17320
85162
62234
35934
18308
110
65069
78375
4108
49014
62897
90792
95789
57915
54329
78256
12288
24086
1670
69425
89550
20114
58363
72835
3886
14605
23927
25808
39275
85273
34735
75207
60672
91885
54673
21375
50241
79062
59680
14597
37232
48138
38935
59718
45680
27315
21290
7125
55307
12032
81651
68220
30196
91269
12358
7496
14542
4560
41827
60905
99869
47882
33470
54579
86658
16959
22421
17528
94541
98390
37008
79619
84781
66859
50996
68998
9582
45662
22103
77123
64192
46251
17841
58675
14066
13690
87224
21562
82462
87798
72652
15999
85527
97980
91467
36620
23583
54323
81251
40866
22799
70882
56122
97675
65851
21406
63259
67921
90002
18026
53240
71191
71541
50145
65878
80328
36618
1828
30317
27369
78094
83636
32095
51309
31545
62554
9371
3934
34251
39274
53164
958
4370
48505
7355
54135
19046
7870
72636
61789
54014
79267
93072
48587
77910
7035
38420
99936
61554
5569
7457
29996
26068
17983
44288
33805
38989
84331
4762
33630
4835
67809
30030
97973
70855
20920
95952
12265
31703
23124
40990
6533
1899
20596
43956
42442
10002
10333
73940
64698
47216
32736
85844
4406
57882
89464
77858
24841
88412
55839
58487
62836
44060
93479
56496
93779
2388
46457
73266
33824
25166
56766
35710
70466
79798
20075
94935
74134
30898
93803
22377
82058
38879
28469
74731
29272
63835
34984
80651
21929
58604
31229
50080
76853
33875
16124
85836
99727
53667
53704
11495
98075
98087
99374
15602
19086
75495
98425
69315
36597
62240
31292
14224
64677
85051
7641
20891
5121
63562
56804
68748
17611
91426
30614
20326
14642
88616
22158
96199
67575
97175
70516
20218
91989
43291
72250
58627
14500
29569
56406
86723
11314
80810
21430
68259
98537
52763
57773
56568
11869
87533
69530
52989
54001
58155
77653
64159
80406
35759
93881
42426
38050
52319
72449
12298
91003
34386
15250
12641
53541
44721
2772
4912
59603
20777
72255
56699
12348
67215
49651
538
44034
55452
49569
68217
85648
38716
33351
33166
12491
1972
47496
39006
59656
59755
66992
4548
38782
97146
12318
33369
20697
47874
23806
93034
63950
63776
49734
49682
84488
39852
78211
56507
77732
2432
76566
96754
94245
21763
65132
43277
37945
18344
97614
38581
13332
73242
44094
70602
71378
93922
85606
29024
99326
66463
2954
88882
89064
54549
83021
89295
85296
30214
90103
6569
9952
72818
12691
1275
41703
6600
33258
33637
21292
50096
11932
47347
33613
19838
19252
62223
53417
51904
22150
66251
53601
53085
81321
59346
98824
77193
38515
9901
93018
4617
3620
48287
40887
62368
92974
56385
30450
61278
69346
55368
44526
30074
94717
60029
67384
91107
81372
77785
94772
81095
22090
68740
78507
25623
37025
58041
72461
17852
38930
39911
71197
63299
38634
9355
69311
67024
77043
25466
99824
85106
31793
26529
66097
59781
65062
68586
92019
17554
31324
53911
55395
87935
82386
11111
39422
42211
24104
9606
55237
36555
18084
21356
25756
69751
60780
96670
82385
1782
59533
36227
4336
77783
64078
29349
64700
80518
33382
42153
54281
75747
32723
58833
43114
89751
2803
62818
18381
34106
12519
5210
68881
41110
11109
67376
60896
47728
45357
94932
73347
2550
67532
18926
86455
52356
21989
58885
57548
86267
37428
34998
92668
15892
88211
15929
11509
30069
50536
31090
19366
4350
14346
17337
44642
75973
38868
36883
42951
57504
34969
24291
43927
58554
91640
44474
38643
57411
85024
47662
37315
37960
82431
64044
53408
98872
62023
92383
35631
40973
21230
10216
8619
49930
41191
71664
25589
58918
8858
76369
92020
34511
8616
14062
47407
52368
14798
10678
74706
45050
37812
79128
59172
66535
30340
19869
46148
94864
22537
73464
66094
6967
3420
87362
39836
8543
65190
7621
95357
17131
20241
85659
16874
93242
75488
93284
59139
10500
82950
94622
62598
48557
71798
99865
81015
74609
47852
23379
29671
73222
97390
86049
82287
47032
43525
11699
31534
82308
2034
84443
55654
50919
23528
27209
84717
98226
34228
41629
32515
67172
23185
55746
98840
54569
8725
44808
62104
44375
91229
26974
43546
79621
53835
85095
36925
80298
24739
89096
93631
5865
83888
58739
92610
38968
23265
8267
19488
35790
34743
11474
44024
24519
84705
91319
43416
71146
16360
58507
95260
73454
3896
91542
87605
30296
65056
33048
43378
31463
93633
37541
44598
41422
54532
47670
67904
24878
10592
16683
64270
27142
60491
3236
95051
65598
65029
5638
57840
80094
28427
23628
5038
83196
36779
3443
72939
46276
38150
64049
42291
60377
18939
33214
19933
11568
60926
52089
40268
73194
77716
36390
89574
12625
80976
17633
62899
16926
80167
29801
50867
2941
37800
96514
60453
98536
31530
43293
42190
60899
90784
47884
55369
38270
99692
70226
48366
69733
59505
6625
56686
91283
46142
85922
42834
98501
47987
93579
35711
38434
39151
92972
35607
23930
44974
64907
36027
88171
44909
72016
38712
20582
9065
51422
29710
27385
43949
30221
15966
21833
35234
68600
27334
90540
55190
44819
50406
55279
49149
23277
9352
73087
38153
25359
96171
96912
80991
80282
60048
2245
39295
16841
51514
74726
86297
94877
42179
76258
24976
56002
89728
1755
9353
3729
87518
73560
86628
303
94801
58867
43675
29040
63785
781
28993
67206
87400
85894
68803
38824
91471
97199
69645
84340
52209
52944
6863
51676
1456
72607
52549
19807
97722
60359
73193
91354
42703
31576
78488
13239
11440
76091
39786
58176
31029
97832
98596
60014
20397
15050
41406
90918
53172
35276
69046
6784
16425
3454
52029
25481
54738
55018
3435
67023
16274
10751
24775
91586
23519
81615
51625
30442
28636
66912
56368
42090
90936
17929
28851
95496
44542
93451
22430
80686
26979
22216
82331
50057
83384
84731
34111
80142
2468
90330
18942
52623
6197
60440
91923
99694
6202
51244
30253
43772
75433
65676
84790
22853
83322
51839
79437
20098
76546
68083
17743
98445
8454
89880
58787
9188
23477
66890
78814
88193
7904
44722
19697
51098
76984
32471
22029
41914
28624
23555
31274
15296
77680
71693
3547
28127
312
59604
42148
53869
16438
80409
68488
40499
52962
10436
6327
48716
52100
14593
59040
58614
96621
46081
55203
66059
13215
92450
60673
86298
66683
99001
49216
55874
52979
99532
75456
62403
77364
17255
2055
37303
32578
28331
19050
61196
92203
3089
20821
49591
44663
66719
14484
98548
53552
17056
64869
16671
80820
40885
43227
91005
9822
72446
60863
98352
45088
74856
9975
58095
68082
16261
3341
51322
50330
75114
5032
76645
28716
18329
57089
66662
48330
53927
29303
77415
68257
63451
54674
73892
69623
15393
16183
86891
35130
74779
43101
80845
17240
42763
98308
99333
28405
90986
47936
40129
28925
37657
90896
43282
21591
81072
45326
87130
52248
8807
14482
4165
8209
68443
21633
82022
22555
74597
6105
46953
12523
66762
30128
51376
49207
5771
89742
45055
24574
44168
8667
70852
62253
46235
41731
58124
60543
20496
72194
29053
77310
6794
81160
16106
83687
1233
43069
30457
73465
84617
4297
18976
28762
97356
13112
30496
39563
13148
48245
35231
15544
45823
68994
47977
32808
66744
33605
87121
1440
7167
64480
85093
12268
83650
65733
44635
84610
88484
3340
36108
54024
93956
68302
11964
82379
98811
64239
34761
15766
72689
44184
79245
34724
90171
34996
98711
75195
59629
55400
77928
95951
90032
19693
72845
70102
61537
16955
62138
21408
54017
42582
60084
9051
24392
1516
83329
58369
82204
52401
70062
87906
83303
25284
41389
98491
77037
40880
43984
12926
43599
50960
64215
27004
44389
33159
88852
93070
73534
46847
28912
20533
90655
87072
32709
34612
5355
38660
41113
64074
62790
75274
83935
43454
59962
53934
20580
13944
62695
78772
77377
38218
21582
47618
39100
34404
16632
35556
73327
69936
77305
22516
17644
45247
42161
79690
1283
76818
39723
1322
23270
95257
23133
94845
42445
88864
85921
22477
68713
44584
22867
15703
11304
89201
46703
21946
39403
22914
11192
1474
76480
65188
80803
15354
57694
26239
92336
43743
71341
87962
26704
726
15893
19230
92263
4324
81598
80036
19617
90114
31515
4521
95418
41984
9445
17104
56252
2116
77547
90845
85293
70647
29687
32069
74821
70534
35294
23697
72033
22245
73055
90197
86047
42899
83115
59742
80414
70202
50004
34392
13654
76715
5937
90426
27014
10985
25440
94968
76610
43462
42216
1524
29765
28044
20436
54796
29591
78382
19245
99475
18063
89452
70066
57105
40424
87545
26401
14160
82169
70115
79701
98572
23160
46550
50816
34781
53499
36013
56214
54252
92599
73237
52010
10138
94718
78695
31231
96182
73445
44019
11295
30960
33671
89377
52815
30211
39424
86240
67349
18649
23108
94446
3286
40643
37580
92225
67792
50212
87090
9079
98791
31426
69244
52804
51018
37073
71222
75404
80129
68666
72431
1370
31446
95027
29280
46799
29528
64007
8460
82091
63315
2215
31061
99740
83362
17875
76885
17706
79999
98544
77192
53474
4164
85218
10419
11876
5472
70058
78542
17848
67224
57268
81093
90041
68883
72470
42081
32589
95294
45503
53386
27819
52013
62577
97899
34352
42158
26567
30160
15845
7937
66812
82332
3818
79334
30661
82417
42267
67106
10853
16067
36816
45919
51492
98981
17624
10249
64447
27280
57285
65494
59564
56161
77490
35112
66638
43258
36904
36830
31961
77203
6806
37546
26400
93478
27793
5246
67402
94763
29166
84242
70416
41458
57509
14802
80165
93498
60222
25413
5702
42575
30682
63264
20809
12139
22683
32973
65627
57720
64556
53006
44252
26112
63816
14038
29754
66477
46510
74430
99827
43573
27210
3979
85657
92730
59702
88246
2234
46525
12382
9189
86630
43637
93226
97728
97009
67158
95546
60195
27752
10329
3576
4246
75527
48719
89179
74831
47334
17479
67774
43755
75954
47809
95644
35826
31411
11369
84577
36281
63686
88232
62913
74894
4603
71575
20499
26879
49348
69499
58474
50894
56589
67846
52287
64970
12128
38015
93634
53565
40936
35836
88899
70028
21681
87406
91436
21643
54397
17822
43751
82350
7911
41162
84634
94804
17519
40475
37567
71334
71568
96721
38376
71134
4875
56794
5526
66870
150
23086
94143
8343
22020
87195
65693
72475
41485
25995
96850
509
68792
46881
905
25548
83430
74323
13909
21464
36306
82199
69335
80594
95258
46934
85752
78478
33338
91769
66378
79131
9046
30550
15901
38920
12807
52079
63930
42673
48133
43625
79381
8505
40144
81937
78120
24189
38882
67568
71751
85385
16006
2567
45599
69060
49343
58216
6557
18615
55059
51191
42873
42124
52608
4887
44316
93584
15736
9982
67780
43874
73109
6130
29620
71218
28346
8301
33632
34901
70222
87877
96198
17842
71077
48847
64222
55278
29358
16826
85737
82918
65162
19586
69318
86512
57637
79797
1305
41009
48510
85882
69912
69015
93418
21394
55840
74537
7376
63895
47303
13380
50265
79597
47986
53793
69487
26650
5418
66468
68310
38934
45300
39921
26751
95224
74459
60403
70433
23396
14248
71351
46955
9588
51634
99868
24572
74477
56891
45993
54743
46054
2535
4543
59228
15526
49530
33728
567
39350
32141
74761
70520
96529
3090
38271
47217
50997
87791
58121
5160
32800
57813
28989
7799
85205
78881
9813
35552
7101
54539
3899
883
43186
99561
4723
87697
70261
42630
66963
13011
68538
78203
18499
6142
35984
69464
45671
77432
54988
91961
36096
54062
89750
11269
97594
4880
24634
11498
47686
31343
74289
33674
45161
57636
65090
41803
58609
15557
69748
24198
83109
71068
5463
20990
72478
90653
9480
12575
48489
35186
53701
23449
2058
94425
47972
54620
67457
12920
42628
29339
97712
98195
1151
47439
87812
98885
99921
15209
74338
44504
58636
67949
87978
5318
80218
87564
34602
39529
41879
46412
24522
32017
89863
94655
7417
54372
2892
4015
91947
96333
14998
67340
48200
67293
51543
64838
3508
71665
33816
31440
1172
9385
36938
61919
19081
96581
21451
16906
43921
58656
3848
31094
77903
65817
52117
36783
96033
64618
98524
32678
30423
3239
46601
37285
34058
95634
72935
73737
53853
85000
51813
681
51930
83220
38618
33930
54229
97043
22404
8085
77929
13072
94713
84140
99335
50577
18137
21944
1478
56563
12260
52831
98452
26113
76371
26958
71814
33017
11711
28755
68800
78353
38441
61555
51725
20263
53308
60078
95957
98126
40701
40191
22958
49862
14149
93561
71481
27364
3832
13639
22116
95932
81099
89123
35848
80545
55889
40927
50027
64657
49102
34932
86878
2343
85557
1194
68707
2596
31584
41869
80774
19312
34188
41047
57845
69972
83161
38926
12406
15123
72821
70118
44634
38115
79654
2495
35407
67725
22811
72282
7016
25680
89382
99562
83896
88483
86600
37318
87560
63701
86093
11022
51407
73013
93166
93867
76795
55651
2210
56561
65995
49068
56610
7250
51546
975
92402
54800
96668
37436
67114
42606
62656
23491
95849
76123
62162
29928
89737
65065
16302
91067
54696
47380
89642
26049
98442
72985
21022
13719
70544
90287
1464
41650
75093
47661
19238
25131
60817
19833
20918
68838
25906
88188
75451
66226
25236
57417
85845
43757
60691
96537
40073
91564
17015
62847
42844
61221
2754
86075
13691
46777
16262
9482
69025
73827
77873
67486
93919
44627
23473
39954
86756
28758
23997
14370
22778
20934
24994
70867
25941
86157
405
228
96712
77798
5102
45996
39565
45170
44734
31860
56382
79422
95964
18912
42308
93211
39394
78362
81940
20052
16811
47759
60839
90601
85766
27607
47065
72910
53637
55878
5220
40573
90267
49478
59815
76673
94600
81400
50664
78930
36947
22493
25742
29966
32333
11927
51372
31773
92687
37590
56915
43775
4126
54426
14617
78350
98793
63721
7043
79059
94527
62512
10845
60887
3707
13286
84739
56272
30190
96935
34784
87196
1903
94252
32926
20529
29529
96878
75181
22487
85545
36183
44580
72490
1450
77245
12152
44348
38286
48485
67811
74805
7828
72129
40523
44045
40557
28718
77677
73809
60630
70089
56622
15663
68465
61954
33225
92216
16747
62978
34175
60597
50056
70629
17595
24117
34197
21716
73115
3268
37186
67105
99062
75469
64036
14304
58102
609
42637
67620
53657
93464
4252
70328
65948
46233
84378
99960
64827
5794
85139
78805
15561
67618
16610
68537
63902
88540
43890
41550
12802
65492
82458
62751
24524
66772
20824
76430
64535
9215
75566
93607
94326
87683
32915
88207
53280
51516
9464
29355
51081
89394
50612
16582
76496
32243
92133
33522
92686
29575
49066
28364
526
47498
78517
88719
52992
82561
54314
42008
1745
28556
38427
27133
7750
56323
25932
24722
2428
15687
56375
69366
34892
16138
47111
75860
44372
36966
75491
31846
29965
4361
93513
16010
74945
54449
62304
6349
5185
56352
72447
80060
21082
18261
6032
78009
51173
44424
37528
18887
59035
70130
30385
72309
16178
1357
11258
10892
70947
25737
49051
76297
84064
13522
58527
34641
3101
23168
47393
47001
29515
43850
55187
8012
67650
58410
72637
75983
37536
57476
68704
66960
54935
66073
57788
13465
5549
65480
22591
79416
6911
58887
91554
4799
66993
23956
71662
92364
15237
77234
28711
43286
80701
93910
89811
8716
94299
32591
98812
73680
26906
68027
87816
79942
36790
19532
61568
44615
18736
85596
60509
2298
97953
46782
40583
54638
99637
38508
85149
53378
5365
72320
35023
20337
98328
41041
52389
77200
54806
3587
93546
71465
75377
21998
77723
55689
43037
96963
4268
78579
30335
26545
33658
81606
13093
46169
38437
20424
69291
28860
46014
31898
97249
15047
24759
22412
69983
65235
73492
41305
89390
29661
2314
93491
55592
9876
93714
94828
18761
19796
11224
46296
82296
96286
21760
7436
73012
66632
41302
44091
70763
76671
61975
79284
85440
49995
57043
97507
51875
97130
15978
36238
73594
18591
11050
24379
35624
55104
2987
90747
25694
32748
85468
11431
27118
63337
70281
82241
73050
19196
93660
92578
8469
44757
10471
81037
44729
37679
76095
91482
81582
7855
16804
28261
76121
32023
91062
29200
49272
1133
54652
14426
38506
61491
40952
61599
50510
91862
68776
75214
87514
11778
51496
66889
97634
71642
48600
88895
4972
45673
7089
43744
78270
64097
43690
63799
40859
3258
62706
63656
34006
29426
38204
86166
48104
63967
57189
47322
20183
9872
16986
77275
80892
85105
13917
7374
39101
48744
20168
9457
46956
72451
38451
54366
44306
29224
56418
81226
27887
89412
91484
12644
7643
2364
35839
24825
20550
12564
65992
97583
22115
82080
38428
47497
67088
17238
18100
96429
30109
63749
93136
38823
43072
85042
61190
93725
90176
32680
76961
63671
82258
68606
82796
3104
5077
42348
98437
80722
48484
48763
34521
76120
12112
58928
69262
43336
23096
68966
22109
79781
45702
85760
13249
79820
93220
87829
84591
65799
20406
62000
94918
36445
22443
90823
12958
78761
86531
10239
88595
65258
57368
51430
50397
5846
55820
53152
96876
32931
55200
399
21120
50704
56309
64050
85391
14355
84322
50077
15554
16763
39680
92138
43423
95567
38348
89844
62415
77119
43376
2214
10608
89333
76351
86880
47151
39392
41665
40711
13378
43939
62013
26901
13792
97604
33026
57481
44606
74655
88070
37760
10735
19610
88904
64101
19048
38938
11884
37114
65713
51561
6587
15669
30325
55362
50488
34938
87948
94496
48246
54864
78088
81775
41475
58426
28111
59398
64952
14282
43873
48567
43089
31307
72992
38026
90501
94551
63893
22756
53958
44417
88431
12985
47952
69430
67018
42083
75301
47110
60217
39795
8608
89971
96241
45320
69342
96948
54399
63026
52580
93412
30077
86083
47197
23502
89046
53413
90393
87753
10659
47024
15705
60974
54217
789
65588
4983
49948
5948
29756
98959
54639
89605
35562
27984
48112
3048
60624
23002
16556
1380
95285
93931
65278
95268
50103
61636
73707
47676
97557
51360
52077
27516
49960
32528
90778
49869
28724
54163
87480
25951
42424
2268
18196
21548
32887
12943
29018
59149
79495
33829
54255
42541
66229
27826
64266
61465
14384
49740
51022
95369
9442
93082
70756
59647
66264
92880
84659
19915
249
85928
41298
75413
18544
70888
61235
47067
35437
67234
64295
75245
1306
96699
9809
97214
14204
29757
9558
35726
30606
77073
20661
37676
98416
18129
83111
94966
42947
86283
14788
42133
55513
86168
76223
64543
34179
60262
9008
94304
21139
78993
92987
87138
77444
53037
63970
11318
15279
88836
48308
86592
96932
89023
11753
38872
5313
96097
53647
10795
38586
93230
65466
22572
23348
4562
71634
9415
47176
71046
24216
94411
19294
49392
6845
46841
39850
53208
40299
89836
20960
60652
46757
20442
9641
43343
51569
1217
61194
62098
56143
60511
83695
13687
40049
77546
68791
33272
96157
54576
28443
77849
71828
79962
70928
41244
72952
69888
64536
11331
40958
59879
50474
50
49541
48757
31194
17819
78835
37980
18346
36909
16122
58778
47284
74948
91806
25797
55426
17935
34551
79093
72222
92807
62100
75723
41749
17122
69639
77694
97023
10841
71
4322
47995
28166
75772
61490
30248
36298
38035
30557
59827
18721
34338
97667
38681
83501
84703
60854
15311
22633
78795
60430
10567
92913
44117
15540
21220
31990
68422
36299
54739
71225
43436
10937
21416
36958
30743
11772
53634
92080
30943
43551
33603
44781
8314
33496
58996
86864
81686
43387
86940
57562
57819
32153
75139
81919
69990
89396
28423
90820
52677
8945
70595
55461
4099
1884
78368
81097
51214
34002
61471
8628
27068
30181
68787
64986
89494
71459
68449
84917
99460
15029
95004
70569
9279
47953
18027
72708
71439
39779
24380
41303
60102
2103
51639
78898
88789
26318
9932
98634
80541
11790
55804
74003
23509
5189
53
93306
36293
67038
71925
86673
40613
65477
67704
16370
33038
57815
71746
79677
90876
52915
14552
3366
81830
75751
8191
64571
10624
60471
10942
4341
59917
87397
29403
68510
92414
43107
87926
10341
49889
60128
42879
41483
90599
51432
97641
94246
40666
48508
42750
78315
3642
94428
93662
16359
51809
29331
48223
60671
61697
6267
26820
57872
44394
14210
92908
90912
14037
23987
41011
56925
14443
48674
39687
98047
21324
4433
15512
11701
63423
40360
8538
82964
29502
48805
41961
69923
58832
58315
72680
98007
55899
65199
60601
81003
67187
80716
46126
74755
74505
62522
79314
43250
77125
94458
2876
58735
24974
28864
8752
31752
39889
90332
55762
75878
34120
42113
71289
22895
91907
33255
90947
95479
68807
6711
89706
38483
69880
83080
73648
58264
13527
46042
57376
35829
70912
93649
58948
33284
92786
96813
81000
18940
20830
86551
16059
9219
45897
72094
40796
34877
60324
29307
54187
1341
49419
56347
88167
75927
6720
42207
50322
37110
86063
12436
5074
80358
27859
24238
98823
56584
73213
49968
87657
98196
29686
26734
8882
80327
14952
3215
35176
95024
21102
55274
54729
98789
84505
34434
21094
31101
34650
29154
81961
68278
24282
2212
77518
94950
74806
30660
92370
29142
76458
88500
26713
59924
12888
11528
69426
8509
38937
90376
8922
53062
23259
27257
87523
52611
5837
985
35260
32289
76138
18295
80276
53797
90254
52624
28040
35254
53010
43358
5903
24180
94033
53030
42877
6698
84053
39138
72994
63535
98460
63416
13367
54537
81772
300
51276
64073
46918
29791
91902
46851
32627
52156
65229
75400
64146
68594
23368
42560
94091
70425
14596
49823
48923
31488
11066
40253
839
2547
18283
82531
47998
76364
73573
98449
70541
24686
88958
26321
74346
86219
30433
71127
45895
32995
30621
32929
27723
35748
96799
38102
64764
56294
4514
88008
98288
69264
80037
43247
29002
21211
87995
86100
32521
70338
41155
69543
79014
39015
82236
88916
61668
13009
53426
5722
78994
8812
13645
27063
32430
34377
58312
24837
26696
71221
81193
64602
33337
85190
32565
37828
64908
73459
92540
62221
22361
80234
33203
23033
8281
77643
11206
40948
94353
39409
23047
45116
83864
10318
18288
56541
84375
7887
52658
4924
59079
81238
20837
95733
33974
44563
30924
30795
62556
52269
19440
31479
266
82244
32956
75198
31092
59396
47772
80449
55375
54332
29566
334
23699
3665
54029
75931
30927
70985
85600
30979
59684
74864
5582
24894
6492
11138
3337
60744
691
19277
83182
89583
82663
70927
33252
46562
45732
96551
79610
63415
77539
54684
43468
51493
18152
72054
67731
11403
53736
8142
53444
7953
73759
19540
1302
54375
53149
47616
60401
26422
69963
35793
17553
8329
12
11592
29333
94373
73239
88480
36771
21769
70198
85469
37153
84669
68489
60520
26623
48852
33366
67310
49698
54723
94987
98822
41046
44395
75414
48675
51910
33762
26647
41101
74893
23234
93906
33029
2063
77686
25884
20995
49913
32120
99519
60454
22034
26354
16128
55371
55834
5046
20074
66273
10791
54861
29669
36400
64711
65250
90289
85601
44588
64436
60569
47291
96088
2966
53223
96001
39833
55806
9937
43326
78045
65161
88266
25748
42824
16233
32139
42558
8802
90455
18005
398
14556
42787
7405
55747
5366
96547
10245
96615
49809
22023
3806
80538
65614
35403
39967
9167
64671
72773
58361
55776
96007
39945
34576
10977
87754
81655
36568
76009
43667
95694
95063
64586
65908
73199
20902
209
14941
20030
35400
45730
64386
98763
52222
63091
41168
12232
87827
32916
8270
72442
64874
96919
12264
23332
30306
45538
34353
54064
21850
25033
34568
62814
80118
46681
53613
50172
18514
68305
70429
56502
95007
34859
18992
91268
95734
55466
12337
63036
51777
82669
78414
60081
54497
777
68512
43178
69470
37672
22231
30674
30665
67020
77640
6668
79565
159
69059
95739
25831
40287
18036
19989
54766
25215
87452
90441
83326
21438
94843
77568
35854
82451
2537
41667
78254
64702
8564
47297
38783
3572
35923
88985
22844
10089
65805
43246
66385
1805
50723
33195
89073
32463
88631
67162
41064
47823
93757
14288
37704
81418
84272
18467
65340
15017
1494
9524
36364
94546
81144
56565
54383
89864
89162
848
64523
11193
14716
25262
73833
70961
4243
14739
21025
45332
78252
35125
27264
10996
8447
70972
6157
80975
9998
34632
48375
21096
34285
74064
88919
19114
82758
24778
31839
587
79496
39910
47363
4425
69308
27974
49278
85027
9043
50503
57487
69796
88766
42425
23579
82442
4796
26803
70141
15331
68088
17300
52669
89798
89257
483
25656
85241
98643
29509
38886
35271
78849
75906
6566
65387
72237
45393
99522
31472
81625
21964
37593
2891
81163
36273
26262
71111
32702
9570
52423
48884
25513
96947
40365
1115
48469
86793
83294
62113
70314
23601
52316
91314
55898
49829
59846
3405
29737
84158
97034
99204
59482
84296
18314
91476
12662
2288
60638
4852
58411
85951
631
93281
13828
9847
98876
55095
61057
47906
13821
92347
47909
87159
27673
95365
53259
96454
56215
80162
36610
90964
83691
77187
24174
85689
22813
6168
65641
96728
44452
81699
77172
91671
70823
90757
7796
27695
90974
48646
61892
77486
69921
28056
25423
68631
28760
56251
72313
18127
1671
96807
87656
4899
49464
20500
40493
46177
69396
630
88723
16081
68184
24756
72669
15799
37806
93254
72745
84802
14080
38175
49020
54285
45131
94140
92675
44334
94314
81555
56421
33032
55431
94403
71896
29874
81993
15244
6326
17918
50903
7650
70772
19533
92222
22541
34700
16372
77887
7884
13847
22187
87848
45711
42477
91691
98595
32784
85374
32815
10714
91288
32266
89590
88019
80050
55470
60281
17370
28430
16938
70979
14213
75987
74748
53412
23989
74671
60107
90375
74276
82572
35052
97327
38568
89196
62527
63273
89475
50465
38144
61550
31340
15756
33844
3988
34438
78697
10711
20524
48241
59709
2195
5583
14521
24063
24792
67237
15257
23012
70395
84167
54943
97694
3032
65290
62396
62082
78792
11219
66726
81414
9656
93069
99111
5858
60126
99081
3404
20971
61834
19070
11052
60176
50006
28344
62992
72618
79964
14299
23665
37647
8917
13321
85800
87762
72015
8986
28391
56009
9999
48178
823
47229
47868
94545
57501
86106
32352
15962
73031
16707
93838
76904
90080
23839
56962
32427
82888
44896
46302
89014
4911
48662
46593
58275
67676
93635
57749
96336
62054
11982
74079
9479
8003
10000
67598
85540
30714
96442
62309
89308
53126
70525
99670
72377
484
21992
13044
25349
26215
34027
74047
67824
82919
73290
41146
15712
77480
65287
46752
35629
90328
97731
6293
62413
73049
88923
87068
10028
51690
23040
60766
71682
17509
65801
85137
42828
96869
24577
53985
96459
26919
26456
597
42653
95185
18392
9577
55257
76499
77804
13056
32697
27494
76178
75705
35665
69362
31518
15918
3916
15197
6523
37274
37124
28647
57719
47642
99848
81152
83180
53815
43237
66340
39823
86979
51836
84795
95036
73045
21862
31836
56948
98483
42169
15043
30693
44211
39118
56660
50500
18613
21539
94413
44717
36087
6598
94207
81383
63080
57135
41581
12408
44548
43886
74527
36339
37072
48592
62287
18174
39136
37222
70074
2985
83745
60407
37118
76080
37394
67828
2676
80070
447
44368
67597
63998
92793
15400
4145
95393
57473
11405
88458
68843
13262
36492
98925
69686
82353
65536
27056
19640
77545
52211
88463
97707
5733
53185
58519
92377
35497
28936
11104
18201
92874
83328
43406
8257
86147
22738
43500
85389
87825
19619
31156
34399
28066
1329
49023
62770
47568
12962
16778
65043
46476
2054
79502
81348
64401
47723
61339
97315
22919
85661
57223
9997
29462
68222
77809
88250
61777
30857
95782
47445
92662
10629
44420
51028
4829
15166
95118
92586
26455
50127
43996
17472
49461
73859
14736
65139
52204
67727
57659
39715
35505
15336
50048
33633
53846
65097
59295
43346
63124
70040
91858
11151
20713
16376
22743
44388
2665
4473
79174
26753
32412
65831
17449
70267
36485
81273
7595
46784
98960
69887
49556
59892
76350
72695
48064
80308
53371
80278
87602
76390
38436
98990
65654
15975
83512
35875
39562
92891
12746
27634
26176
33221
74389
8476
60982
90987
36184
77770
37707
17211
60800
38236
12378
18969
38573
81933
6392
32976
18345
22567
73127
12023
70918
65759
82546
93206
66995
48590
39413
93655
116
50162
55409
26589
52841
3086
78663
41496
3718
12848
33581
28807
47079
21060
76714
82992
95324
59154
30892
93316
12877
27843
43688
44049
44938
48527
69560
54349
17324
55423
69066
59987
77219
93358
38911
58612
68270
76752
26043
97687
70453
61188
50955
33769
32873
78749
92248
55741
12600
65989
44802
6466
76894
12308
46929
7944
41921
53861
19805
63907
51237
8721
11410
42906
98962
95237
450
44126
56868
26983
94431
42040
43506
77230
66853
77401
33412
48946
17982
20581
92693
34908
93716
35058
1915
84518
48094
63888
33838
93726
98543
55312
97412
53105
36642
34712
95137
17372
74808
57257
85877
78770
43564
79910
11759
33322
29649
92247
35168
52371
81840
37065
50350
15413
53900
78564
83689
9052
32436
12666
83934
28453
4855
68751
60660
88722
97538
61540
48217
56180
87535
44051
43045
77199
47019
23489
66249
71443
10984
12605
48284
77800
36257
58470
77672
93752
31276
42693
26884
36198
70641
27973
25632
83062
74246
14408
55920
26291
64224
26653
47257
28020
64150
29056
31705
41548
61514
37613
51854
82564
13258
32573
72000
63462
64364
75657
78921
7628
11486
11503
36804
41022
33587
77476
928
11519
93067
22279
45333
96342
57846
93366
51339
63942
36664
98353
61694
58580
27616
27961
30341
33786
30200
63533
66527
89241
26687
20829
64209
28290
58268
83232
34736
41316
73103
8238
54967
9155
75368
66800
76583
93755
95459
31478
42470
81649
24676
19711
12349
56972
1260
81822
76274
86061
68308
20771
99633
77363
93564
84558
17750
15168
28796
65457
96181
90264
13816
6631
54436
85103
81057
52353
30538
46005
56513
81350
96982
13226
66083
68961
94552
88044
4539
10668
4279
78560
9803
52872
91515
30116
21244
41867
42997
25870
94090
14281
26562
26440
70799
81517
10008
957
89451
45405
94690
3613
26842
7900
81281
47331
75070
55855
21873
9248
2441
28904
79800
36040
5692
66733
39659
22883
94833
6518
13702
90227
1326
85642
33042
17506
23608
78074
59872
29677
66908
83637
35117
99557
63984
49515
67863
36815
34410
19177
9425
36679
52664
90044
24600
26404
55831
15658
63971
24732
57896
20795
98109
26697
95262
12660
81910
38693
76159
57520
1547
15518
1653
69642
35651
7794
90261
28473
41604
23088
25629
37481
20133
67487
26082
51783
85789
40245
82771
88624
52854
98339
23091
63720
7253
46969
85692
82797
24931
25835
6796
78748
66407
70580
6068
60492
55085
83964
37143
70368
52154
31741
83765
3473
64906
37029
23595
46128
38300
90909
63953
21605
93261
90524
83822
18144
46479
43919
24009
12367
57820
77089
8708
95222
38272
15395
43635
55682
34555
55863
65847
52093
49384
78097
52256
39357
52662
64622
63558
85392
39046
21289
53648
36359
51332
6657
89818
29568
41177
54480
22317
63569
77817
31493
43879
62353
31529
7980
19948
58061
5007
50548
37994
92768
292
21972
89150
87504
31264
34550
66256
24516
30017
26787
99216
58567
95937
57747
30756
95892
96748
88160
47817
42743
89929
89968
22147
11658
38067
79283
59055
1526
53333
92134
42296
46545
95866
60438
84514
85865
79990
43728
23178
48313
84752
72502
95665
87458
47372
57283
20693
79963
99141
11881
89403
45587
91033
39016
21908
8166
42612
63932
75086
34945
97283
81618
6079
70719
32274
61350
31634
62323
22021
43659
50327
26918
8486
34630
7068
90961
28314
70620
67290
82865
61861
66752
70611
13852
3097
80160
8368
59949
39887
68383
70244
49663
36744
34688
89099
31694
66208
21491
95387
12619
90765
2590
40317
85329
86395
59850
65379
85407
26371
10016
44007
97681
72803
64205
63350
97165
96951
93539
57197
83677
10989
92480
57181
7913
90181
14510
65648
7579
85146
2161
44813
85778
29567
29448
17963
4342
38409
27782
16903
1560
22011
34118
10492
26273
53643
46248
60475
64612
98419
72293
88947
74182
5335
71436
57521
19207
4228
73945
45283
52359
73264
15549
30255
86741
8706
24211
763
30198
62969
34489
26815
67924
59392
72427
26632
94979
62256
98722
60447
64145
56289
79874
19815
22790
26180
3487
20440
25651
6956
5067
67351
27429
87872
17905
19778
99463
12197
93165
76550
32304
24457
54862
33116
54767
47566
19911
46587
57621
6723
3185
40152
11537
47472
33188
70189
30114
12057
47260
79550
48411
28639
24887
15195
92604
38591
85366
92210
29120
13285
74747
30259
55318
95424
40286
76682
71217
89937
25419
1940
10139
7086
71608
74341
40018
58869
77639
37272
13079
13029
72421
40594
37510
19330
75557
38646
10011
48974
59617
83894
63348
32659
81719
27238
77370
26928
22263
63611
60314
66643
26631
85223
400
36685
53057
4172
27431
23030
76690
85180
69013
32045
49150
11167
48501
31162
25684
30687
52432
90384
75006
85461
1125
7224
10803
63592
18484
62968
72755
43962
53490
86527
18690
14794
37214
43297
76319
93719
77036
4841
73663
18075
4812
10802
87185
64158
76193
42122
27094
64029
7098
94218
76400
8529
54993
39703
71631
62408
65453
42200
27997
40942
1555
48470
13961
34622
72375
59857
72524
76751
17512
60651
32543
55138
99793
63492
74983
91897
60374
82389
71621
97525
53639
92952
52597
74993
62389
32165
90970
12129
24606
59017
23652
19195
34780
33390
77057
57982
39182
46459
12987
21363
49777
84958
50119
25134
16633
47339
98079
61579
21843
5101
38610
8190
54971
66375
34982
30691
84580
82470
43537
88765
26985
25830
24260
34300
42115
7292
62491
53187
95190
12681
85938
9826
45751
13502
23260
68819
96390
73770
55239
81856
61691
78128
61528
29760
84867
11807
41494
40281
82503
86453
74487
34051
73843
38962
20711
89709
96490
51621
67019
80912
15639
53808
24308
25417
69937
99512
34683
73267
62644
32588
90646
11767
93233
81541
94595
98686
54088
37399
55434
48929
77890
47688
4173
44822
97284
93982
61889
51176
90768
81125
16166
96692
40254
24991
19615
63891
75884
49312
67895
72664
18997
62144
20991
52726
43689
67636
24793
84636
36915
9203
77154
88064
38560
69053
41531
17569
46959
12955
25058
38058
21426
44421
63633
46439
72929
71206
26353
14029
76937
33317
80224
80196
2707
78977
26156
3555
47390
64765
26299
99659
14609
96062
58512
74851
71995
82303
17499
5329
73789
37983
72158
24971
80517
88426
28832
63727
28235
36431
86472
81819
81330
72768
15777
38392
41941
75423
86602
17476
9651
4678
24148
51573
39036
68394
57048
72514
1515
73284
42771
16587
75686
6239
70308
32381
13625
90471
87364
71034
31321
95701
71109
88570
42890
29060
96229
2944
1171
97081
79063
68689
27745
2438
89401
82856
12774
86857
65409
99625
34227
45500
3081
94996
49926
80585
43032
17973
72297
56429
78512
37250
52278
2611
87024
56727
88377
3776
64221
20816
52840
47785
98652
81524
3468
23518
53500
45349
22165
21721
22385
14108
12688
48002
50826
3512
33396
77869
21278
11530
89214
74943
28160
69407
84027
555
40036
72445
73476
64456
84826
22554
58414
38575
16704
41940
62984
46747
60681
34740
99767
20624
25086
6890
547
2383
59519
12051
43224
47731
86865
92438
50001
37530
51113
30700
63949
63607
8614
85985
98273
61560
99230
7014
46333
90240
6974
12021
45969
75371
15339
8545
12830
25825
37848
99276
75536
94280
17671
90324
25173
72076
47713
81481
1095
5887
55248
26785
65147
87730
28680
13426
50305
50247
78899
8319
49697
29219
79104
58878
43773
80533
67996
64573
36961
85129
62037
21669
85059
34537
48281
38695
27598
24016
28801
45494
93679
15099
65613
30901
4040
13048
63845
4606
15621
41479
24753
24020
90065
70685
69898
56394
89453
82983
47070
91450
43721
4902
56596
80498
80903
96858
30398
83078
48368
4360
83899
51981
18441
70682
11448
20286
44401
23975
37971
57550
14128
51416
16626
24730
27087
48601
8876
73563
29062
13536
97479
91438
53807
8935
77896
52495
17285
99181
76494
42949
26213
46892
91610
40512
59727
26551
29744
97340
30755
85570
97700
96590
86696
63605
75932
44719
63764
50526
65746
59979
34584
40609
751
87251
73429
84596
62464
87375
62896
67045
52599
51125
99104
85952
18816
33004
39097
88955
80873
70401
9722
21049
62805
3716
68391
16823
47204
43524
19489
39720
59263
99738
45572
99732
50326
10563
33972
46188
61485
43691
88892
55119
57569
98470
26510
51831
99361
2229
78063
56474
28145
8507
75459
6742
20453
91212
55208
46468
58759
37249
83675
79614
31177
84324
87807
19770
63342
49994
31404
22531
68161
12918
11760
57458
65881
20444
99980
8176
13252
21787
21366
95923
9496
97164
74044
27100
52335
61117
64628
71703
48813
98868
19966
14530
8720
58601
51751
60024
95857
8107
54883
3154
11585
9708
97011
96103
41465
83165
91494
37542
18088
99006
42518
83617
1826
97080
60076
71169
4793
63086
49358
43415
54859
81706
82052
99586
77019
10501
95297
15004
65391
57991
32618
89886
60730
54649
14181
38464
41073
87555
91692
20055
62015
57408
34937
71588
41056
38493
34730
91388
4113
27507
94837
70838
30558
77011
82486
92235
45698
27750
81474
84293
70171
23616
2890
80513
31351
11305
5191
54219
26179
73493
49253
46866
61525
18684
10119
42712
35377
74349
86090
65107
36586
92842
39268
66031
51303
23637
58992
73513
14494
97198
56217
18108
35718
91394
6452
41933
41149
1507
32353
41820
53295
77617
73838
42001
68561
64088
94376
31038
47659
3519
22944
13505
72949
12828
93821
75749
79957
89386
62184
96662
21493
27644
11382
95903
90011
69145
90085
46179
5013
55413
99666
24562
17
95233
34214
21767
29602
12113
40536
58671
52769
57120
84098
90272
6528
15543
32642
96889
56306
14672
71412
90675
30528
70815
58057
35740
77531
15552
83056
80121
48893
15595
8377
94559
7776
88009
24363
65487
9436
93223
40655
64660
1721
99262
36506
73286
73184
67870
51982
39271
37847
76278
64899
23599
7070
35500
36175
71629
36920
99493
2178
18212
57633
93079
21756
41016
38110
95384
69363
55101
51583
29242
54113
49842
65332
93805
25274
72696
67235
39402
16867
85100
20803
23386
49220
12933
66814
1835
48603
84135
16291
96271
69526
77395
39284
42387
82977
51406
52449
77627
40881
69594
35334
45922
85170
5253
14285
82551
95164
69032
81101
13717
27815
72044
9456
22714
26525
1600
96332
90485
38371
91620
97084
95827
5753
99415
89544
21087
10728
98695
3767
10750
82782
48665
33484
59380
19756
34879
95339
1514
56399
63148
95412
29026
24549
93138
12185
87569
7171
5817
85163
20501
52799
63042
36233
85612
90310
96119
16167
30473
42529
61696
86353
89459
93449
50335
58329
6872
1351
84431
77953
13203
37402
91844
75874
58330
23538
97921
3946
22126
29642
83351
31168
26894
5195
15936
41391
39124
47539
51502
23870
44982
93760
76670
46491
58077
71431
94165
76571
91277
35719
17234
46980
73086
23594
38766
19148
15933
84595
43088
68596
51888
53107
44323
11681
55106
40474
25391
37996
76368
74710
12384
36326
21401
75376
3788
10818
53506
44622
45561
15989
18072
28616
4261
94731
92421
82898
27067
98784
98593
4671
14790
74060
85308
20742
11783
40337
24827
64605
78938
63804
15853
37807
86816
69507
62038
46870
23580
8113
55841
95925
517
32016
92886
83264
77663
64804
38369
55342
3299
28091
14249
82727
41772
43730
47013
33492
57862
61846
13968
57131
76647
37920
21003
94570
60852
7734
89645
52382
50803
19527
77636
4822
81724
87454
97140
68629
25120
16023
4127
67577
24409
35171
2299
40311
96781
43155
92220
87441
78050
50486
98909
1122
63152
68905
11887
16204
54183
23915
77334
16544
56369
73364
89630
65677
61659
74327
81811
55010
47256
10918
93549
25569
26089
62092
45142
86371
70598
8873
23197
66284
8207
33750
21310
49923
42170
39925
2474
89093
33752
62866
10038
3580
69819
3723
85867
21304
58020
14795
54089
51267
30438
58277
29041
88962
31539
60194
52949
93050
33802
1922
10844
52148
17304
42924
1533
82254
92417
64984
44071
37400
63010
77509
47925
55760
30380
16622
27544
1491
71738
59783
50233
80505
97528
94054
12151
26079
14541
73821
63261
1806
58458
73497
89409
51723
87529
76916
91525
19902
37087
35061
52300
85337
8475
59532
27391
52850
69867
24428
51328
99591
68309
33196
809
645
52546
15458
98500
26534
48500
21151
63753
89860
24781
1072
88894
89525
97688
71288
96416
7490
91528
3277
32169
82505
18007
50408
84945
27102
65176
82506
29263
10083
15562
97196
25739
93356
85409
40190
47304
18803
40398
56939
43059
72697
75634
79475
94327
97623
85908
6963
87633
87547
57516
49370
39931
5410
26695
57193
12859
17621
53192
94031
60316
73
42909
7899
65048
74071
9345
66002
79979
69875
55907
7244
58302
46615
35031
54523
72852
57347
98862
17732
66580
82664
88664
24187
99345
38661
53663
84918
75924
20758
19534
5718
15045
66163
66879
99075
4501
26255
65625
24920
29146
37782
79146
58452
64166
11384
39028
28990
32272
81636
17096
29803
85538
89038
18256
24866
12759
43937
29771
43829
22107
80797
8761
52480
8432
15132
13799
12909
54401
92922
87471
79061
35986
97100
5600
19822
48604
61895
36846
50637
25376
85358
70798
57106
56802
43519
5551
97670
15676
94230
76651
39608
77252
28898
80381
27316
86640
63477
28187
4384
92590
26125
67530
37434
31807
6880
33549
35537
48843
83785
24153
25392
94034
61247
40450
42134
7633
90120
757
36487
23514
2069
63400
77577
46629
71070
38877
82117
2716
59795
36271
83517
21825
703
26097
768
15824
59316
89679
86386
34280
32552
5507
20635
8800
11775
38096
63841
50208
22764
80007
65507
48551
72967
17022
91417
43211
23662
73144
87624
42588
64801
71505
48043
73878
35344
10628
24227
70382
67540
7349
22417
12769
9818
12651
25314
49249
3944
86439
33516
93815
99546
11469
55383
98743
14200
59175
22862
33567
62465
15343
89080
15563
73486
31273
86473
98878
94248
65688
87972
88527
28650
13777
52819
92048
94902
58467
74307
39978
92193
28461
31308
89569
62572
15527
64902
73946
89430
67984
60824
32555
33374
1170
72028
28152
46842
49649
18968
95512
24399
61139
35966
71445
57928
62480
67000
32394
29839
92868
74013
93503
58564
63491
10806
17403
94921
85122
95411
27001
95726
18038
59397
60683
73575
36730
783
71839
73175
20173
49767
8992
74204
67129
95984
45931
43555
14394
22050
3590
39156
73694
42661
88346
89461
53746
82491
87160
54377
89145
3056
85158
98690
28017
69655
54428
49805
47851
29927
69778
17396
71612
41499
55756
64849
6577
47946
7635
19051
33803
7186
83163
72288
5382
58371
14871
68919
77016
24434
51363
31951
95698
39359
92585
30745
31447
10202
62314
74683
42302
32022
6385
22157
77888
24852
87774
45027
49227
35205
13200
46983
27510
43585
19718
9911
84133
79257
33147
94021
65063
83523
6756
93038
818
57195
86478
93628
56478
1519
35792
35085
59425
28513
51591
72776
5784
21561
7580
29400
11142
56522
29370
10627
82715
67155
37900
66601
24754
83943
14499
88472
2516
89620
97019
37407
81008
59586
67553
34121
56137
73852
92075
47077
52479
34
82914
87079
45287
16950
67784
1833
766
88135
39159
31365
43964
82282
74588
63990
51036
36588
22372
6325
15951
82305
48473
66128
81852
45881
14875
3949
75969
16456
55560
60891
55017
38338
35715
64057
40820
47410
37655
52952
22890
9294
83096
55343
24179
31970
1070
99163
81091
49357
22304
60445
64705
60843
63320
88609
10821
63355
75143
42725
63323
32739
93675
45583
75811
22611
13902
47825
72511
30653
44991
49032
57128
92317
18720
78976
99513
56849
37949
98662
26851
83910
25159
47157
48988
84282
74638
96673
11479
27969
56892
66019
52706
99651
19313
91757
15371
38541
33459
38200
11996
17100
94572
13347
31558
87613
93308
79700
75611
59041
79389
50524
24847
43413
18479
72278
39172
97966
53297
31266
66230
94863
2873
97926
83283
94379
79016
74301
44943
28829
13033
42757
13661
99799
61272
68646
98111
97529
82008
58845
85754
11374
65585
54300
84926
95967
65796
6273
28613
31470
98010
91255
32082
91685
3719
5407
84188
99712
333
7038
86024
65377
55365
99135
10902
27350
44738
71952
62575
65735
82088
3849
91258
17383
47267
87484
57199
14721
8241
3229
42268
79376
35799
54093
8491
16553
8040
23081
18530
21772
19002
67504
992
74437
29455
43419
28780
86942
87222
99749
32693
49861
62196
95722
51054
40622
10289
35221
51005
22446
43166
76208
83217
74967
37100
95520
27341
1343
73229
20604
81358
42979
24357
92638
8788
2455
73564
43132
3133
65226
12817
25913
49043
49914
72399
72100
38601
68198
13206
53899
55601
51817
52950
86417
47456
72800
15899
12120
1113
54148
41099
24303
57958
75062
32626
33091
52331
96397
86582
68166
22028
25253
21378
90127
21936
75524
87402
13548
97040
96913
69306
30602
24345
50583
24620
72476
65253
43530
23060
34034
2822
43204
15130
86021
6376
57750
61533
98901
75080
33919
69630
41540
42253
33472
57957
61551
58943
84609
80314
61684
85619
25901
8290
31116
54079
82220
24169
6599
7155
63268
14326
77239
18081
65630
12169
25561
1473
56681
889
50458
22251
3289
78866
87294
1870
43149
81191
39762
58706
45016
68778
54705
92622
41605
63469
56666
60561
14366
26614
93519
23962
15116
45340
80640
76096
5690
11559
80290
84108
60342
41500
63544
84373
9324
4622
33149
1655
20088
6077
61078
14545
48406
37480
3770
63224
58889
22608
73053
60033
39410
39987
74810
86209
70463
25582
41656
91335
17385
82958
65025
49283
80536
17287
42177
41522
47119
4019
27480
46590
15019
18016
88182
26084
79736
72999
51564
9190
60959
1355
63674
30204
34864
2826
1584
21261
23919
34956
52888
57956
40556
8825
20346
55629
32198
39320
86172
47990
41295
61361
20280
33310
23995
94119
2853
57141
46526
22184
43758
26988
69811
7286
21051
4648
20301
14978
25905
80655
29505
80889
90049
81680
46440
88897
47754
78292
10217
19023
19362
48680
34109
61998
97574
63635
81332
94697
70771
77876
11242
64780
8358
68820
65575
84819
7813
22362
35628
84718
1301
39742
28725
69871
83821
25832
53239
66116
69285
40093
80775
41586
17687
6597
76997
42118
51069
81440
20969
22177
79958
18413
62148
87923
65098
61732
91061
9272
40909
32034
75990
71870
4910
19369
78676
26458
73192
99115
87162
90140
24757
90458
74887
77584
13271
46121
35238
37084
90472
74663
12175
28870
46933
82634
77993
17552
91423
98011
14714
97985
33049
33344
1256
94477
22697
92425
33290
95640
66424
98977
47865
48176
76408
49330
25097
4837
6900
74129
46549
4827
37761
38620
75598
35105
88657
68624
27148
30876
16132
31112
53021
92644
19817
63289
83230
29721
37435
52828
46682
56261
39796
29643
10198
94795
58723
25599
30019
71044
98411
38141
18913
61292
95399
5293
67446
26769
3182
35010
92214
82263
54868
64656
44859
73232
72437
3419
34566
66255
14457
77773
30399
4105
3557
22667
50825
83674
54689
22783
24729
15948
44020
22693
94732
14938
37211
36507
48014
64115
47971
32395
43120
99341
60684
76912
11288
15333
94391
76347
15474
75295
93053
92099
7653
34072
36626
54748
25377
3786
42288
7638
10362
54437
87741
9289
19784
56929
72855
37179
56545
42946
77927
15614
46685
35657
68047
27869
83683
21899
44756
99367
2605
89657
21411
53683
29216
25760
36774
646
26003
26320
56448
87745
75870
11159
56072
70674
85840
81549
47379
69646
8717
5571
47891
76056
31437
50142
4083
36874
30357
99872
59958
91308
69608
66793
57806
10510
27751
1910
8378
9028
34301
77810
14321
93074
55687
80206
81290
54536
67273
26549
92418
14702
95613
7898
12585
12094
67603
72405
68626
59912
7702
17314
1320
90019
91195
56121
74691
92682
55491
12362
68385
10856
19581
97575
23647
34036
24041
61160
86529
38357
56104
6365
79132
34088
98859
73032
12863
94623
76034
27739
1378
68250
36100
25430
10673
87690
15597
35989
59875
83355
5672
27176
41182
206
11907
18788
61103
32485
63600
87285
42500
73401
12210
17800
53067
69627
46223
52803
35917
48065
6311
71083
54296
20272
12529
75957
30486
67651
76649
1848
11021
22818
91781
18042
36663
62679
6021
10349
41871
98853
71605
22590
26506
72467
14109
44669
23748
64228
34395
66495
99713
20924
69807
8064
28008
12689
58857
52535
28278
42408
38754
27716
14789
35244
32085
46499
81236
89527
26194
32640
67956
10118
65566
39461
9089
66957
10187
56902
92593
53135
13320
66253
72136
30282
5439
16070
83549
58052
51721
22926
13653
6118
31314
89745
92444
59575
45487
78988
24932
22030
50113
20277
86504
22791
99410
28561
6038
93297
86243
32486
77764
37012
14357
90138
94415
66370
53427
75669
74919
44707
72726
93720
34454
60490
33701
93717
52284
71832
37034
79040
29930
14374
85484
88541
59277
29857
65262
17167
5639
77006
89830
16358
34288
68840
26484
8957
44234
12742
50257
6459
93884
52903
27185
88979
16273
2231
7977
65562
64551
68845
39493
48721
23755
6889
92601
86301
15631
58265
28988
98944
76488
7548
69351
43697
93159
9472
5324
89990
10270
74550
28597
24167
62902
8122
4399
46218
60917
3361
88221
64055
42072
88254
33434
39237
31465
33165
95980
82314
46859
33876
37360
9068
11048
57654
61710
23973
318
55559
48045
80002
55877
66221
52978
5449
77969
74234
9745
74504
41882
87860
9186
55290
41592
18252
57186
3895
69614
58183
64981
604
57337
32122
57772
48101
73695
44782
21931
82942
80391
95304
26876
91612
75774
93772
74734
12756
88649
67914
55093
44801
51045
83702
25022
44008
16616
54788
2401
59074
34047
12490
6151
77190
87392
52455
88977
94764
44315
75631
81206
87747
53014
73398
57463
58358
28492
39131
56895
5676
97990
20648
66789
81560
29918
20571
23654
86266
30569
68435
55723
780
41995
40918
83097
59707
56497
16977
18806
68909
8462
16436
30051
51734
39331
24022
37271
93470
76605
29366
51402
91158
39438
17799
51085
64258
56467
16009
56139
36368
17765
73233
90056
66655
39470
52375
34473
86809
88195
47762
15328
23734
92657
37308
19497
87008
95207
87417
74135
52925
80600
92369
18735
68186
67853
72346
80948
22768
14757
15903
78563
64860
68597
72714
62008
33818
61303
21492
16516
77803
692
27409
52016
10494
77468
41524
41935
78134
53510
83553
33400
65117
92420
44068
39068
97046
92640
47453
25437
14974
79842
67398
50604
74471
95760
69806
83269
61650
15052
82592
29453
7759
16309
97974
85491
77904
88014
6436
14422
83556
86181
96314
51059
60182
47196
96566
27550
20003
80828
69381
44203
5706
9941
81657
62756
14600
74637
84900
62789
54394
15135
66903
96804
36512
13174
33707
94204
31714
11121
22405
62571
19367
89301
68102
47889
89405
87779
58030
83764
76013
16808
95247
55734
94081
70879
33363
19000
32700
80872
77047
93049
61502
29817
18347
56775
85338
36206
44749
70675
20221
55445
39524
28462
43736
60754
96627
50193
76092
32537
44191
93055
30931
50696
29609
25104
90135
52103
72555
88439
44948
60411
1247
64373
62441
15846
90969
65446
23127
81504
17289
77141
60284
62775
83855
9002
7368
38850
41754
44915
68494
44488
38354
90634
26999
62809
96412
34532
69959
38184
40538
2610
72849
41792
87139
88391
34940
25258
96817
18949
76388
51884
93379
74232
82986
94885
82105
87757
78251
22056
85467
1228
56239
73970
37854
91837
59802
62864
26916
75164
33574
12831
52142
20506
46609
40738
46040
73141
39897
38310
59106
68866
43769
510
86189
29075
63767
5144
54815
53962
7989
69884
95020
51969
15114
12845
58463
52477
62676
66301
91725
69049
77472
26141
28605
21612
22354
61
26610
5485
83389
77143
92855
57280
83305
94714
7656
83541
34369
33747
69403
95723
57841
10190
71227
74355
32411
18762
42827
66838
96365
99032
72152
16263
33792
25394
45181
42524
65206
77286
95617
76312
39862
39013
80598
4357
33345
9944
82304
41986
47609
36159
16650
41013
69007
71800
2494
26675
2192
54813
6405
58082
45087
51681
76415
44291
77489
17153
54665
24664
25461
13155
88255
60698
18428
93337
60186
8380
43412
8415
40989
81851
18562
15573
41299
26910
66736
95906
85793
81066
30501
17189
97010
61309
6025
67258
49071
90035
95230
3523
24427
30837
63169
49295
30403
48360
65096
34726
33074
14493
76163
35257
53245
67624
16682
69344
25119
64130
91066
39356
37290
24404
96534
84193
30461
53252
72905
30917
9996
89498
44163
28192
7236
13441
539
60563
50106
12447
98321
19344
92243
74581
39430
87678
51204
67930
53123
12843
60040
64005
95269
93181
34073
56916
32175
59331
41030
67143
30368
38426
6140
47596
19073
47792
11706
36949
77930
88935
88754
38830
65590
34748
523
98268
53439
14336
45043
19797
20154
30912
16083
39868
50918
51273
28685
63913
1235
58683
58117
45605
57661
72186
85085
73928
69091
83817
61444
52395
17053
4200
88355
17900
42368
59199
19955
84710
75805
6991
90402
46594
85960
94823
30880
81976
19062
38985
3579
53670
100
96476
17648
5378
99605
97624
3377
65078
27828
2325
90491
29275
14650
22995
78597
41821
73800
23746
95099
94193
56321
66006
31467
49992
93771
59790
67659
67217
83613
65325
76740
35655
30527
62021
62889
35477
42317
98211
60928
78547
90609
21423
51013
44084
4990
66012
23860
6195
16839
98005
12182
47729
60750
13951
98009
85552
22415
22483
73333
49850
5122
96421
89623
49075
87314
40928
62669
18371
60796
60575
49754
88810
748
84673
53501
63922
67271
93104
52525
59799
8405
73835
97772
90
16331
72919
11920
34287
54100
25031
94983
83697
46908
52191
21955
99331
5538
77030
95868
2037
42888
4601
40639
4237
21282
53715
66513
44838
77795
26277
99673
45031
25713
52235
94748
80776
51074
80950
78394
28153
91499
73959
96548
20431
79892
94577
9305
83834
57294
40155
71747
17826
97073
58269
1311
39642
6579
78529
46848
58199
21782
90210
36168
70863
49241
66008
68197
52018
40653
32025
56957
51957
63014
50658
61644
20947
32703
28537
7943
24096
43583
82334
40096
83290
50163
65115
28309
84592
90770
25327
31109
42064
76588
76073
9912
25977
94371
39950
20653
12229
31822
22662
70169
35280
44419
23581
14960
38251
75021
24613
67912
54634
1889
48442
46691
18851
20646
94407
38388
63699
52692
5693
83576
8977
85539
53718
47193
44752
29512
1538
61035
77256
74688
43152
33403
94117
29371
25400
94099
18590
45260
68018
49794
71586
86863
51506
33676
72817
2651
64603
51196
28112
72791
52415
6109
4610
85002
84512
39254
19844
11791
78185
6305
76930
15241
61566
13846
49952
26259
29946
94543
18315
17139
49614
99534
59610
14942
87342
3074
8661
66165
525
34341
50340
40610
16254
90273
67610
76821
89521
2582
44562
28756
87094
47932
61088
68824
78207
77940
96185
31724
44735
44373
48234
37289
1267
2693
76079
22671
38342
94429
14111
64063
19720
3390
90818
35199
75951
67790
11543
5595
31708
32605
29585
36608
62662
29893
8678
52444
8124
45861
80112
22658
14862
27909
60963
69052
47468
50767
19939
9839
63454
43593
46606
78810
12319
41125
74647
52748
95060
14245
18882
44435
291
91309
71145
58691
89399
86772
41474
37409
22843
7984
27697
94668
55552
31303
93946
93214
1183
61518
8709
67430
52431
96713
3652
79649
14859
27870
1567
42094
57864
89635
10125
66723
19758
15205
48681
50197
37921
20525
52918
51938
94905
17277
64533
70501
66395
71597
18481
7902
41890
19228
63039
55379
26306
20029
18406
37730
31729
54719
37009
67941
89143
69554
51567
57861
41847
8611
34411
30015
49801
86516
29517
75458
82829
67282
25082
50986
99823
62448
29896
73966
98630
20417
42350
5489
79042
45065
82479
73336
22802
31144
20314
17102
83409
9394
79728
45584
3217
78987
97456
95254
44728
21447
47574
51107
22330
86505
46271
62840
15373
59645
27143
80393
21703
56451
34447
30689
94995
60929
377
41575
33591
47285
4845
35433
52762
39379
13855
56210
93547
93438
54030
61758
36379
9418
83743
28744
53691
61106
74260
46543
6867
18439
93495
14191
99069
88564
37688
13451
76706
57790
45864
14132
9341
93568
37523
26039
25308
74290
46265
43006
88105
27744
81447
39283
5227
53876
64661
45019
21618
30453
10238
21911
46890
52127
72385
56381
59929
574
60908
50759
85505
32638
28591
26816
90663
29281
8128
10337
28564
58998
72269
55275
86995
76473
43005
65469
95295
77238
89103
2011
6925
84192
75091
19694
82666
14058
38613
83349
7475
35702
36765
93037
22956
88270
1544
49168
79689
88291
54697
68244
54128
95573
49342
63028
84523
38585
92239
3980
2811
49867
97691
41063
62772
83516
99885
35455
83396
63445
90689
27097
3333
27967
30635
77389
36844
19107
25396
29316
4288
79721
99043
52097
72552
46823
28109
42379
16755
90433
53363
44390
39542
71072
64770
48581
71806
12024
72717
21218
9967
17003
70606
41970
64591
53512
89079
460
45015
39683
17937
68705
50251
51770
69820
35045
29982
96005
6855
62798
41339
71759
14322
6521
1936
48098
14843
68552
15341
39788
98529
26711
23309
52809
38711
91684
77736
73646
25744
74020
5927
12043
9503
19389
65450
44665
56209
86167
59691
92510
55308
32977
28802
57053
61837
68601
8456
46202
94473
51980
7266
18291
16563
73112
55695
45280
93474
56638
51110
68183
16636
94356
9429
97730
52206
92271
47008
20663
69619
39232
68360
89327
73977
93689
20475
41572
86125
57447
76519
43400
9076
47218
63173
7971
77761
81308
5514
11593
51737
93475
74482
82990
59508
15926
72023
56159
11849
22969
40740
2417
27322
91738
84912
3213
3298
41611
40625
73287
78022
71783
18442
46834
9985
27139
18535
12794
29786
60268
90520
13564
67752
75851
81841
19368
6275
63763
27165
29212
55671
36959
51374
11841
13238
85464
96540
17906
37930
75054
40414
23602
64346
35036
32252
66351
12693
13481
80246
61129
67354
86761
36381
8832
76103
24285
46308
74570
55514
94555
32115
9910
53023
29701
77554
5609
68571
21086
95390
41776
5717
45654
41939
56958
44582
70086
5184
36167
73934
62393
11555
10290
49942
59069
38993
59261
62386
81479
73331
36124
18685
13540
64328
23791
5637
61577
63397
78509
58875
47252
47546
79463
96663
61976
49813
1064
98297
22075
39405
14628
52372
91243
66565
23007
72620
9780
73303
66634
90391
49098
71833
63460
18865
65344
23726
4311
64925
56370
86274
61211
36655
46442
26379
34836
74422
69161
54431
2489
33932
88226
6846
66559
22999
30484
13711
77228
29837
60640
40861
37466
87839
95193
56160
181
48905
26206
29718
60460
20421
81757
10158
75676
91054
47589
97891
90374
67778
6575
3469
17846
40687
11702
77424
42721
67699
79052
87619
56326
42145
60424
4878
51313
91814
69292
48156
39276
1258
53283
1317
37026
75138
3603
14277
56004
34358
75387
93705
52519
54007
30011
86343
25512
79324
56728
92962
58615
18105
87110
11574
26735
30483
72753
22376
64244
21891
51180
50238
23621
85451
33177
85216
73954
6949
88989
13729
60964
29008
22830
941
18046
91143
88887
77862
99407
78516
74500
88294
9160
52865
46260
8214
51217
30203
3409
596
32570
83013
48846
39428
45546
70138
68920
75499
66972
63383
43522
49939
1078
22905
64520
51788
3063
22580
64181
58906
5730
5151
84806
7906
32617
89663
14969
82711
86361
21167
42884
32302
46712
65500
31820
63644
24697
69668
66948
53212
81730
99908
93593
17565
5779
25949
15565
7412
30647
47926
28721
98332
10050
13142
85260
9960
96778
256
63548
35466
58822
89537
5619
41664
24450
17316
22760
24633
96414
82293
53003
91486
53210
77956
57595
79670
25089
8439
95117
69211
76108
7049
84727
51972
67770
75604
31740
76596
5260
40872
9569
30338
75555
6570
34354
81334
38966
55454
65280
19147
4069
86462
20980
30032
32876
29388
75540
54145
89676
68505
40975
47886
36801
90952
81128
65745
49116
35982
40235
4646
93796
80207
88256
43273
65891
89392
66093
84413
85210
18425
66813
73197
83737
45268
90556
23789
8553
49503
70221
73591
6526
89804
78551
57805
4871
78310
14116
44492
49585
48936
38655
81263
21153
87655
71000
62181
49361
91407
16057
50228
62255
86720
60402
65946
18862
4271
71244
60706
47581
64681
64604
62952
97873
91985
22501
62677
80855
13340
5119
47901
49204
47155
87875
72683
39604
58607
49998
92871
30724
68930
76972
25806
8888
76656
21510
20202
38595
36456
94525
25322
82740
53627
84923
10110
24008
96273
24272
25495
93723
53455
92423
61425
39048
91276
26638
95974
78490
32039
65209
96984
46690
76449
93814
5762
53993
33438
77661
8094
44481
75484
11914
8404
68366
63245
31527
66714
68702
33963
25099
39027
14527
47858
28683
89050
15949
27638
403
76913
30980
97382
40077
76608
14049
16678
1853
48465
59248
42883
51064
10923
5073
52973
75094
54423
52465
46611
63123
77263
12516
54197
61584
6707
21954
65452
16453
17010
13337
60997
23575
17876
39840
68218
342
31418
32433
57578
80252
7284
17557
76029
82722
62597
28542
90213
53568
93883
30280
87113
58682
93902
71028
29592
81382
44963
66382
65686
66243
8565
47411
5729
92056
30008
34764
65183
60628
50312
73786
76577
87212
18931
73987
56185
87500
62776
47366
64082
18177
96742
76367
67148
18190
17207
87990
2730
89387
76210
60326
68396
99813
8140
4556
83470
53222
1286
19175
64010
75381
91375
95940
14418
17155
23149
56221
83347
68952
40941
87763
76232
48539
76701
64988
19537
89800
19041
10231
32030
18426
88320
45845
1059
47148
92113
95581
77840
16201
90506
20965
56266
1982
20275
59294
2223
94430
31477
12285
72635
32790
85988
48467
16245
21859
76389
24872
10332
51850
12443
26754
37810
95437
50961
76632
11704
81595
24072
71818
9815
32660
16698
41145
962
74714
51833
30042
9282
4286
40180
95379
80954
32467
77423
3559
15038
37943
60446
79828
32128
99015
79835
48901
61597
32662
36282
80124
7543
72009
11941
1132
40987
50707
3395
61152
53908
8438
26973
39645
2379
96575
79931
60739
16448
47492
79563
5978
82679
48
43340
93646
50588
99525
54877
85990
32259
63561
35014
67546
12394
17592
58404
60956
53450
3591
41017
48418
34880
81767
83461
57133
945
86690
923
17051
66194
88241
8915
5804
52482
46098
64414
66671
96733
34004
89687
15509
6658
9348
69333
20964
32816
32877
58616
35374
37197
55647
23298
61043
96716
57013
91135
56386
58606
55317
83932
3351
21385
13850
88942
95608
79024
15839
5840
668
38245
73889
15545
68202
89670
33180
42616
24706
18624
12513
13747
87284
26342
40584
80470
50282
97904
55904
46376
23153
26221
46292
2514
11451
56900
84270
87304
68714
24327
84121
73160
10145
10082
50922
55942
5197
38720
43818
79796
31655
92851
94295
67185
46546
96933
7
19298
30505
3961
71002
94880
1084
23813
22168
63761
4770
76457
70969
21912
75359
86745
78199
84722
96170
74311
9690
65039
82870
57360
14013
12489
2992
97638
50915
8008
90764
18024
79902
65296
95696
4966
76082
69258
84472
74778
59095
82048
42486
38403
19122
85716
40725
41518
70464
57155
78248
57884
19268
39523
47711
30164
27907
19108
71373
24157
91032
70274
36450
6252
89535
63673
31044
44340
96924
46678
3180
24500
64450
49192
53612
34282
70499
38379
18929
32455
64066
21599
11428
71343
2752
65704
47138
22918
72215
75303
80057
96341
55157
30551
57315
97317
52560
45571
25543
96745
35592
30712
50591
62817
27276
98993
22780
49753
73440
60784
67459
15889
44853
9145
67
26593
38122
2641
92531
21924
53394
3751
48933
11480
42341
12884
31120
26460
96300
64433
1754
219
36004
12076
62270
36059
35948
58855
46363
80578
27617
43366
91257
9284
43893
36110
20234
75431
72322
83023
28438
50207
96437
31992
50471
49526
4043
45973
52584
54005
35094
9166
54114
36753
86947
4312
93085
98599
23976
62604
6319
6839
48230
76875
95315
26384
63502
48743
32616
69826
40314
46069
65722
55003
2162
46190
93248
18884
84847
82623
4277
97075
10953
96375
21822
52501
76470
97935
29183
3145
72069
25021
78704
31230
76375
65516
97110
70646
4758
67607
38902
5748
11651
20278
47834
25311
99859
61250
92536
99780
48119
12896
59124
67336
86140
11267
63938
66086
5823
32123
77290
63884
67284
9526
40454
46080
41837
9919
88107
57977
85615
91523
78959
60206
52782
86855
31175
53337
16547
75603
21842
95656
38104
79889
45085
16948
38017
37319
97500
29844
80412
42556
19074
73076
44531
19941
47180
30240
66386
11297
90991
38210
75901
34075
83471
47871
44058
19352
47214
5128
84276
82010
94336
43852
14606
87339
55355
30548
8022
71212
18783
84500
40615
98707
19791
16779
882
39508
95562
57400
98776
63996
44100
65582
60911
60710
14361
72577
87975
51612
15299
21598
93939
56360
83291
28361
35174
90829
68299
63438
58231
58230
67841
75622
33950
77955
47188
59052
51272
96582
16174
70844
33970
26496
16812
64273
5570
24635
31490
47812
51617
74920
43020
15928
92759
44623
59510
55790
80748
55221
67095
82869
28317
16463
89347
5782
82459
44704
25588
57899
81570
2184
17572
35237
18810
34322
27603
16840
19583
26856
67703
47643
11098
32490
43631
92706
62525
29648
89983
40220
60781
15776
45047
87740
99696
40714
69763
93877
34182
75526
23371
10219
44648
74083
54082
28614
6484
86073
76870
14003
67133
63897
91397
59860
42645
16306
87947
69578
58640
27796
77777
15499
89711
20368
26027
21097
67583
28541
82235
72048
71427
30245
18270
52588
89970
80900
35916
24564
37796
14980
65545
80091
43781
6210
67566
52639
70106
27809
78948
28005
70727
66391
16391
86508
97880
15000
95330
53638
63046
45352
89819
31247
49909
73769
26152
32913
20004
56926
30841
33493
62717
49921
93905
9412
86790
38625
49112
40568
57838
54578
63704
42935
83134
94787
34886
16330
62567
39119
48322
16150
73773
66691
46269
22082
64242
74257
97183
33690
37348
78651
93530
13384
50511
12073
4572
35947
58331
57771
97207
6188
47144
30065
90304
89967
18399
21138
60658
6107
43643
92508
4599
69075
56341
77512
394
27325
36081
6590
23064
71254
35490
2478
51457
49250
1752
49547
5106
27204
15115
84547
28471
99401
72810
70594
67408
95504
83577
50295
84106
15807
65178
18138
47121
32237
87765
17909
739
31571
98137
47066
21295
91605
17933
91782
89137
69836
63770
42921
61411
9729
20446
30784
88518
72941
77408
35338
14919
48616
35075
70529
94074
53228
78411
6433
28727
4096
51182
90151
13725
70352
85020
15674
27497
25673
73624
50443
86112
32943
55786
60049
11445
48812
55339
48879
89338
87176
78006
37815
48161
53382
26821
48347
52868
24525
83554
53043
65318
59907
78719
60292
90849
55582
72209
71908
87642
87537
4566
39020
89236
35682
86277
87556
93090
70640
7730
29450
61016
18502
59982
78476
83258
75232
80695
2345
16071
6491
537
35404
21885
19139
67470
39060
61248
63948
41134
17361
83778
3999
91575
5656
66741
84515
3188
41699
20208
36826
11096
89978
83279
38676
2395
66285
55792
71432
97078
26420
50788
43684
75123
56062
801
71302
27520
26298
87769
82403
10026
78525
1811
51024
30400
19882
57433
40631
3020
87227
78281
78671
79439
83545
91329
13153
84590
62568
55216
82092
77091
21876
71991
7129
23352
67333
31001
15221
12963
70843
20682
1639
50098
68079
73357
70029
48120
41790
61955
48765
74644
96420
71040
25750
78037
60140
15634
64412
39188
14940
85613
56633
96654
14193
43782
29714
88699
10980
42316
81102
35278
7691
69358
61427
76644
45813
63049
27340
88321
33423
30868
87563
2786
39189
36409
11009
33944
77186
19241
87166
55633
98740
73596
88516
40209
73224
38992
27605
54944
91370
13897
96508
9512
68590
49228
45632
18189
6552
23666
21127
23949
97690
54443
92001
3087
91059
6480
21140
77738
98457
13686
18449
72712
32020
55528
34488
25547
65486
84602
58051
27164
64895
62274
3169
59328
25379
29340
24677
34283
83708
34704
54032
96285
62299
31412
26293
91017
72805
90355
44254
50105
22153
21733
64443
65897
12218
52829
28249
66461
79372
55645
96683
1023
7201
27615
10939
57647
68241
93394
12786
86306
707
65920
85250
45197
19211
81283
59370
1950
83094
9882
86939
33497
22573
74729
22435
63650
29131
96760
88807
34707
98632
51216
34209
39624
48440
33717
75444
44351
92361
65833
27868
67516
8023
57044
15358
20510
14295
99029
63870
30316
88498
31760
71687
99838
24947
73081
29431
28714
78156
21006
42300
13741
23159
30470
93278
12446
82670
96386
17260
43999
64060
28144
14537
29647
62119
6759
803
99888
61510
61461
37713
28608
3906
78456
74549
12867
59522
47324
57728
9795
31277
55262
58207
58619
83744
37892
29209
5190
31379
66041
44660
55668
87350
74522
51275
52853
71741
31697
23858
74773
1566
45172
57970
71791
81835
53335
76065
84071
26393
70201
63576
85715
65673
1006
19776
62885
21021
40596
83007
48494
9292
71864
14293
50611
98983
56737
57194
26483
31025
58050
24028
81167
23337
14172
94540
74304
81240
61630
83838
11619
80682
78615
32168
65113
1960
55083
56178
51688
70670
11602
3249
59148
65846
37044
77980
85624
26997
13491
5244
41122
17175
57616
28827
81275
49259
65563
77072
2996
56889
97204
92227
15264
45281
14292
12922
93611
66728
56913
13310
64845
23913
1610
88532
5460
90134
29543
26041
68444
5812
96469
96632
74507
90633
23586
17209
73027
22026
87637
61450
53277
96539
69658
4400
58044
14513
23003
8567
89871
26487
50304
40663
10875
1242
76216
72971
31142
90902
45480
55184
50929
73190
67242
430
36737
95097
14518
96243
99731
17792
21724
2463
7216
79711
53025
62853
98636
88411
66975
5490
82798
43819
40534
39525
86201
46019
11517
16594
433
92278
23753
16836
56108
76474
55176
83569
92534
9446
16012
3774
39660
20852
50830
68718
10062
29711
54343
14827
97090
35084
40264
70662
77366
40801
353
35635
59313
48074
57810
87510
33198
48472
51401
63941
66190
18356
4084
41822
89293
2797
8062
69028
24448
90595
73831
89674
94967
52938
7421
20543
78812
43323
14918
49381
18402
83667
49565
16307
25102
80569
82367
94097
30313
66350
4265
28747
33217
70326
34081
90130
90366
63641
87444
23487
34492
27286
92212
56264
99491
89565
74783
45373
67777
47405
17704
47089
10267
59136
72233
89474
55182
23318
5166
24293
87172
57449
69914
5674
78967
56518
69384
39694
21182
98355
4317
53664
17217
65732
17976
15175
41760
42429
76720
84562
92739
5023
34509
84101
57908
34139
52443
34010
95208
13198
94660
3456
62484
37381
10193
13597
19938
98186
64226
20586
78965
16403
77580
41423
76612
76140
45414
57557
30638
28159
61938
57515
50216
96831
78799
23856
32264
45124
49775
44545
82824
84309
42403
53980
9538
40289
23865
97042
33544
94590
17190
3714
21421
56793
87551
90325
36133
29258
35059
14436
31823
41049
83905
38190
46640
60406
61632
12573
18802
46632
84714
46706
73586
12574
31270
38898
46431
62318
45112
67952
34597
49616
22481
35610
57353
89028
46566
14638
6667
26679
80841
83359
75656
11770
12851
88127
98293
56410
53307
8508
84402
98535
29223
98003
75735
36787
70846
78143
99468
2129
93889
80972
52783
44546
67579
60643
89363
61098
42704
14707
8
40781
88582
52977
52710
63792
33853
15819
62345
62547
68008
74206
42385
52956
98627
65412
55260
28903
54833
46295
42119
67334
44437
39296
36181
81390
10770
43024
89427
50972
66396
82148
23359
31416
91219
62738
96756
22522
26034
44413
25068
9359
7378
8213
32643
19647
3211
80784
94243
88555
90993
69153
10544
19716
5054
42398
94818
59842
26624
65114
32942
38488
48383
48123
86468
27181
16029
92014
31706
52163
70184
50834
99579
69574
93980
67631
30298
10533
33815
13375
24346
82222
52975
31429
12544
25077
56524
65793
48033
63857
2831
91568
69432
66439
87561
96312
64594
91721
8910
54261
30406
98433
35486
93759
54410
40980
50863
34747
83285
29537
12526
31210
85645
87180
90697
7630
44355
46697
9925
12732
92819
60125
97455
54337
84306
70552
33807
80887
5362
30215
65947
44076
66411
95983
60644
22528
37873
16464
2560
40462
74127
19767
22977
74538
19829
53669
90933
2952
21246
71403
28300
29191
89460
11396
39135
20950
866
69364
44258
31361
70837
18850
10862
67009
25722
4650
53709
67743
24797
63068
42859
7939
14931
26673
10461
22019
59950
3564
11363
78733
34538
72433
38002
30175
37158
93061
15769
34420
87951
42904
51585
58478
52899
45818
47315
7858
88881
64957
67507
55158
8005
47209
51000
37781
68897
61819
52689
58926
42991
36750
33833
9796
46078
70358
73820
48997
61036
92199
51929
43849
45890
52890
1897
85777
6027
3241
22341
80728
6372
97106
8398
42363
73391
39647
27955
47002
61356
79890
73684
69181
95427
82262
82119
36071
19306
77652
60191
90748
58263
96542
30118
86432
11398
70245
63021
55867
28347
62942
29337
57254
39904
50561
52986
13758
28299
37047
39391
8766
97041
7022
7696
49452
19149
41510
36931
85723
91363
81944
89834
81426
73692
93687
38020
86915
26153
54567
81988
19646
85400
74253
27590
87850
42287
95177
77628
49360
72995
91238
89615
4012
34409
96284
82474
893
9852
3045
90873
55983
18293
59433
52516
13435
7220
43438
5869
41610
15694
59662
13015
48026
23954
86210
54316
28933
69178
30809
88481
53600
21387
11283
91512
92489
7818
7797
74656
68312
86576
28665
15317
22998
19388
43081
39859
99966
76724
76672
83202
22917
62633
46742
68021
46504
63138
32477
6270
77096
4006
29381
97839
26721
88704
19302
7323
72443
5504
18420
73085
43857
89758
90054
84232
54798
49341
43118
54207
22007
68290
19848
84832
41855
37554
58933
54381
48320
86583
47800
82699
79357
59915
65639
54353
58924
99494
36569
3890
86501
66335
49025
38174
72376
76467
24059
56145
98737
37498
23246
90190
32424
21645
56315
50120
42374
54920
19181
66724
87974
23243
30278
78989
24803
56234
94998
2349
82681
71993
23216
90739
93193
45380
81241
64683
96730
13179
94594
84275
16879
88812
17890
11356
57346
91130
54751
71428
45826
72883
73735
22423
53483
65259
53688
14496
29398
81602
31767
16852
20859
76233
98699
74142
59082
59157
22957
31833
81140
81361
48794
55388
71073
86441
63563
67383
68377
83059
18482
20822
19594
13001
28294
34606
15969
19153
6225
22901
86132
69303
93357
6033
95667
13576
65593
80136
2096
31348
56247
19655
30771
49423
27584
69237
35308
13665
61053
94387
15940
6825
13416
88079
59203
97997
74303
67593
99190
25388
46916
95764
99352
52540
7401
95720
3722
63736
71903
32850
89820
48172
374
86027
11828
97942
60136
77865
39484
92812
42684
67712
7508
94039
55726
52281
69234
76137
95913
78334
22689
23187
95615
39177
32519
26633
7837
18301
60209
94938
75690
72563
7441
13315
76741
38530
56994
76770
25434
57387
9197
61469
6069
14257
19067
44048
90963
71536
74901
22120
64079
42071
18321
18657
65726
28072
1180
66356
12803
72413
14475
84979
92929
3868
14274
8779
46170
33771
75076
61176
52197
81009
68556
76113
91254
47173
7390
5201
26042
10536
83575
86324
54111
82483
39072
3037
9554
68357
91747
36387
17543
91663
29989
7718
56167
86104
94892
94973
59968
24770
5370
1971
29354
47567
42079
1062
58575
41493
59834
98257
56005
52967
78162
13177
73265
66650
44812
79265
60722
25734
9616
9995
57525
86887
64100
95408
76435
3766
929
45008
34479
72057
89553
16471
31672
6198
75315
79489
27606
70780
64867
83179
26166
55916
11372
35603
72495
55676
24508
98843
92465
1541
50062
12301
69154
31774
36202
31627
36187
49297
9225
43534
19431
78734
31192
29712
63077
17171
98166
1003
62004
64000
7346
75063
49671
96089
9600
99747
93744
14959
13078
4270
68482
42678
62149
99518
38330
81231
28943
32837
70113
53614
69969
96408
80073
37951
30371
29511
73164
67238
40934
66426
19868
23568
94217
49105
77396
58300
14580
37710
53668
66216
22164
96176
26240
4893
48740
75558
8325
17798
29214
95064
92956
91372
35901
98203
47356
84227
59343
39194
17090
32686
46277
74636
69495
70114
11430
8349
88209
87934
45761
85151
83724
3677
5272
13314
46883
42427
46669
45223
46102
74703
56828
75590
99071
73582
59430
25397
36845
96612
46365
37777
40408
21183
21388
57109
99033
36138
59018
90248
41775
40118
51714
24573
95609
42941
91263
62357
99246
75208
80791
2830
75365
39732
55965
78428
814
91093
42687
44560
6544
16806
54917
56203
68989
56384
99045
52073
17613
22782
87193
10754
49963
12093
86984
97308
1035
95072
13296
68035
32167
15519
15430
28455
37978
75137
90475
68019
59669
32812
57488
43929
94483
26265
20425
81393
42597
15226
60139
19851
26563
40385
31675
86951
32345
64798
6019
69177
15217
52052
12236
44461
27663
22688
8730
25107
66118
6100
25383
8588
38501
67389
93110
52786
50941
41508
3077
19017
20539
90799
5145
64353
41417
72793
87920
40322
71346
44725
80108
69380
39229
288
47200
63632
35899
44142
73079
1991
63590
26655
74091
56297
56623
24171
34719
9274
77631
98388
56646
6474
10175
12556
32072
32766
82078
35758
9256
72651
7549
77330
46472
51975
8965
69160
69528
54889
25696
65050
67944
277
58635
44779
83510
11322
92368
68648
57333
12466
9632
90022
47377
29919
32256
28252
16570
89522
45402
41746
3091
50648
9319
26804
98312
65108
32050
55866
22674
75041
80072
48261
92174
47316
13490
20975
27986
45160
78558
76852
15303
13662
15871
39888
81978
65481
1431
58591
11647
46973
60570
78853
35527
17850
6162
69994
47109
40688
22208
29158
90564
58876
3391
99608
54958
49215
29667
98698
78135
78043
18140
62610
55036
54339
44911
59378
43445
28357
71531
78431
47883
46195
77535
93274
5905
28162
7369
66415
73037
82205
69312
83761
88643
46503
47791
69416
39227
46939
79752
14872
55013
83334
23046
33334
95612
82522
97132
35574
85302
20843
16200
78483
17425
60071
77934
66334
65464
21800
92345
86851
2939
6511
34742
1493
34668
53872
99925
74564
52122
82860
77586
38125
57522
17262
80603
22936
78069
58909
60487
69827
50760
99447
54054
20921
16283
60594
69892
23549
84398
28517
79019
68056
86753
6009
5003
86499
46015
45952
81889
91900
14607
89823
5341
70765
98029
23221
16351
16733
31799
63909
11566
88496
99612
14451
90207
45094
23883
87210
72880
59693
88300
11174
8470
13134
37163
75522
63676
69899
55065
38701
37183
16566
20099
5219
76424
13683
76903
816
23959
35841
60405
91338
60830
86044
86943
1080
52334
85704
82917
52919
75211
30819
71297
81671
7573
92626
41698
1481
74244
77807
51890
19624
11853
98986
96978
58732
71248
35103
53777
4131
33744
57097
2613
659
77285
94400
85378
3528
7245
63712
84992
56514
2278
94796
79663
54952
52059
32719
89788
18235
66280
40691
70407
21098
61702
41899
86949
94866
59899
95404
99222
74384
32827
16720
5041
96407
95466
46688
6175
78073
62503
73405
90229
21396
99954
74126
1213
99500
43827
26283
36526
82636
19095
91224
84954
71657
93041
95478
40138
86257
76045
46884
74984
8112
46132
23296
32288
76429
4301
16684
6345
41653
71007
77560
5740
76187
32704
57200
35300
73703
91867
51046
440
34913
60979
50463
99896
63364
22437
88461
9112
54106
29415
67078
43589
83966
76661
98444
12230
47213
97639
44955
43814
63999
95074
55374
43948
94872
57094
50039
57428
65068
48711
66272
13273
71943
4708
30163
40419
96142
46879
67673
50332
5426
64138
73602
89279
67711
86252
84791
29427
75064
60310
87778
37576
80556
61347
27496
49028
97654
74673
89956
36035
26292
76411
96985
79702
11376
99889
71272
42013
98125
93749
48025
104
84357
45789
98989
56456
32767
31504
72324
10931
89908
34535
84244
45243
80365
57314
51331
99846
46710
37987
7465
70835
88029
40072
26941
68566
65532
56132
84745
27120
91928
77822
8480
85756
47641
77907
43561
9041
29599
52299
70901
178
3053
25228
91501
56839
63700
75577
301
54160
2274
28820
68724
14906
18014
8261
83172
20643
48849
88420
59465
94319
59111
56440
40642
57894
91746
75561
96866
78343
68194
59536
89542
56616
21221
27920
39081
24417
19954
66666
34483
34144
48811
45603
91878
36024
74466
16518
68160
10365
10662
77086
16017
87521
82913
77532
55520
30636
88847
95014
49739
43325
47275
69779
46291
95973
60789
46178
88214
2035
34128
67108
48149
19935
35806
75985
43774
93486
63035
91382
2928
304
20875
42776
20608
51280
44219
72792
81656
44441
3021
68003
45382
21956
47813
71170
28134
42779
79237
84460
5581
98331
86729
4225
23266
24950
32337
67795
47628
68146
12053
57732
29147
65057
75183
4710
4641
12316
92910
83488
16670
71347
94974
18979
76745
5497
86905
59477
2529
71419
1496
45070
68859
69057
63507
56449
14868
84589
40546
59836
64632
32989
33812
17075
41678
71293
79695
87943
15249
89342
80997
89762
75682
28778
64857
13889
23573
80806
70103
36589
41737
57123
34640
74461
21171
14945
79642
92965
73116
14283
47975
2410
7892
51397
51384
81726
29908
50177
817
45992
67118
81829
83343
96130
13164
40013
83641
10109
76283
92931
38333
39976
99446
29722
26083
64777
64824
63112
91196
82939
4662
49540
56333
77520
43587
42697
91058
67140
80920
83866
17012
11870
77076
13225
66825
97219
586
52182
94829
42436
66205
71216
96636
4029
22315
37432
8777
58387
19229
29074
43994
94170
32329
46374
35538
35445
11208
72908
17431
66730
12608
6897
29971
53611
8474
54273
38804
67013
48268
71685
74125
83854
28508
65330
21259
18
3783
91865
88334
88404
5531
61713
78636
86541
54250
52297
30300
24885
31803
8177
31851
8186
85096
57541
63985
6322
54022
26090
81439
93403
67166
21790
17930
54087
42782
19068
12534
13160
82382
52522
8077
31622
54239
46445
83278
1401
49553
13878
43588
87828
76151
28600
71643
79088
91227
5505
33609
99857
46168
40912
56987
13300
29862
97567
59638
7200
11172
59720
79585
57358
85905
52486
4402
97262
24062
10151
12648
79944
72077
57651
8161
68735
99829
61161
10144
99259
84367
5212
10042
31635
75186
4375
40296
26314
48792
58734
13978
58836
47061
24127
97351
15471
25826
14051
52538
83656
57454
1741
34829
62147
91160
68253
87323
87641
30583
92330
36150
34015
83133
73371
99568
76988
91012
85226
67688
3170
35325
95788
56318
1675
60708
80542
34357
19487
11989
7724
52132
49586
66547
18875
79679
23114
23771
8134
5734
82127
58952
69737
31955
47434
96217
72688
95124
87343
87065
49009
76581
48113
19691
43482
79782
99258
79294
52230
57259
72747
97332
11310
82155
71116
9562
15880
1169
60100
77719
12711
34976
23606
33108
39196
56174
92941
19317
54389
96815
67849
5754
13125
86627
85629
21984
72207
37083
30640
49622
78015
53990
82656
57811
4445
7278
29510
40593
22870
77900
57617
41385
43871
18980
63213
53004
6613
47736
4245
95482
11966
1934
8189
43244
83308
11527
66898
18028
95522
90939
53733
85437
24867
15218
58993
73102
4464
3632
51235
74085
12438
53377
78971
21666
29392
85175
80989
80309
23888
71390
17736
83926
94926
70563
6595
45865
91248
51463
83524
36599
2366
78149
47362
95785
37457
96891
32113
82653
2701
2293
45735
41532
80565
15035
33287
45129
61000
8617
27944
84050
78590
17740
47399
56407
96763
49769
55243
49103
47369
59202
80616
94855
74841
18631
33573
53409
26670
33387
23247
9379
27795
73466
5312
82288
68374
20765
78716
59945
65702
21864
61094
71508
2294
68093
43924
88366
25642
57966
7040
59004
44695
83961
78592
51034
50888
54068
88591
77567
32682
85786
50373
94133
44320
83754
286
12005
64507
29886
86230
25364
82817
51762
66578
47075
73187
11226
92758
68343
92074
34131
22212
37010
19645
66414
29931
37136
23677
39937
23537
80415
28983
3246
58972
11414
14349
58355
34828
45454
23717
36291
29011
21023
29672
84018
44277
46159
75828
5043
57526
17415
87209
89254
13809
91977
12685
91573
78379
68509
85731
35124
12726
79557
71563
28351
76876
5279
89764
16924
93268
43954
19273
14957
59336
29461
38917
66026
58643
81996
69780
61635
75806
29761
26419
62872
62641
89953
55711
98561
28100
87983
74738
80938
80090
25094
50902
35440
28207
62049
20748
91559
85823
85638
76935
37933
23546
35218
97674
57415
71843
34808
96463
9607
72362
32651
44574
35695
4055
59377
25749
61316
11708
33070
88362
7707
15514
39829
83927
14276
37204
67438
48134
71728
60537
38421
17170
73533
49837
33751
91
37135
85506
69513
74328
85287
70942
33779
33321
18082
5700
1621
59207
59180
24071
51186
14529
85050
83100
88110
7552
48996
61609
23288
58956
97692
54686
34498
61236
64669
63923
68442
68762
58630
63446
34133
6470
38275
66883
64975
5292
50691
78871
50244
26599
46512
12445
57786
71987
50028
97345
19779
27908
38904
23912
43790
7620
24995
81339
86079
74285
64854
67622
85325
17700
24197
71777
18670
76804
63529
95242
6102
53827
38542
52381
43957
12642
60385
53854
1155
35127
61234
24458
70526
93908
57505
60190
82210
62443
43977
87618
45750
95134
64611
86502
4280
45942
18078
42933
60813
55805
83968
10574
12862
72579
94038
38203
65482
50221
54847
80363
11160
69805
25509
25508
4961
87931
99487
14880
57147
99161
48415
45645
10682
31997
54275
94044
27998
77920
45745
18313
81760
93583
4214
83390
88922
43290
28287
9804
75462
46556
40028
34028
98569
88869
69953
70018
50321
73763
24173
63062
47068
51183
8108
33444
79276
45760
73661
86251
75067
6879
33385
85388
69023
39545
16051
65053
17573
38445
56944
28292
70955
10444
34349
41718
29991
52403
5398
14089
86800
59414
53182
9263
84525
57868
93551
63881
12506
350
94048
72632
81274
38108
66675
21360
66932
121
39362
38069
42550
21353
79099
80919
68531
62177
83946
32802
48445
97632
45700
63247
56148
58288
11587
42100
47877
45196
6588
59864
96601
11510
46297
94141
78728
16223
61360
43329
5838
43529
67563
95653
90856
63876
36643
15721
58991
25463
85992
22328
56013
88204
63
64658
78526
38093
51651
70708
56361
44962
49506
64108
35778
89707
57968
35781
53183
17306
53845
44552
36494
37717
95368
94934
8865
2926
76438
52616
39783
9805
1190
5816
49049
36030
48450
75262
53759
1879
3243
19007
53651
77257
18049
53633
78664
61570
22819
15661
5603
66305
51528
23983
48350
98462
97913
62358
19385
6645
5124
28198
13755
82202
15656
26452
72039
12661
71802
33424
42963
52905
52080
75327
88002
96822
59276
27746
2943
73363
77915
19303
36216
65429
55699
98931
85011
31121
36639
74347
4712
6840
68745
63725
15866
61802
76851
88940
65607
26755
55744
73953
81901
44207
16399
14822
18822
30895
35921
4596
43217
35005
57860
84458
38160
39658
20053
30766
5126
65071
14583
89996
8157
99464
49258
57113
73029
58596
97952
96020
53433
26970
62868
96967
52329
86162
79233
21597
59195
7922
44075
47270
37581
13546
71812
11158
26669
23090
58981
59458
85435
48516
32005
47083
171
77610
45484
20470
90622
18673
27354
31099
8171
27435
96789
76689
76807
49887
20733
60576
77656
20818
99875
43000
59528
58958
79166
23407
88501
81282
63887
16951
87794
4496
71788
98821
26763
84789
73292
82044
93092
41551
21950
6856
33957
97907
44022
53645
45485
50841
41512
61524
7189
33724
13412
10885
5364
50405
25435
77958
92778
66668
33598
73653
53436
9000
72408
26098
37413
46004
69799
73427
7649
63043
25968
31964
14893
12503
40112
37465
52043
68652
90182
43908
89732
75639
26074
17972
61345
1480
77727
16936
44613
13648
89718
57224
82568
82193
64797
23846
72720
46680
35386
89282
18011
22451
32798
26819
39348
53279
26943
20271
82201
5534
21784
86313
15066
13780
86795
7225
30439
92436
25801
19456
84494
47651
40242
87055
78533
54710
75184
41133
1303
7695
28560
4222
62135
70135
23604
96245
35528
11588
42819
44508
25840
82937
70880
52485
50853
60117
54310
56863
89290
50544
69714
42978
14131
7217
94212
66239
48394
9770
6378
67355
58142
57451
56412
95743
93245
14717
39551
9216
4035
15924
34609
52917
10475
48657
57527
85818
91581
42642
34782
73612
61822
10769
93363
97846
68491
66044
82468
822
15078
16941
18999
56243
2186
41552
48229
58136
61588
80375
9520
70354
50801
64310
84898
25516
61795
53341
83981
59274
26107
69814
29790
65608
32498
51645
67346
45878
50566
37349
12191
94100
84382
55697
26900
47069
63944
67320
5558
16618
99419
11108
98365
68668
67464
39285
62741
58008
97160
50381
24461
11953
50003
83827
36591
17073
8759
19775
51478
67174
38455
89651
7581
3167
61761
78649
18704
8463
39668
90574
20082
5598
82473
84511
35494
29091
42660
64927
88937
15008
34955
87486
21504
25456
35029
19144
35823
99942
74970
72275
86426
12517
69214
43137
86641
94927
82443
80960
54744
31912
65191
24214
414
52201
10348
27825
50545
83869
42222
21846
57036
75824
33286
27006
85253
91953
32758
18679
38789
5587
4683
3368
12046
75903
58595
83787
68902
91270
30135
69276
46588
78789
63827
5297
33808
1443
58513
49833
25578
76136
83280
40749
55783
15510
1163
60898
83639
80192
97137
28335
23780
57365
2510
9034
36240
70654
56905
80946
20983
61029
84906
66790
7444
17459
33278
93601
95744
11393
77157
10603
26069
40483
72426
20523
19786
40926
37164
7007
66505
21229
96277
74052
55300
7082
25095
65401
61680
28096
92373
53465
72162
81808
94781
38048
59818
23441
59464
32811
35553
27486
48826
93148
90342
34853
58141
54258
45685
4201
27231
79909
46898
96350
98131
30978
28577
77926
52231
8363
32312
55522
25729
23828
87662
87701
36811
61059
1462
75748
57690
64378
82610
85714
5732
50505
6824
97555
35415
98326
47634
65849
37775
67312
74837
40500
65528
94359
30673
11502
9898
89173
6997
95527
67789
2570
60184
44820
66277
71752
68683
70160
66425
10727
6331
16768
12627
29551
29572
12430
13131
87577
52096
41848
19496
64014
5910
79991
64793
77433
74494
79256
11542
83957
16569
77919
46517
95310
43335
8298
70470
50166
12782
19093
93648
84951
92443
81648
85886
78268
70946
34820
11860
32221
24010
7834
62564
14663
34561
60701
67134
87627
813
79638
37880
28349
98590
61276
38400
68108
56643
73319
98283
96826
85144
62242
60978
23901
101
40497
40647
38482
41833
19981
16217
33113
18776
71866
14536
4709
97085
96916
5620
62749
18054
73853
83241
77170
2573
46853
39193
74128
42813
30890
33791
9317
92188
29287
23967
1139
42938
39600
33563
87187
95590
31949
47192
97103
84048
19237
7046
18175
63925
56859
98813
86897
36658
93176
64821
66089
15302
2922
9104
19870
45889
26832
73417
76281
8001
91999
68539
75791
74558
78223
55824
3195
5414
93096
41054
38753
2857
24466
347
42178
73919
23388
71122
8279
54619
53342
97676
83992
5273
27195
60892
4299
62642
84435
52306
61625
97117
93707
75728
16163
44686
11112
54308
27084
85429
62159
62744
46708
99691
52823
91553
85662
78179
15579
38273
36105
54913
89944
43766
96022
40256
62944
69659
20618
17493
91944
55562
95201
2066
27453
93542
38113
54069
61610
40443
16920
69431
60883
21088
98757
45653
65645
65738
31513
33868
8168
79894
31031
25476
68985
95475
73942
10271
31217
90052
49296
59322
90789
46641
79611
81627
22324
853
34140
64316
24765
13652
50670
87643
95037
37478
75072
315
99061
86981
16585
46432
35783
89524
56038
94712
64858
29684
79985
67907
71935
74009
22716
78194
66715
49127
50805
62940
4591
66997
90575
49535
8602
76422
76688
45162
16300
57296
93162
2645
92685
2377
91321
81349
95345
8675
98103
62341
24745
37430
63663
49815
20384
94320
75938
30975
92563
54177
57904
66815
24927
37693
87982
71601
60592
33475
91988
25348
10527
20574
79968
69839
64135
81986
91502
23803
47565
95171
76717
38467
78790
75281
5739
58128
22411
53020
83388
50076
22954
79418
42519
17965
33576
91541
42517
566
29165
62018
5553
29102
64938
31615
43800
99746
71266
63176
62297
92135
3398
24150
81551
74511
62121
91808
83867
99064
10477
85178
24338
39062
90064
53325
6499
8163
48342
31171
85603
83301
89799
96444
81717
33909
99755
21771
99814
11303
99142
22616
97741
80613
16293
33300
66878
86921
39471
72132
88468
3199
99758
73854
62482
8417
53757
62584
23639
75068
3036
37928
31372
31550
37117
1920
35144
7488
97982
5512
44638
94761
33547
87988
88938
82086
16882
2964
70039
5712
58442
31511
87527
20310
38537
97559
24057
88205
62016
11848
34000
26989
92598
46824
52183
17563
72865
4319
90704
13316
73346
92206
61422
85112
37587
12159
94949
61107
58169
17042
15713
71585
33738
16236
72885
74263
97104
97962
98384
94785
1712
80264
53848
4668
61110
43216
12840
93625
8025
77383
34363
23848
2625
87018
63402
66021
88115
2908
81299
44241
37291
30522
10998
49597
38120
66768
36462
2686
55937
69745
60178
78771
56024
63672
82772
98767
12673
87275
87799
12927
49638
47181
54215
63139
39199
6767
45278
54826
91437
26143
75472
15322
7737
84148
83952
35416
25045
97107
75570
62209
15113
97256
65980
30508
64735
66874
15240
37484
85229
95370
29360
43597
10738
95695
95498
89051
26080
19865
65008
73061
4908
88023
52349
32170
69144
77744
7185
68179
98996
31996
1998
90516
53889
78964
9706
48797
87061
81565
10227
92570
61984
33305
78901
55791
51934
30847
33096
2628
79665
78241
55902
11915
49119
4140
93282
42682
13454
14670
62843
71789
16487
86476
55661
24001
81218
87029
45991
55772
94225
83955
92894
30871
31943
52818
85501
32059
94945
84935
27127
21173
45469
77015
49181
65342
61252
28867
50806
70268
50270
55250
67262
39125
51773
50947
96122
59571
76025
15347
75688
46415
80083
56484
55995
76787
61273
83345
7233
72156
86094
87202
1025
22624
31981
95678
12570
86218
34413
1831
89117
44464
30346
5795
9388
88104
6389
70162
78345
67604
85847
39305
73607
79719
448
91171
55251
72310
67845
41645
15572
11429
90021
34759
74373
96516
86968
83738
29859
19119
26668
99770
8039
19572
50140
83909
28715
8098
10891
875
20593
4797
32580
65456
91996
32896
68097
73593
76960
30345
92093
60415
18278
98607
28833
70577
50655
82827
25537
59105
45282
37042
53812
51948
61256
57898
62514
49403
35306
2394
44645
3815
16373
96228
49931
8916
49880
98254
66061
11635
72332
36960
71502
2408
77611
65926
84022
4696
38900
67338
33797
8548
72957
174
33047
6558
33231
621
51882
56779
45816
9270
2669
68914
95553
3173
28273
81078
30465
7676
12989
64225
60774
96258
85502
78341
32571
21910
43465
91192
19494
33045
73206
36033
98159
98063
95852
32476
13158
53821
40529
92441
99171
10529
65990
54290
20840
51239
36454
74759
39793
77059
90034
78449
50054
28118
70101
53811
76007
87865
98886
19403
4840
52722
75571
87192
32238
78505
89026
45312
40983
79808
96952
65441
29519
10633
5723
86524
61320
77041
2421
93065
94058
75911
94734
38569
36360
95167
20626
57122
55794
6246
76791
77399
702
12623
58468
41263
48145
17196
6681
85179
60931
41388
15460
35991
84618
76340
3702
31526
47947
27057
30073
17414
74107
69088
30382
13501
55294
4147
643
17520
13558
75466
8558
35001
41633
8370
84030
76286
92012
94588
73191
61800
46763
92068
38054
51172
2124
98995
54779
41999
51848
86310
56311
88372
36758
71136
42983
80844
1041
12155
13330
61712
57085
97242
94997
59159
55712
30630
54963
94462
69679
58107
91098
31336
61044
33553
17454
53207
21348
84235
98236
18062
58984
6608
61147
61326
77966
39638
61705
4137
44463
73301
37392
25751
80934
17343
85231
37226
46067
23101
30659
8920
37565
70484
92186
578
14846
8449
8139
42765
99140
12687
35588
62352
18448
58005
74061
6063
11571
79342
63947
29910
92176
45744
99714
29589
95293
38717
39298
68573
63679
80209
27512
88276
2164
36210
57907
11552
15594
82237
18883
59320
21959
13837
53673
38540
58152
28176
48030
21359
78952
5787
59034
49885
94745
43935
64703
33275
34614
48558
91507
89067
1393
15603
40510
33881
32319
80357
70616
2726
19913
67880
19326
6563
6734
86700
11899
94014
25939
54297
50758
68574
82615
66188
91726
84914
38129
20233
47796
91892
81051
33877
49111
91306
72244
43875
95147
77083
87528
83929
51728
71829
90027
28521
51578
40888
94680
26396
24629
71910
59787
1202
46865
37849
3720
28459
4782
61944
7529
87071
39572
64393
12475
69976
57301
88308
45419
36690
36176
1251
33756
5862
32727
22524
51738
34786
30388
15858
25140
11043
461
58364
90536
56504
82024
36188
3503
72740
80169
31505
92825
11896
30083
876
30319
66809
23314
29974
61841
33477
30440
98778
97636
19820
8376
70818
34823
55054
66175
41205
4098
28219
65984
8742
14833
92741
37316
46270
90216
2251
37846
53825
9290
43051
44529
71392
52511
32624
490
44828
25321
53719
8519
78939
84007
54347
81827
13168
362
91395
30886
89755
65405
31538
47547
10406
3343
94698
39809
22439
76051
52638
61922
9301
22664
95446
14183
76126
35924
40806
99844
13820
76742
56789
22016
23071
66849
32786
15277
65012
29772
61268
1452
67445
15442
93610
54122
2150
35379
4537
61358
9178
53855
72153
37345
48917
63775
20430
68725
29613
87194
27689
21601
35454
59298
54658
6929
15611
76725
83316
49701
82423
1573
42931
17032
59726
78917
13466
24074
14402
80361
86118
82668
1150
43420
37888
67696
34258
57395
383
49845
27352
37395
67983
53873
16089
62301
68144
42289
16958
24258
67395
63983
32726
29877
33454
71863
73782
12643
94482
5735
98655
40452
57056
9302
94227
21506
50661
33271
84683
19680
58393
76861
68983
76953
14485
46137
92500
94451
84204
70374
83701
21130
66619
22008
88837
76611
62407
49211
60459
10034
37244
42371
17453
21481
32924
38060
59925
28862
67002
52294
85376
68386
64406
40434
92384
46354
47743
40267
43417
94593
23435
59348
31383
40159
83275
60579
22141
93417
8679
93692
30237
83518
48105
78291
97650
56183
80472
75753
55829
87313
81254
84587
6036
44848
44122
83504
9391
79718
8146
48251
25600
56078
58963
62752
47922
98991
78675
55394
4413
75288
27283
39977
73067
58584
11762
92010
52600
23192
77319
54225
96418
86521
16624
4191
45624
89116
19200
85779
36366
83173
36747
46369
89677
53762
58472
11465
87074
10617
39828
13996
95444
80456
74567
6244
45586
62629
68192
74380
59488
76109
27568
64956
78193
55144
70508
88338
48720
8230
29917
89091
9797
65158
19579
62898
1434
14267
29987
15630
410
11256
76158
87809
14943
81239
40363
93694
67483
2536
30377
39158
17574
91828
9070
83977
46941
18713
4435
77105
90980
42866
51915
13770
94312
42915
54360
22549
74769
36418
74991
30678
89682
19569
99476
34574
19491
12910
81949
66474
91524
88539
68164
49108
40441
68815
39713
1287
38825
13617
8265
10075
36767
47833
28434
75823
21834
60916
95080
59217
24325
17904
2352
30575
56949
19675
1412
98269
10423
72763
87584
69107
43517
28240
15909
4984
65149
24691
78691
28879
81301
86767
47863
12040
25738
66520
68640
95143
20616
49217
91138
97841
61654
70220
58303
90367
50283
90000
81357
6891
20481
10713
48073
14881
4795
92985
50017
6866
92556
49589
13754
60925
13383
31653
84929
81013
39691
75685
90269
1680
41919
8705
99002
69301
8144
87359
62740
88298
80001
80336
58873
51603
12297
77833
42065
66112
40797
52851
40657
98851
91103
12360
30183
69282
87692
93701
74219
4540
12050
36208
36489
59108
3513
43955
35211
82243
6576
27081
50824
29624
66920
86840
69096
36684
31636
98403
43484
7290
28767
973
63501
25209
80095
17534
92021
41001
79753
55390
17999
13323
24194
25302
92401
37735
91674
15590
57964
71733
74233
52895
84036
48555
44647
69441
22236
21377
74708
57478
8813
14312
37926
8210
89144
14104
47708
2899
35395
37168
71124
91153
9812
12745
5987
20628
52822
53816
55174
89062
20157
8385
37241
99502
79759
66649
39231
45687
45294
27863
67735
85487
31935
95283
66183
9567
50100
67531
2974
82142
12752
21821
32509
58427
22035
38715
58417
78685
8407
60823
20231
81530
32861
78587
75391
98770
62948
33409
94147
96557
78603
45435
2575
82609
56425
71391
84180
61438
50009
207
83505
21783
7992
29622
49263
84410
33991
72108
68620
57803
60489
773
73306
9493
43932
46085
23414
9957
54003
77
9102
36132
63546
63571
11348
19141
4787
63850
89668
94613
26117
44910
60983
74072
85727
3995
28059
75465
92547
82380
18471
35707
17922
13590
18279
44806
40508
5309
32184
99145
74116
39192
84645
77753
44856
38274
61507
86013
33906
51459
41543
18934
25339
67690
27230
46280
7267
40024
70695
29015
52798
43760
51148
26961
60245
10165
48061
75684
20449
64247
16954
45835
28195
85794
88428
68100
49187
36215
14065
81388
38694
9473
79136
89965
86590
66109
9939
78352
46100
99267
14966
17490
59780
90807
19124
7927
30314
75312
29013
4980
58116
86381
2057
75967
42406
94185
20012
42480
41472
97312
12995
11935
81865
56402
20308
43618
67520
24394
87332
84333
89943
88247
36797
32885
77924
19876
55884
139
47991
64977
71946
67388
60017
82647
57727
82339
30477
7972
93835
33616
8946
50114
45828
13438
55258
96076
8649
43388
10106
33505
99806
60018
85534
25138
91141
60775
9622
19103
59391
52765
94944
74117
29451
74963
54594
31626
22369
28730
52296
13495
64699
64106
3641
4581
94663
47408
67432
85582
24243
38614
62153
68559
38389
69952
51033
8823
83759
90163
18799
43181
94740
45007
91096
1777
80161
19441
36516
12293
12289
16965
22399
60158
50288
70364
55773
88357
70420
19999
17672
10583
63354
58694
47039
62581
99698
68114
57251
36256
45727
17163
57132
17537
38154
58660
64979
63815
9684
68438
45307
14725
26591
2548
27447
124
86271
9801
53238
41005
3644
54829
84447
56390
3807
98573
64950
75100
60476
83841
73610
46454
98164
74159
45691
4495
45462
72703
2248
93670
650
45502
32641
86914
10400
98336
83031
50403
95637
23094
26639
42196
74561
85371
78289
13981
23996
1760
86131
63126
39623
93077
5556
79413
42464
32845
35346
38849
10029
56491
6177
95282
48870
34827
8860
15693
132
33800
68821
43379
55544
95946
8435
72485
9556
13149
96705
57960
98493
88747
13229
41673
84698
79838
77816
15422
927
82337
88655
38991
7310
97069
81531
46992
78339
94167
17263
39914
9671
21079
71001
28587
54757
69632
68839
32904
9275
396
66690
18540
96856
46144
23754
22809
45747
54455
96959
27838
58796
46565
93121
31548
98235
8763
89212
96110
73655
82714
35358
49048
30518
6384
68041
25793
54505
31688
74787
18494
65022
85788
40188
21925
94374
21640
89356
96189
85966
89109
133
34796
33100
96917
25492
44906
24268
72035
45937
37938
7504
19994
29326
72571
63796
10632
85599
71114
66496
63434
5081
59611
47489
26189
55486
18101
27263
7877
90642
62251
14223
33694
73257
95521
74661
94596
32921
89413
21032
97783
82485
3829
34333
19470
31485
22910
33388
40457
56395
7704
20923
70027
5308
23505
40661
71434
77102
26649
84360
98281
56629
40804
73693
48238
40123
44056
32656
36882
58138
91031
8356
48932
75440
72452
95261
89472
9134
13391
86927
36086
85049
8192
80926
85143
48913
28038
96532
9768
36788
83814
23102
30781
29195
63733
27539
92172
81630
59670
41680
2953
42123
40393
73039
31662
32520
54489
66631
12181
19975
18515
82954
68126
65504
93745
13834
12951
64542
24048
72030
70216
88240
99753
98653
97726
82049
44890
10577
53072
53114
65999
3083
95187
54756
60450
56741
20940
41229
46310
16540
88054
66857
62811
24556
10186
27251
31316
10136
96003
7709
72862
52292
9735
87106
97800
63744
17438
70098
99710
68431
80093
32248
76446
90116
50515
12177
57093
20872
89928
72234
99663
71609
2189
94063
61558
65363
29852
3535
21346
53125
45264
29653
62492
65740
41962
21613
37871
86883
89725
52345
32375
54044
94331
79417
50324
76579
54517
72259
61448
21405
48356
93666
89336
35668
59046
54975
29327
93224
4404
24475
27660
68484
55304
60216
21985
31594
84392
12092
6347
75658
37969
1379
41460
39084
71401
2415
94267
89274
83591
68375
47680
41593
29856
83950
93199
44447
3594
8967
17695
93388
50653
74361
41260
31258
35123
51521
87377
4776
67280
31076
78404
23207
53419
94148
97364
45977
36154
31654
82099
90981
59771
40638
83852
61412
24255
34262
48687
61431
67423
35865
72126
86605
50061
69356
48041
3380
19058
38019
8531
24579
90978
9811
95477
48305
42082
37115
69117
17751
39875
67287
62917
5765
620
24261
46771
57330
20413
73808
3573
58147
32951
99274
28301
3314
29138
45781
16164
61319
66739
22360
94223
57741
20223
87789
28119
70920
72340
73536
71674
20601
31301
56774
67642
29266
36800
32438
98889
31088
90881
83998
27867
73305
2237
99953
34728
67358
92488
1333
15586
37156
38729
4633
79271
63664
37540
26911
44770
30279
85586
55960
91194
54322
87064
48976
8542
74912
12087
54502
93522
64994
15124
22882
66159
91527
41797
57215
90900
28279
76380
89248
64335
52133
67837
99517
21036
95712
70605
20327
34135
32773
10215
77657
36922
59643
93567
72631
63926
66050
63636
94228
29508
26657
21575
7134
99871
72827
99969
69120
61783
58318
48253
46093
67974
42994
22894
73122
16255
47554
22966
90226
78612
97212
88596
55031
71860
20776
68856
29097
22636
43966
72890
24815
51629
95121
53264
42810
88273
50130
9447
84161
54919
92146
98267
79305
40686
82298
1268
17722
36011
18923
29306
35479
73415
50457
99073
61362
48502
73167
72875
63903
85666
32518
8750
35701
15258
40347
95094
34570
96814
98849
84042
45022
67542
90968
44179
8736
28875
99344
25947
83681
79633
98898
25234
40205
7940
55994
59509
21322
45241
46391
64930
45486
57410
58056
21058
13065
79637
34580
66778
99569
2806
73636
53864
67424
52963
29577
81991
81533
80998
96875
23729
6221
65442
20387
45954
22801
6763
66952
30963
81202
18362
3645
60712
41379
31664
57005
57305
99672
34277
24000
25130
20893
43122
1569
81286
29421
65769
48252
42638
687
46583
94437
49546
74178
68525
11638
20561
55921
31246
47099
67451
11456
47281
43897
48574
52595
41590
85417
59772
63936
38114
52288
76677
66354
72457
42499
60088
81682
80462
64090
49400
22309
43372
35025
58699
17640
64968
82537
61363
88072
81069
74869
78605
72460
12223
29464
92549
68553
77609
40453
36056
69810
17684
7554
66945
6760
15963
88583
63648
4482
85405
61982
94388
63525
83797
62947
20418
54571
47963
38265
13217
35063
92322
3813
48961
75192
15494
657
62303
86948
83550
84077
41174
55573
80546
96743
67077
30560
13549
38168
84017
27962
50349
83836
84087
10863
86842
49611
83742
4627
31451
45706
67411
63885
77575
33740
78195
87908
20937
90510
47383
88400
80401
5088
76565
41392
61390
46239
19396
91169
18963
79330
91021
33201
93774
1644
64230
73988
74448
1714
37988
52721
48656
30581
87815
50905
31596
69579
80157
50068
72410
91658
43628
40842
35421
99019
59065
94368
72873
35163
65753
74215
99604
82575
95675
81222
97664
76593
44565
91943
4410
85604
39643
65723
73574
43521
41697
90512
77229
40020
87155
75636
66075
88715
74737
95220
11490
19392
46660
97867
78596
26557
81977
4333
21903
18276
67783
93565
93373
6439
21194
52503
95595
5358
51242
92828
18770
78169
46090
20566
40924
95803
9084
77622
45798
3850
6256
28117
55508
88453
5086
90074
11
83424
67633
74278
47674
60198
24465
72203
79678
963
84585
79297
6302
31748
57119
70653
21503
92059
91469
82657
76886
75191
65425
66027
75307
29070
73632
90531
11025
92456
16397
76213
77146
52039
85497
97433
8070
40392
49041
76958
97491
70150
78153
64149
26126
48405
22938
24109
84905
64240
3518
28200
47425
54193
93457
83418
53186
79928
98635
40492
5147
13761
83429
51717
76812
30664
56276
10565
7515
8109
25004
71015
7451
38411
56696
89861
53970
42509
28231
84573
66222
63714
11004
43979
60504
42962
91029
70709
44261
71484
99309
29535
80767
99950
4621
66734
70874
41865
22972
62189
77194
63868
258
37502
86258
85930
79112
87083
50099
19887
39552
27180
81262
3323
57563
32067
31586
71495
83243
17478
41487
47786
56850
42488
27073
78574
58341
6332
20806
72975
77136
73477
83451
13881
1110
56419
8753
7550
63901
45807
50025
37526
89621
21810
40748
49290
39594
39952
50154
21571
40469
46656
28385
60144
16786
14145
41224
38690
47702
51841
72011
52145
66886
21315
32676
77846
20261
16934
14139
33120
7199
5550
84307
62308
78503
65210
57377
13876
78451
88429
71049
78557
87049
82912
52321
40477
77613
1756
25983
95225
13358
10451
10615
12677
26024
82682
92865
27013
23582
43842
38997
9778
44408
42273
71101
88041
50416
18217
22513
63352
28148
51523
18366
78245
75937
65580
63045
24239
64058
93095
96249
89
2133
48297
1161
34365
52436
70707
26454
25904
55622
68892
34038
62280
97645
59342
56953
76366
40468
21407
87483
77376
11460
78890
39538
46053
59550
89884
37661
49532
74360
34018
32496
49079
53940
35272
6335
82246
56097
92288
28188
44589
79757
57987
87955
17149
15254
8372
11804
30681
47244
1295
72277
17058
97439
41666
50880
23145
86431
90804
89094
80451
91534
56083
50920
93178
84974
15140
49793
79162
10816
79570
97353
54078
63739
23990
96602
39990
86002
14825
63840
2172
19823
75378
36745
89272
44267
47426
26931
24449
74431
14016
74199
25838
23744
64570
46006
95806
5447
48922
3527
48317
30952
28189
46605
66777
86126
73504
45933
22024
74170
79228
39736
33627
23548
68081
98539
638
7841
89353
98142
20882
66700
9227
81412
48895
61912
25038
18609
56912
94820
82649
74584
1905
31204
28054
85781
58432
38599
24256
67028
5651
88356
55148
71781
84568
84510
17128
62518
15546
79310
20112
42908
40567
25025
94592
58499
60162
70467
45810
8869
2332
98671
69218
14444
53735
5173
48007
31295
61898
37325
29318
30663
46928
56602
86620
27221
96864
40432
25455
5834
71701
45291
91984
20557
90060
94476
7530
62488
4868
15199
46009
45416
27039
39360
6812
87733
8837
21795
98836
924
22142
26991
89786
90199
10442
97854
51859
60967
45667
11129
45769
51722
63211
55986
35618
5381
47576
84803
37322
52791
66331
10039
40412
98374
17105
79185
46574
42958
38468
78132
23438
96785
7862
46650
97341
52386
4014
64081
33370
35274
37004
6899
4515
84548
53331
15251
97481
12808
68767
44341
18160
14435
8400
83857
35940
81250
62649
12134
40723
16640
64451
90079
12937
24822
83254
36155
21457
66338
8724
5535
85099
4089
37594
29614
11441
1365
885
80495
27040
52869
44240
27241
22848
4998
576
84107
47208
7936
59054
91043
5849
12938
46820
87476
63132
85031
71184
30079
69522
89936
93409
69951
33870
33749
98001
77569
65424
48093
75383
22645
81480
76434
62900
28202
72940
92887
4608
36342
78905
57265
26743
52177
18842
74348
57261
84489
62391
80734
65524
75839
88856
54018
74415
58546
51949
69199
42478
47486
7247
8983
85332
69518
55152
15484
33785
70055
77188
57674
3472
55568
27114
52797
24087
16007
33498
82940
21291
34664
84169
84921
98014
61384
84695
17920
71106
39228
87256
54105
20307
96555
45676
52807
51380
17359
76448
16268
14954
13389
30509
51883
75497
36693
2749
8143
99139
91933
66616
17724
78854
49723
70987
3206
70214
51529
30029
25226
66694
95509
65771
72107
85712
68976
53834
25971
82170
96357
15504
82111
94959
82152
82240
64701
94687
48089
5696
22810
57561
17662
2261
9951
48709
23689
34642
48304
24723
93298
10295
27031
6280
51418
50393
10689
79847
51075
48830
61433
91010
20681
77982
2744
23776
1425
49325
14387
8481
47352
23963
53774
56941
78237
82440
84203
55099
44352
11261
72592
54345
56458
59737
75355
46181
5678
45321
86256
93063
86110
98199
80622
88322
75386
1537
46600
82114
86250
29729
49416
3009
71294
3704
57248
45967
48985
76769
9721
23193
98628
79008
36451
17264
24800
296
81272
83994
22617
9198
49595
17681
64367
74352
1074
65859
56118
83629
13845
34935
40837
29086
2123
92256
741
65818
68036
39256
62449
50896
91317
41469
44200
72906
21593
24162
78578
12017
71408
83714
30610
44396
35022
5777
98581
88462
76361
65650
46461
73844
63226
41767
57762
83335
62392
90408
29419
57087
35534
36000
30807
60724
50585
52277
87559
98771
83118
91004
84117
97377
59323
8989
79966
37417
46831
23812
41481
9806
78479
56147
63821
32675
89419
87213
46238
87595
53406
96739
38477
61312
39834
78822
51736
98667
32038
17054
23089
54805
84049
69995
76097
17193
24702
88299
88425
1812
68975
25471
76251
95569
74394
5713
21461
34112
81557
78137
10932
33517
10920
64572
27921
21133
75512
87199
59534
51347
82700
14705
45489
90029
73120
62829
34601
19125
36019
58898
39221
49618
3460
37476
48384
70297
45863
28869
98892
25282
13807
59324
23879
28706
58757
93667
3708
22509
1040
43103
18437
68490
70080
30
20752
42490
68420
92184
62549
35620
4832
22684
23517
51414
76532
37178
39697
69100
89895
18451
9384
98563
81764
68296
16555
44664
98077
50014
65886
8079
80551
74039
31393
3039
85753
6180
63955
59047
78833
72754
42284
43762
79591
35284
94826
86309
91517
94436
32441
23342
98747
88662
42746
18266
93120
47154
6694
14478
36095
6809
74668
71521
19079
59594
85660
32658
65498
24969
52506
76978
20009
71238
55555
15942
81572
43304
82196
24120
73638
87751
97329
47053
4296
73379
77340
7254
18794
65730
97790
5705
88038
23458
52882
18135
84909
29935
9719
44587
50377
64509
66729
86299
46979
19698
66958
30657
41444
27519
9637
70125
49792
35627
59885
58209
83476
34603
64835
56164
20660
72496
93895
90383
18509
35295
81795
77851
99946
42618
58608
87710
82553
30893
4801
96218
85982
50456
5259
68618
29454
17465
36321
24131
57518
81237
27082
64482
76439
65716
48832
52533
86846
51369
34847
62459
9211
3461
76426
23530
69540
50224
91547
82266
88304
70279
69479
1334
35509
89610
30503
52581
97734
65245
31449
59489
95228
51693
75733
16525
27106
60232
41841
5879
52315
24709
70650
83655
49007
33008
92471
3639
73848
24492
98377
74481
53969
30542
6952
43198
8518
65116
59828
92953
15064
83358
55329
30269
48499
97509
28953
93482
5286
44620
30521
52416
28779
85183
30679
6154
19894
16161
57818
25559
15179
23650
31914
68020
82444
94624
93416
43313
24136
54706
16079
70128
6534
92821
94515
61341
24078
20673
42395
3584
44483
530
64019
69137
56439
87606
44796
56389
76040
63916
66336
74096
93173
2901
70434
10098
63493
86860
487
91452
83965
68089
43844
63078
25245
16998
52301
95346
9596
30134
86585
93985
9703
71909
38073
75919
35047
13803
12580
96525
43442
9864
99373
12219
68456
2872
69837
7312
2435
29555
25961
22318
35451
77670
66380
9739
92800
53986
18415
95648
76027
1274
12998
56511
48522
88036
77826
78927
80460
45860
32268
15126
71337
86331
24987
44423
51010
81527
73721
90459
97136
48082
96718
85943
94262
337
67089
22855
22770
94369
9038
97158
81875
27668
14341
67916
26081
36665
20549
55476
42851
68955
86180
71137
62084
19857
29456
24542
66873
99898
70362
28316
99232
43135
56527
52327
34329
65483
42410
64143
9993
97093
95055
35412
47867
30233
35322
36942
31940
7959
34356
44011
74922
71849
35371
92744
95674
31623
69058
27881
85124
96168
88737
2725
90894
444
67742
5769
15198
37740
75744
81359
70775
51769
54866
5792
71623
30685
18707
12300
89010
48357
65177
97601
37804
57173
44265
36973
81212
83752
73340
87942
59888
23416
38529
34371
29179
8306
7669
3003
76963
41235
13734
92555
59183
56591
93448
25538
2574
72926
75313
9767
62543
92427
69790
23946
51147
42881
6120
5027
97343
57890
58110
28895
25581
39185
72787
87112
39609
63414
59630
67371
68262
49643
20238
43859
58853
11636
70391
26070
49941
39385
21456
99210
53103
76908
45175
36714
42869
49431
85267
32239
30024
2249
11089
21376
55846
73272
48651
39772
73960
3872
28693
39270
84476
47376
28135
97936
47607
83491
80615
76060
99585
49438
99403
13560
68099
74110
54465
73182
37906
72715
79857
6449
57918
1762
36147
2534
19163
73879
46477
9978
97240
75659
54898
38680
43978
16993
14356
79317
30267
36697
49444
79709
19550
75734
21352
52020
49676
62580
1747
74610
30786
86378
12921
65386
61047
81727
42635
90635
99924
81079
20857
36127
72764
1347
32295
65812
28022
47527
16662
38329
63709
35813
57751
86711
91217
24559
55424
87453
68608
60776
22979
1492
75434
85082
70691
39239
67608
23132
79476
15079
35834
51221
45670
49954
96881
32150
37448
77774
64432
71498
60087
38007
75435
90967
35997
65358
35889
74007
99411
45506
98507
43169
16694
80588
1019
34061
54371
41998
78524
17483
31066
16155
43011
62374
95048
8658
93665
79635
82212
96121
70679
59134
43172
76512
97596
41377
87814
61964
5092
88351
60745
11603
60531
21610
94569
75147
77975
90897
67965
50964
59178
70351
68006
17858
36991
95123
72358
73890
23676
59580
35425
97421
94656
65622
29944
57010
33144
40298
98364
97735
75398
60585
57245
90470
86425
99307
93967
54672
47622
63037
26130
57017
53658
98624
13962
65356
46396
96190
55353
78078
8973
5496
45984
38285
43180
11496
21902
65171
97295
85289
6016
16940
5711
49365
50263
38791
36536
96473
24856
42358
84831
10650
370
34324
66051
83073
55169
33479
62750
13071
78131
10634
15014
32347
36090
57796
42987
58623
44709
4106
43854
38896
4694
44359
18758
24297
59773
37861
20953
43923
88350
45064
96968
68163
70926
72504
27747
26618
62243
43878
39366
5044
84280
52544
36818
88025
79336
57004
44959
66882
55073
83686
58838
59681
21690
42784
73062
5616
9392
57683
89710
45468
55115
14367
70543
71969
10559
71017
43067
39737
36369
9880
61230
50317
48620
40906
9580
7081
19730
94233
23430
80431
56943
18331
12060
86424
81488
21882
38866
11865
21750
82358
98650
46176
52860
87594
45796
80085
39148
98356
18655
30063
84434
44601
69859
89012
54483
68087
55447
96409
92801
57857
71308
32220
12520
24646
12136
63577
6981
48463
93273
45639
39411
26267
36172
22538
95278
64583
15647
79590
23420
11766
47413
83146
81448
50716
55630
42130
23804
67796
7196
93892
72687
45794
36932
45709
15524
33460
81171
30323
24498
27812
23485
78756
13121
17416
79682
74955
29679
96453
38785
45209
86847
87291
2496
54754
15982
3606
9541
78969
85255
55851
65384
82650
22499
65570
2157
21191
10260
41960
1620
42149
71807
88279
57878
29639
29312
58532
19931
58850
87921
43315
78914
65888
40091
50927
27595
72617
28070
56420
17205
59716
89600
56743
48369
33135
81947
33002
43863
92649
7811
82103
65786
53542
86109
79320
34254
90787
8576
44069
47810
15907
52929
69575
1727
66861
91609
24110
43038
16222
39058
8473
47287
89897
83449
74048
86925
888
28077
76794
34156
47373
77674
16092
58508
27146
33384
35648
16511
6368
74491
35925
78888
26209
24808
41362
57826
31565
34854
68894
70517
33602
74179
80883
9623
41053
57118
45154
81029
63204
31866
61887
58655
15271
56625
62945
83162
33383
46554
17978
52618
31692
33850
4813
96303
15379
71174
91204
6034
74006
73756
99821
33901
54270
83408
88683
60539
39780
57216
89175
11891
46749
44849
17770
52559
30767
81973
82313
88821
67514
74292
89373
46984
86750
24202
50549
59663
19930
61662
41346
36872
92359
31293
25301
30107
93264
35173
98061
43398
71766
27658
39238
71491
15297
98052
9885
36785
64098
75817
217
54287
34798
36139
65388
35698
53387
42055
6094
36622
2392
1953
84202
40147
35945
6049
10006
80312
53303
31883
38045
11755
59120
93574
47064
81539
79641
86003
97652
86622
5266
92320
63394
29923
28598
38963
35089
24624
60434
75418
1869
14255
83139
28205
40288
96165
86858
66986
4485
88701
98101
23358
74486
58810
83652
93645
51030
80152
73078
82573
59362
99209
51743
88556
11169
13030
87750
85616
188
70213
61092
45774
6047
63898
68592
88507
81177
99063
87725
44945
88125
72481
80376
31872
45389
80831
85884
1591
82995
48688
76156
32581
68142
81084
30956
66032
60888
17966
58689
53548
30036
2813
36498
74653
46917
16396
28342
29477
1499
98438
96641
83193
74429
83026
71404
53202
42972
12207
64296
94980
73841
14106
83006
15398
96436
43099
42342
17940
14845
4181
80586
59700
40848
9389
37537
73995
92360
47552
81905
24603
93048
5831
28544
28305
2785
14873
95016
32690
14783
9339
97074
42061
2149
31862
89482
73236
44836
42603
6877
79984
51824
88088
50575
52358
55440
48460
42164
30736
66179
36999
22301
14028
90372
33941
29256
94984
35732
28089
85455
89435
91991
40569
29963
90722
11457
39655
25834
78721
26845
13192
14837
65434
11298
79730
85092
99094
10945
49135
83845
30792
3059
38631
51615
40366
16898
16450
98197
34994
35662
60413
1335
40835
19924
66971
45202
78777
56824
4612
67145
74400
25918
90084
87382
25711
22266
87991
8641
39876
43975
59420
48269
32609
95354
68409
5433
13601
44250
83140
89822
81882
41576
41618
52441
27008
12454
88340
75941
31494
11185
96900
79003
41242
27306
28703
2211
59454
37721
66157
67381
39235
9375
60353
39033
91906
56647
41096
86548
67054
20929
50832
34348
44789
49684
34445
28848
36393
36934
39858
77704
30637
10388
92237
80071
15407
48926
77324
48571
13436
69618
3320
3538
67860
65346
36935
22561
60620
5952
48059
77085
42574
20563
98059
23873
32054
3301
93276
99580
89158
27831
43267
714
28415
32208
23245
65867
94466
37764
84250
40902
18924
48434
678
97263
45514
28922
75718
80522
80990
48047
63655
18791
19965
22347
86657
91448
95111
77195
81836
71561
80642
9363
43714
53894
66067
46367
62592
87084
67209
53987
10003
45746
34647
1121
41889
19239
71035
47888
34888
50256
34482
26933
49893
30859
28792
142
88619
63182
48431
16688
43332
32938
70737
41080
15913
26145
6447
55042
69165
14722
30148
36677
21448
63467
81745
48987
93186
27562
74280
91463
72014
96417
26088
51619
34428
10886
74758
72797
68212
99765
69621
35192
62640
63693
50342
1531
92157
24882
86509
13900
27645
12341
51662
53786
54070
25735
18172
18823
55293
78669
53068
83266
10040
55143
28710
39540
39045
12138
11601
75467
28489
9131
53674
80105
90815
99582
20319
98152
88101
63620
26578
55373
22566
15375
54102
63867
72334
59786
84664
5776
75018
80796
58220
75988
87964
68990
86245
75891
80369
58955
42360
20997
86234
94181
62454
37281
65960
59450
14137
6795
2102
37482
73851
69720
38946
55972
408
61936
31203
9507
80684
16790
64562
56973
18536
38334
572
27377
61871
37061
28963
58433
13706
48802
95905
99957
13894
23638
13069
55472
95252
54516
57459
81550
66590
17541
8185
69545
5108
51099
1266
87410
52086
81469
12357
80053
3978
57800
10277
33678
14829
5091
29196
89495
97325
87686
84946
38267
41901
11727
77261
83970
48517
83040
10484
9014
1034
94035
97696
4407
70663
90672
505
97311
79698
53866
97561
63432
60188
5238
46872
88750
35550
69323
82175
61506
1081
75141
47717
23614
77014
46794
38780
57046
39418
87759
10481
59349
48671
93981
91057
36052
12823
38995
5982
11526
13042
74924
2860
2170
83015
65241
68335
35420
28558
41156
92270
89215
78463
80705
38990
5981
28408
95853
85655
58403
48117
78863
8620
89643
79403
23640
17055
41876
84959
63503
3681
72843
8458
56932
211
52350
47137
13045
50448
38779
35942
65282
35203
34178
68527
88056
16052
81748
81946
79165
3860
82632
73899
75762
91418
62385
78016
79751
57169
1038
26095
74539
40621
48775
81683
93256
95331
39920
10724
45293
21439
12930
2967
76101
94110
36006
58323
9825
32779
11978
10898
70686
84043
59964
61970
99935
50112
88039
29368
21549
75575
57267
16523
92664
99098
43992
73205
6748
18012
71914
11980
76326
69109
86329
78416
89355
32131
11733
93948
33405
26648
69045
5134
88136
54226
54762
60429
12488
92919
29580
33502
99669
86178
44410
85123
7692
69422
56494
72339
64183
20284
17029
96971
43161
37991
13235
42129
51131
27509
42487
84685
36888
49300
59777
46108
13390
40634
2099
16918
77140
57092
20343
95554
17870
29932
56751
74551
44788
56320
39289
68599
21373
74659
54845
13489
5390
96237
92474
31731
98614
30081
27721
14577
96447
29192
44026
80
57336
15615
44577
21162
67591
59858
4834
57253
25015
89423
77749
85697
63193
46860
56063
77284
65040
16549
38735
31160
97092
68609
82381
33044
79124
89041
56415
37352
66510
36437
79344
16858
70126
65112
75447
91736
48569
90223
33089
88853
74781
63530
8033
59192
7337
21705
93022
60920
51996
85608
61840
73386
52935
55033
32865
34923
98261
39240
84159
17071
1706
86911
36470
42331
40737
24030
72719
89151
91289
29052
63379
82687
80405
29788
43701
38240
89927
83185
46426
56192
95240
38564
90926
26760
24855
29826
20699
96685
75520
28909
65890
80664
75152
33356
98584
23224
14217
92131
88140
4426
88574
21393
55530
68802
13518
90340
16171
43586
33575
83766
95046
92507
5178
2956
35012
27179
23886
37808
15394
32607
18937
72900
96522
78453
20747
95807
77416
94589
15984
35908
88639
73609
66311
57510
47169
40571
98085
80798
89471
81545
49961
66550
28728
15374
82702
34663
63682
71607
13865
26490
91651
52365
75058
61792
10878
19679
86567
99387
6790
23532
4955
76892
22293
78541
8002
85153
63291
75509
39818
51594
21042
50687
69474
4112
20489
4849
99138
22127
88542
82101
33509
26640
51318
9111
34720
23467
72796
36651
62964
6377
55225
87587
29405
24396
12846
84365
70967
98320
3348
68622
85442
69752
78892
1416
4219
9918
51577
29663
33065
5523
98070
519
32008
28185
90890
33222
99499
67243
91839
73930
6724
9576
40756
63285
92264
26092
27647
63230
76708
31616
56768
62203
9949
69901
84794
93608
24386
50633
17244
42709
93434
74462
50706
99099
964
17389
86648
69766
22238
67186
56066
81017
2027
77367
75005
67150
77331
52902
91078
90885
46756
2500
26945
60003
35954
16114
32620
43531
3595
24438
26018
84068
90427
48833
99301
7791
39207
26980
39397
20928
29121
32961
60746
3679
46846
15737
4652
14074
39705
4490
76428
76640
53716
78554
86618
833
12025
24690
65900
45472
24521
14400
64937
21034
89563
28522
20094
15641
80478
82934
23742
21365
77947
25360
24505
55780
58399
71327
25527
62815
50954
49080
71692
81195
17084
35147
44691
3668
59652
42306
19482
27338
55548
4866
81863
17863
20548
6155
5511
26720
66689
11933
52653
20247
84044
7743
48153
92431
67495
45620
99239
13921
60994
99923
48507
21619
98600
3947
37673
39615
81027
69958
41025
83377
59748
60200
45123
53040
62123
75864
20483
83528
4689
20585
82159
6390
64154
98594
73645
10374
60111
14914
61204
27339
33481
94757
54050
91673
71732
67269
52147
15278
92268
84350
17268
63074
45549
28412
9176
62300
38090
58907
17851
90769
2850
4527
12376
6493
84713
28087
87682
5427
29597
33946
11874
22342
89520
13775
54542
87582
93302
7411
61014
14809
75787
16552
44255
80397
83607
41432
3633
66479
69730
71711
54303
95317
40795
11604
73948
8067
87958
65840
44503
48865
80631
20320
82333
22178
29626
47801
76728
24365
91709
79269
30000
98238
27928
80966
46671
85687
97361
95886
96923
36824
77494
61487
87403
40591
86405
64421
97243
7418
37715
55525
52701
18260
97088
4007
15592
60067
40743
52207
18115
33589
12723
7393
52641
97215
48371
50737
49799
53366
88063
33554
24328
85963
25688
14589
1046
89913
40333
22278
22018
45269
10159
39102
75448
13947
5425
88249
57996
56979
65406
51086
76328
34977
40507
75810
65270
7461
94860
72654
95564
19961
76212
49854
66618
14175
38556
93433
79888
38521
9358
87396
13317
18892
10670
28795
39612
39689
37372
3656
59803
84311
72163
6477
67658
83828
54359
79951
67617
52166
16064
86632
73007
88776
3384
82347
63740
41354
12335
42175
62971
15947
5294
82187
76337
58737
68012
6858
74560
83972
73696
31474
72091
1647
82862
59800
27586
20336
84174
68106
15723
18059
12509
76744
96844
6108
35484
63017
87133
97725
9125
68158
1073
21184
15091
36860
98741
87356
26019
51462
98619
77293
26044
6164
35114
97946
24850
50681
64334
25467
36
7140
89599
57765
33839
23034
33865
72963
50494
28139
18849
96036
66788
75454
69844
11931
48204
49308
1792
30811
27567
35496
63975
96073
51142
14428
85791
37998
47784
82929
21219
52189
28025
11888
9535
50388
49223
63252
45812
34110
79524
73011
53728
88106
53157
89766
49096
82709
20448
69453
46138
13143
6274
44313
29085
23380
60274
97672
10575
51364
11686
84663
87770
57389
7528
33596
33389
54067
83400
51354
5069
97647
97056
60513
6700
68576
17202
10595
65007
35035
22649
50150
38619
10284
49773
6916
46475
86205
4077
66780
25098
8859
4449
76555
90507
5518
51345
21811
13892
88617
38747
3691
48615
51993
23950
26109
7755
35170
79954
41342
28648
54957
28390
51700
93429
5955
64732
76815
89425
21112
23425
96724
66049
51638
46797
11088
85398
37529
27046
12890
40231
37259
27158
27960
17094
92928
92634
4699
98972
74411
42792
83150
2553
20791
39826
38981
74718
73380
51830
84118
19234
89478
84657
84415
12568
36669
67100
13824
93154
93315
90688
39291
49236
88640
29270
59736
56671
58834
98360
83731
27310
81407
59469
69876
64380
96903
1061
35382
55566
74583
80321
6849
11209
85544
98347
67084
37720
41558
44112
67040
21948
67229
85125
96505
11176
38839
45540
65680
7712
82887
40607
63595
4031
59029
66144
40410
46634
34495
47619
12231
61733
20627
72192
79935
25690
61708
90658
30801
28568
33954
9861
33491
46284
69832
26795
28518
86442
87541
59704
16400
35735
8315
49074
19837
2006
18705
77090
16337
69544
89685
90791
51689
17041
45051
58871
7188
3214
8584
30854
45552
85815
14761
81894
52576
26693
23048
38282
40226
98903
2507
47560
15162
18521
39928
46610
82690
30813
94578
13133
69889
86581
25705
18445
8872
10032
10528
38131
58687
19256
20877
73128
44138
5377
83464
40395
94085
64694
75083
74458
99308
20611
57063
29140
38744
47358
26461
29323
17636
3316
43834
28407
99723
93344
86742
28009
34760
95421
45907
34766
18180
40910
90650
1042
22497
98412
95173
21762
41035
4717
80455
60565
67665
16663
44644
6829
79214
13107
93898
27186
97381
22089
98454
57738
67958
25823
32317
17230
43409
71464
50303
12332
79497
65369
25233
80870
34529
14011
89558
71801
86898
58482
41233
81207
7230
15229
59145
20494
41330
22939
23280
67994
48561
35506
33268
76549
33731
9844
53722
47271
77842
42619
83156
48622
58799
96383
56383
60485
40246
70140
9916
13977
68145
82760
95303
11640
9064
48781
10588
17241
59297
39734
64023
7835
87297
58537
58448
56
53318
81208
24207
18208
24361
20021
89208
59209
97759
73334
93075
27090
98409
2205
70273
32637
15074
47903
84711
94640
45927
32860
64168
41786
71260
66981
9414
20264
80067
61987
81776
62632
4857
10174
87785
46379
6693
96487
2286
94769
28304
10840
10606
42104
63597
76483
9935
39906
81554
29473
16130
1018
50557
65218
48393
10867
35536
45779
81486
91073
16916
96276
30117
53714
97279
18324
66039
60306
29278
67452
29530
94344
69127
88024
16675
52607
81826
3290
5040
35974
94835
43004
25410
55635
29574
49045
67595
60082
75115
91481
63754
85632
64893
28128
43262
46001
21752
58466
354
58249
57420
29770
25899
82190
26285
38880
33921
3951
24954
89493
77813
60727
69478
33012
18226
23029
48391
87069
15968
74435
80570
92628
40135
62115
24861
27913
16467
61353
85935
62188
60703
592
64286
15809
92412
51400
51236
1732
11344
70878
8273
48314
86145
9328
64165
92275
62786
10763
42146
4734
46038
1218
85172
41265
81056
65936
73941
43562
12147
48806
69834
55309
58398
63539
63140
57466
27383
9369
531
59955
59404
79315
97061
51083
27754
97229
15779
88829
80307
16410
56754
35521
1961
43993
71155
69371
74881
85663
88798
86053
43574
32604
64365
73592
13128
41926
94040
70383
96253
66881
36103
62394
22657
8414
16042
64420
73283
77372
55768
57831
22613
82178
8953
97965
74287
1873
16284
88735
11627
20520
73494
42446
75771
35522
1020
47621
53352
25313
64189
97181
62758
37743
31875
9835
91230
26065
76276
23404
49709
27387
81669
63439
99853
62059
28432
5100
20081
60388
9990
6472
77634
28579
10941
83853
67680
61541
91630
77329
20197
39506
54075
17471
25202
33189
81834
38166
35206
92577
91294
32465
32350
44161
98720
3797
24143
59147
49811
93797
89082
52106
52523
23936
16999
7331
23444
9781
84980
9229
7272
28668
20296
17136
78599
70477
73104
21512
43056
15782
21579
82163
70631
58977
52586
81708
13094
46256
42793
1362
6353
28973
40762
34540
97693
38028
14983
23672
38336
84584
59722
72553
55706
27610
29321
62109
33263
14420
62420
55229
8577
62295
94024
5140
96187
84151
75814
20220
48609
76250
25989
96092
54752
93354
48939
1191
21629
36584
51042
2362
7404
84492
36496
75382
7816
16761
91982
95627
62600
85808
25898
45166
86682
27222
34623
508
51359
59612
28245
97686
51596
71053
37664
8936
88281
145
36123
70218
15797
97972
66450
91456
41275
83973
92897
75436
42707
53151
85732
49429
24341
99405
46409
68580
39803
69326
60550
31400
34271
84934
43467
68578
38635
17423
37506
43492
47047
71764
95779
99503
74351
74741
28047
71805
89916
69565
35969
60156
47600
94523
98379
98136
8442
92044
2315
12457
73441
79122
26391
92338
68447
80601
9979
38670
35501
46254
65993
5453
49131
55145
62981
86005
75541
68826
15103
31016
80013
81450
4153
5080
84075
6088
32650
28033
43733
7767
48188
12970
80634
72238
59782
31743
86717
26197
21889
74406
70483
22345
41987
67417
44416
79380
89536
43130
26712
28371
25962
43090
91698
11976
73337
41917
80738
45459
71018
59449
20274
7010
97683
26978
14961
46800
81386
8152
23752
88726
72373
42155
83904
47747
57853
1502
59843
44213
88491
20754
5466
71750
68969
441
25610
76942
65395
25223
39507
84833
34671
62619
9169
62808
37181
91351
79041
93753
27010
51051
82753
80425
60527
38551
10220
71762
60442
13789
94157
67908
541
4773
33378
78036
4642
49788
17137
20685
54784
31140
45347
52598
86963
54946
50481
3765
88311
69412
78333
4595
88239
87880
42672
68891
8384
20870
61909
42070
46535
97565
16648
96441
94456
80567
42346
88771
18058
4763
54156
70808
26374
75429
90607
32163
57121
1772
32181
59583
76905
95758
54506
5515
99788
18553
24608
79421
23632
83132
54092
1661
25802
52752
82410
15655
33681
68064
81375
23301
5391
6086
85395
89717
23237
32407
46332
52874
27585
7848
98721
7308
25988
73176
27829
42120
95766
86173
61449
33675
60147
56128
15145
42497
31232
92023
73028
45534
97597
35469
7609
96109
49199
66587
95410
67279
33148
96854
68589
48087
66180
46597
27091
12834
4242
19
49631
2236
571
3654
26535
59357
74510
50614
42349
33928
98597
55266
83221
51549
55554
71167
68515
89768
79000
8236
25757
99005
4446
29362
76535
67806
78910
93140
18258
60356
70862
36270
76869
78316
98606
8670
26161
80146
76186
18446
14350
86487
95754
63191
40174
80893
19879
5855
6606
25505
54260
15263
53253
4851
51524
72415
38293
51044
31532
74957
67277
90834
44880
55623
35824
8126
90411
84571
33890
60285
75699
40104
52817
67544
74675
67071
26872
7807
79559
8196
56738
46548
4220
8317
79743
2630
17178
4626
50013
51324
68872
10488
34866
83020
78632
73044
19409
94742
74680
11663
19639
82208
16316
28757
80259
22706
5791
39163
57565
67128
40953
86492
58059
613
6943
2533
79854
70661
6370
60065
79510
89056
12141
72160
38025
78662
33570
94894
37860
199
41588
71815
54725
115
34939
8283
21744
91013
96322
24164
15681
21609
73519
91112
9903
15350
80141
48076
87858
77592
52194
60387
93476
3610
79791
57584
48649
14211
51423
73824
22096
74463
88339
53005
34117
97833
7982
49459
36226
12505
78911
9741
14306
83949
92513
20147
27530
23562
7885
34749
20158
82981
22563
16775
33745
42592
69691
51814
16019
26533
23021
2572
28248
47563
68228
8350
33685
28892
48180
35586
85470
44467
97843
86624
77880
35857
37820
32389
49322
32101
6455
49226
11380
69369
50600
15980
15746
39773
55521
4736
74635
27845
76134
40007
84799
55919
8503
52499
27156
99480
18476
27207
52512
46534
69450
6605
10999
59256
87986
30648
24509
20219
14237
81491
67050
72611
81779
21477
64004
72777
18204
43349
66245
31987
93529
41622
15155
5421
19136
41006
96834
40779
85796
86788
47712
65877
54209
44480
48745
94879
62213
89828
83288
31868
86423
58693
31228
43094
66223
80566
56756
61643
99059
34725
4616
40305
8693
32503
73217
17969
93676
57061
71016
33030
51472
63440
11187
18832
59713
58166
20356
13345
97775
49524
22155
51694
91097
2403
92602
99013
46965
21166
32655
12412
99544
87460
84297
26051
29731
76014
34183
23688
67708
2790
5629
13307
45451
75442
9300
41292
74542
80610
76133
37418
69699
51443
84640
92387
96434
16736
79634
64182
72518
63099
78370
23248
99831
46247
14075
99725
18192
45525
18013
33908
77294
34627
63659
30066
13976
91776
35786
35048
42032
12195
62528
15270
38516
39126
76967
27513
25093
76990
23864
21119
36455
91767
82985
82635
11102
90972
7137
51233
10893
76122
63786
15491
54266
20321
21914
59181
34791
24941
85148
33976
23189
26724
90358
98505
17436
1407
51117
1937
60358
70583
43983
39353
93920
68292
49231
57429
49371
61439
30121
57229
27446
73435
50220
22682
7572
16205
10212
47516
76264
25483
77431
59495
22139
79001
19942
55858
83748
7540
96500
28081
49527
65436
88416
29468
56393
74534
45650
12204
12565
82815
24902
20195
5686
69305
65196
18909
96936
47011
95795
69390
7023
44160
74188
30729
58917
85307
239
22240
81076
92342
34496
41904
63060
39191
93427
67986
54081
18550
62045
15987
41628
27243
59542
93613
74005
56746
67212
3703
42654
46704
5872
90278
54538
95658
61492
55272
29273
85286
53754
20745
71295
23191
61815
46819
50268
41075
27373
55957
39935
73887
77113
34594
66555
30405
85422
95843
75790
42357
81432
42572
89098
23691
15049
25624
4994
63420
59743
61842
43970
9865
66959
97821
35587
91519
12272
24332
43607
57714
46151
76445
24552
44965
8251
57680
3422
24659
47949
5290
78984
79729
55088
86091
75667
89989
3597
38626
75580
30348
46647
70876
59187
32857
22110
35676
88437
74229
23293
82482
31431
54930
20042
43402
62594
89184
60367
63282
42367
40741
41197
82018
45082
67450
967
73010
36898
29244
99474
3399
27096
84354
94453
23715
78359
37582
16484
2269
49244
18800
60533
47298
18213
47594
93715
27061
98975
95526
20698
65458
17936
41203
73059
61185
99555
60975
69136
29666
89988
92269
14184
90685
37384
48496
56102
98998
9001
88413
1711
10834
93139
34674
56464
67377
62191
22476
55663
48270
54526
86778
23156
97923
70584
71298
65657
59546
90706
44846
4945
67515
84090
89289
25660
71418
35373
92588
77289
47178
69968
17734
48786
29716
29346
5098
80800
75034
14388
12912
17252
52404
36427
16209
14477
31578
30519
15840
26388
90392
70995
88972
35044
71926
22874
37161
28194
48146
49560
24801
24455
12114
45220
87867
39939
59626
11894
98826
91544
44415
56235
84738
13635
66592
8938
27381
79084
7934
52718
44305
2051
68879
13269
43424
54556
2951
47490
40698
94455
52627
69139
94364
18187
67051
88614
92422
59897
60790
25005
48310
45523
87481
57003
25557
84016
13830
32564
87306
99545
93066
4811
97187
74650
93179
40914
25654
51264
66796
37556
48760
88397
45011
76587
58510
52271
85477
60947
47449
54841
91513
4264
93811
89349
70460
77204
27664
41473
54025
79151
19682
85736
17276
51735
93064
32765
27911
96207
25535
65329
43941
11186
7242
22048
50427
23401
57484
88467
7895
97762
28671
25106
43023
64397
93127
40575
19024
33734
48135
76044
22051
14854
57111
28964
87696
64426
63195
90563
12496
20513
55910
52526
70323
87272
44602
12194
50750
33813
80384
61799
84229
94084
73557
34757
46767
80296
92760
83508
65731
29067
15617
79830
62136
65380
60318
35359
67874
63306
35453
39979
16749
94043
58653
56498
41534
42383
6064
29561
22779
37239
57670
23433
31761
140
58081
79096
42420
27674
5229
96104
63643
21793
28841
90118
68818
91315
71515
73422
65156
59601
77031
94397
74291
18601
15196
625
10396
98387
94821
63380
11058
86282
21014
53000
55614
69948
48642
10301
37363
47096
21886
24762
65924
55503
37986
13773
90316
87379
25700
31486
66202
59376
97119
13420
55868
67278
6502
82461
65359
57997
57763
94536
37182
3621
69753
61086
32688
69812
61621
26731
61223
41503
29662
15642
77371
28798
4919
75477
33552
92614
8328
60437
33182
33896
69738
52118
39108
77779
42902
97039
81039
93421
72093
31323
34692
23504
19451
3905
8853
99584
45705
93964
81198
44585
20459
45184
56922
51476
35091
36678
36893
41399
62583
53070
20757
51566
42475
64111
62904
97939
53364
62211
49873
96034
92296
68811
93945
73169
26000
66801
85263
69162
61760
74476
68209
54127
85649
55480
16154
89730
41830
22290
1643
23347
82854
85810
60254
51711
31434
92646
6813
72085
85827
41980
43778
50632
51963
42964
90613
89994
79883
53434
69085
73489
59729
29402
44398
70084
68763
49321
75505
64649
13594
78257
27924
51936
56778
8764
44074
26495
56975
54642
48459
19084
47406
22454
77374
87140
75803
87095
58179
88310
70287
71706
70318
15778
80724
50995
35937
42053
71108
80262
27468
17809
69791
39443
97900
47974
82072
32907
58261
58550
11998
55404
45795
59066
80341
99337
77595
1197
18335
54675
98190
9500
42405
3726
24692
93428
23965
65631
7131
46185
33968
81118
8101
62373
68647
15531
28329
8793
811
52035
22346
58481
30072
33054
21215
58579
13579
14937
44775
92009
8583
49121
53233
51295
82607
66406
52270
48062
46133
28945
76265
46991
56426
49044
57140
22492
53452
49491
68888
63991
82122
83469
14076
62765
80702
9365
3247
54439
35487
21335
67268
41902
32314
89782
19243
66774
34212
83356
15830
12380
78806
48965
34500
24424
85375
47003
62418
32244
20341
61481
72070
33975
8572
15369
2409
89263
86232
31877
46355
77110
74062
97911
12170
47658
57187
70237
28707
70116
77997
1071
20851
42856
99363
46450
64297
26968
47650
31965
23167
58865
10150
73810
77427
76491
36764
70579
98672
29108
12679
98162
35135
5591
78424
13181
38404
45966
20866
86186
73083
73313
6073
61647
16343
74654
68951
21577
20193
15401
43512
53678
44079
35398
16666
58397
36229
48108
25370
18457
42659
51635
50049
44104
38252
58570
54384
4788
42441
93786
11421
57469
58164
37474
46850
50973
85275
94519
35460
65856
72241
20206
88728
6125
39258
52168
53924
77780
7875
23698
87467
14763
26748
48255
55097
80965
27423
94805
39090
10593
39999
71249
40742
93330
17716
47012
3604
70411
68722
73914
32689
92850
73764
4103
1558
4373
64695
93668
30001
9908
29693
41863
69209
61298
69110
90497
24747
9191
29396
55162
83967
87214
10203
77280
1239
27892
91389
93094
82612
86678
54192
61804
12433
51886
54338
58205
20718
98852
43559
99626
840
50202
53175
80794
66514
24222
84127
76423
5533
41682
31696
46659
81342
93520
32669
50906
51973
68191
28812
26349
9288
2971
49566
38061
55912
55731
38171
66745
51784
45923
13829
22941
61594
82728
19464
70749
32698
34504
94576
84877
88629
7222
41613
73342
14393
89739
98036
54046
27529
75148
65499
39292
55038
97603
30844
86203
70668
76018
87776
61405
5715
56935
84933
15234
43784
49059
10647
40656
87849
36699
57074
79227
29442
21974
61031
1518
19390
76358
99076
7111
20630
25442
2793
27161
80529
49830
36471
26428
74578
24491
16580
44477
43206
43215
77884
50367
90030
86123
27066
43339
77589
75205
34130
83116
80347
41293
13032
29708
84051
92434
97996
60621
25524
68542
62835
42854
15791
99370
96883
60212
54249
34815
14701
40940
52997
95958
27488
73745
2171
98734
22968
21258
74556
19827
20702
36998
3067
62538
14883
41741
17111
84942
64816
79609
34941
36638
56844
89456
23125
63243
94776
38952
87203
67257
58498
49480
36571
33408
81268
31806
47997
5234
70692
84534
18316
34229
75530
84539
23897
27922
79617
99007
10285
60757
7048
53150
91403
57632
91619
91357
86967
99852
57477
43598
36918
95461
54175
22344
21164
79458
52143
96248
19454
52487
92279
87820
35435
44939
65752
90544
14534
95780
72868
53194
4726
27444
44913
26635
39853
67584
24244
53566
43601
88579
591
43986
78887
16179
36794
85023
23268
84873
25985
18327
10408
35831
91508
26944
91030
89211
15424
35896
93175
54955
96029
98861
68813
31503
62356
40377
22207
2970
93678
32011
97697
38222
84138
60005
87800
30137
93237
79240
76898
75372
40248
27556
26768
79872
69583
95028
78485
50464
76756
88164
26263
75818
31593
76377
29732
86587
68288
54139
78168
24370
40943
13439
75449
24105
28321
40002
92403
16185
14442
26835
10811
78116
56745
87583
62509
57162
91428
93131
96424
82194
96497
2282
57703
80404
10530
81821
15772
83728
62862
80875
25200
31903
79457
89900
52326
64969
94683
87672
38960
89659
47764
54570
7872
4573
42174
86542
64682
76635
69512
13946
58429
87491
10287
48122
61184
88848
17279
1052
62438
55581
52184
30104
49016
57639
5025
65983
37007
61317
51031
53019
52697
49843
64405
18858
47757
20767
31563
66911
42954
12628
34533
43240
95996
34824
18568
72535
99690
34242
79887
89068
8262
58126
96771
74123
52224
85733
85571
46638
59455
29384
44917
5438
57159
57006
68182
97736
54535
13434
23554
61045
43846
99742
23994
63543
37460
66610
75849
60767
50192
45617
63853
43748
47035
95142
73075
48689
98382
42785
75012
81381
28257
6052
97304
28937
29503
45424
20545
34477
44066
18533
1818
63398
39486
25732
73185
88441
72752
72758
9976
12262
14867
94013
97850
12705
34402
51356
9810
77514
386
87997
91670
47822
821
9347
91821
89225
46375
53430
65945
30418
21933
26827
21781
83164
99237
58617
39007
89190
59014
25715
86406
78052
89432
20242
61396
50021
23772
21240
18797
14461
41752
1007
23070
22447
60876
7699
63861
75644
84955
83339
87542
91070
61665
5268
38078
1112
95388
24877
92095
94565
56427
46999
82395
69755
36284
7478
31455
44978
21947
89859
13790
34148
18692
59668
4505
24768
43997
35214
19318
80004
82858
41912
88889
8461
8197
73377
1570
48538
18107
20467
91696
55377
73154
57871
98497
79555
40312
35764
62718
76454
72838
59845
90606
64971
98557
40988
67525
51796
5866
64148
7938
16444
11761
65838
1829
39074
45358
6247
89532
13276
37254
4409
2125
25193
16985
50005
17871
97138
36877
84124
48769
42397
53530
11071
9056
9245
2705
74133
67225
9894
97761
19510
5483
38908
13621
83571
25210
51658
85614
67859
54469
31039
63755
5864
63866
58769
3071
98121
96853
47771
59725
69620
68476
40202
58966
5667
56963
49916
97420
30812
39758
2339
55500
68797
32540
82000
25800
98703
42667
77648
71784
66545
32852
22876
76944
70048
66767
86281
69977
74299
11944
575
71739
72751
42276
18495
27372
54403
23510
13581
24398
51373
3113
27122
27755
45207
79607
22598
95949
95455
3588
5009
89177
1945
97068
57669
13492
52733
73507
86960
84330
66792
38326
26110
25198
93440
97537
19683
76986
57174
66037
10476
94522
84061
11573
91646
21169
75134
33758
53129
14579
32901
53148
34196
25708
71745
87259
98601
60961
20281
56152
7917
84039
14069
48746
44975
86493
85488
51067
47795
72068
18957
65729
75802
71190
60240
22732
35401
70953
91291
46796
81953
88526
13289
26252
8153
19249
18230
92665
69949
95626
34885
5909
20001
55672
65402
89069
29443
54425
90091
1372
83557
56250
64584
22313
7717
99261
18975
1429
17362
96890
83406
64191
20244
30926
7740
48433
96774
33597
18311
43798
43281
71180
76723
45754
60395
31918
28161
41587
35180
58172
60055
7935
65049
37795
489
76837
64633
52082
10513
73910
71314
90146
46598
57933
50644
43606
60954
22595
55324
5072
50468
74038
14392
89813
72231
40238
95847
38899
42166
52930
61814
73150
93435
7175
54540
7678
85244
41768
92639
30437
49133
53445
15261
28229
42932
30822
16153
79934
9133
6669
83159
2311
73198
95209
22190
35988
728
2795
85907
87128
3711
77217
37027
95692
21254
84028
9904
7161
11202
79620
77972
51090
43133
20602
30223
50840
42817
6940
48736
49425
70669
95561
37631
47474
48816
31811
30914
60061
13091
26464
69529
37208
81895
59071
24344
40831
28536
65776
57624
56920
90448
60384
38281
5615
76105
80101
10181
10046
54000
78071
32866
68178
39309
49402
83736
11312
29100
73635
45201
73433
49746
61935
15607
61519
10537
94658
61835
51138
52520
69271
45829
14930
22464
48091
47219
83916
34105
51801
98648
14781
28483
3522
44141
73553
58211
47112
81638
45567
51017
20621
46961
87617
71730
29869
98829
17491
99396
84825
60507
42755
24721
10611
32458
92839
99979
94367
75366
29514
38854
93748
61087
64692
48256
15533
56801
7627
96874
6935
52437
34741
77768
72538
2934
17548
32923
42734
17571
17000
15900
19087
83184
60352
6048
93770
87245
73018
81082
97303
31320
68500
51703
90276
51562
73583
77177
60466
74815
72112
31368
35311
49369
90307
31978
37687
910
47371
46313
23542
74150
92616
74520
25028
51897
10783
36140
92110
45168
11200
33274
25446
32483
28740
76396
45712
66937
16345
24064
34549
55397
28413
22131
20916
86804
39626
84020
15511
98945
4211
57185
84837
81422
8467
25507
80175
3551
35119
21555
96067
46370
88684
62508
96652
73296
53609
74839
75953
35345
24040
40535
51222
56271
10564
52776
78879
83237
20069
95870
32825
32663
50721
41034
48243
14782
59916
81573
52136
22588
24726
60311
15576
82027
87178
45886
90293
10052
38813
40683
49176
69419
3355
20793
62585
6686
73411
78494
9107
87925
8289
99354
71988
59307
29016
63869
17114
30436
80719
99912
59481
70090
64076
88739
86852
69471
97508
67505
24873
35689
7974
97108
10581
36870
29749
82265
86758
14821
88408
72025
2867
93988
95688
77897
75939
863
46244
87418
88893
80579
18333
26063
35495
49155
12463
91027
17441
35182
94264
6318
84268
40633
64873
60508
30491
46112
86191
65679
36345
33380
9581
33467
68470
41421
57535
74953
42221
89903
67671
3432
63022
69816
68148
28234
87525
37840
66949
74075
46172
98838
21701
28938
6738
41638
94022
67814
19053
14002
30272
29218
1746
51287
61332
8573
25409
30025
23559
49026
88092
21202
33447
97896
88917
8747
55171
30959
91182
88519
97121
50250
89058
46024
12532
19731
15119
10760
60307
75494
94897
26210
9439
43831
62036
8664
21867
55222
92656
22402
66626
35547
19504
49085
61018
2341
50574
79899
38315
88133
15944
73412
97460
51477
53241
88925
9859
682
75347
24333
19812
73506
80115
17099
33377
46303
26243
47117
97791
23862
36173
45900
11782
23984
38628
6882
68348
18614
10971
92073
10719
63516
76871
36239
41852
22907
96402
14376
17346
31489
35692
48323
14296
67363
8668
91181
32539
71517
44087
82716
26966
16362
96506
19843
88586
17874
80439
99618
23890
12235
63662
35827
76487
7117
87157
71902
36426
24965
80407
55296
31628
34424
52855
10184
58150
14153
91166
18985
69625
84187
24273
45516
91871
19458
24863
59024
79177
60294
24952
63052
67499
20070
13167
38650
14640
33158
78701
29806
30469
99535
32417
22321
1371
42923
90727
28549
15753
29799
33175
52102
19308
2180
52233
60068
36835
63892
86766
19998
98056
71658
11930
7882
28576
99540
53802
43724
18328
42303
58755
72099
24381
57034
92483
9889
16462
99716
88146
50858
50813
93123
73324
15695
50953
89314
46385
74809
74641
55276
84134
17964
13592
36104
52104
82872
83885
33248
61120
60297
85630
96086
54631
26408
24888
74213
89446
10390
36365
40891
53930
80473
56168
94724
78694
27619
83790
15453
18921
55827
50071
11535
74331
40464
64964
83171
1460
54317
71281
61297
86149
60341
82901
69947
68016
9029
57016
7647
33349
84756
40933
35775
57543
92617
69410
37273
31052
44482
84196
37206
8811
83583
33309
78329
28915
62637
11337
41462
28691
47451
86575
24626
15015
36448
68060
45666
75189
67097
57823
21441
54938
4269
55909
40375
57759
23943
54979
8757
12374
63155
93560
64006
97795
81854
71793
93810
644
31283
58503
30997
54238
39120
67116
85316
86176
7738
53385
14505
79929
90730
48790
94268
13561
49846
40843
7664
18647
87933
44678
11739
4830
98982
34236
86054
61183
66321
17814
4777
87969
51766
97014
47215
14088
81890
74543
2868
9061
90083
15151
43435
392
92726
33445
89360
76031
19204
33872
79532
54599
15919
43245
93933
87231
2829
54512
58708
74419
26676
27855
67831
94736
79977
25504
41878
78975
82594
11611
34669
90122
32546
95558
40105
28654
27278
8838
61921
74493
49934
9308
87634
12070
54245
69348
743
25449
20077
24712
40516
26415
53910
92653
70461
2633
80969
9333
56141
50047
15542
60779
73629
99717
69482
43168
4986
93466
34583
63253
53090
51100
16910
515
8344
47491
63771
22261
27995
94184
2733
19171
46832
90683
60516
52843
2660
34920
60786
14056
30252
14511
47969
63731
86401
97072
70260
15821
97425
8374
37307
95705
59516
48626
68653
36191
48425
44042
94332
87621
91549
14806
40274
24470
56858
83723
82042
29596
15719
89588
64069
77715
27399
78926
68159
64842
71857
64861
83976
31312
94209
21570
43926
36616
91220
82757
96046
27220
93130
14364
82183
8043
86307
68567
63603
36812
79573
35262
36277
71096
73529
56795
74577
70506
86254
27946
81408
85053
87058
32452
10607
69172
35007
47569
30988
2799
53780
57869
25549
97221
30869
15854
78709
11252
6903
62993
95572
97544
70144
79254
76665
72650
85893
84305
64409
18019
27976
55660
49301
77214
85994
50928
21397
99379
98367
75095
23018
22013
69929
4467
79953
94822
13248
54222
56984
2654
81345
28387
89746
64597
81892
14979
58622
35313
61343
54438
4080
24787
33903
94346
5089
69236
44899
56914
93212
96788
80103
49130
7849
60665
70158
835
40291
48333
66267
97512
35561
83659
13186
8639
92386
56842
22371
31063
66594
4809
23009
685
22825
9589
17913
55402
17790
96828
82280
53250
56587
21236
5296
8592
88763
59234
18974
73757
113
11358
74553
78175
50287
11205
3924
53348
49929
52413
79876
93213
33912
48850
97780
61178
95805
47608
10753
25665
39877
20345
40354
9896
24412
94972
43527
31012
38439
21235
38244
32712
32590
34200
91400
14808
69457
390
67414
6618
25528
41566
85473
89416
69641
14765
60196
74994
71754
3044
72593
23170
9487
57545
36460
89411
80823
45024
38105
91533
45354
9399
97814
64219
91409
66782
72290
38781
85026
63447
35805
53917
25607
73351
76731
82688
98153
4876
54330
41228
1774
76817
24548
25269
86644
81264
63157
51135
84137
48292
23322
57716
95313
26163
5680
2511
79033
1819
83027
89734
1546
95078
24951
75498
47627
47388
38914
35128
82685
43229
18419
70104
33790
89922
75780
60370
42857
73400
50843
85691
5484
79050
52592
13176
45059
81614
40628
28942
44405
6478
85335
64540
357
51914
84772
11026
68987
34396
71200
61385
11230
46158
17952
13983
4643
94513
63463
19840
5058
15775
21932
4033
95005
41520
76681
65005
10926
22100
33536
32043
41826
93888
83560
50480
84473
95049
28811
20799
59976
96374
1854
73550
74306
29059
55905
72149
34547
32051
64214
4026
27054
33262
19248
71858
84648
10167
78300
32406
56605
32397
83206
96430
44462
85251
58599
42800
67878
91901
87886
51544
73136
64427
94688
71267
94459
23326
25556
86041
5314
9595
69485
5536
55929
22132
64132
26672
71955
2005
21667
98301
54557
3952
24349
93000
2842
69345
95447
28809
15425
44127
18310
27789
35302
1033
90165
59597
18386
22105
13413
31222
68986
18686
54857
58294
34649
29065
20283
42913
15985
69224
6072
58698
5604
86158
71905
35856
53727
70956
27555
2260
95597
42636
65727
54340
39699
10813
34871
58736
40961
21104
83746
15387
88369
73056
13813
53937
97989
98629
60325
41111
32292
27292
88742
35533
80292
25888
87979
13137
89276
19883
61714
85280
57901
11684
53804
12081
28102
73929
84583
93578
16094
45263
17759
64515
95594
35143
82750
53411
55611
33820
98105
95076
7562
82356
18626
85321
41894
88219
55487
81934
62324
48437
56138
40387
17637
14913
43375
84260
28480
49487
5728
67194
223
54459
53999
36772
13087
60012
35226
24582
47880
81778
94836
56757
94080
44266
65423
12432
50125
71773
49933
96236
53871
7449
5180
61424
24305
91986
64449
22458
32468
91817
30543
25276
99470
31699
89776
51027
83812
10392
86340
68094
31599
68673
51947
84528
23450
25237
48694
76447
98072
40082
36201
58976
14158
45943
34307
84907
71862
58298
85595
48051
72127
5307
2919
17034
92715
10691
89902
34380
53640
14709
16672
173
79530
22597
84213
24203
65273
64664
47368
17177
69411
5270
72229
18390
20963
25225
53287
71277
4429
39539
8623
73716
62239
14774
59644
3945
7527
28512
75670
40494
26984
15911
18071
32369
10950
35292
84
17545
76650
9498
38226
7456
28752
18070
3023
6983
33543
23758
95275
27820
53012
46798
13135
23257
65760
1109
50712
42481
61622
54499
74467
72403
70900
74565
66722
53449
81968
65378
67629
86244
10955
41564
42250
71981
19412
53127
72887
82370
3363
24699
15664
67144
76177
31341
35801
96603
88703
41363
59037
62714
7873
20289
95382
53361
7762
55848
13722
28016
64710
71135
33466
323
35882
5902
98037
17397
87894
79561
97201
7373
49907
59365
24439
33174
49067
40371
92650
21622
93685
58280
28921
62931
72546
38402
65633
40200
29186
32029
91168
2739
45827
85058
17811
74988
82976
39325
81094
6315
70419
91383
23904
49332
53124
69548
55089
52085
90843
52846
16703
17489
38933
35720
7459
67360
64808
45371
72549
96372
77287
23815
59577
88082
47091
36545
1165
21331
1938
19129
91266
80658
82535
28325
19880
61542
4670
66895
21827
44869
64837
97912
58194
18826
4775
18838
3346
97298
30210
91492
57470
15255
33737
98883
67061
66962
77624
66257
46519
90667
85097
9692
88553
53121
11951
57594
21537
1626
35639
69609
76318
28495
5478
61678
87391
38027
36350
22796
19226
60996
67044
6979
94809
93007
71236
31963
85257
63512
80280
18483
24483
43582
63498
81257
43520
44314
72483
89862
58846
89229
29907
40823
46511
49617
81809
25728
4230
63181
51482
33565
13857
89526
10447
79949
7181
44448
9645
111
3839
20844
92057
82712
56245
85920
25222
98171
3248
15010
8342
1058
94051
3095
40947
80809
48038
51063
38344
34927
95860
70485
97902
98844
80918
14671
96759
44038
20471
68562
62579
78974
69134
92926
23174
70511
85676
3278
82991
3781
45146
47459
29042
44422
86811
82446
53649
31956
66909
1692
45410
79840
260
80311
45342
11871
10761
69266
8366
20268
19676
87611
29438
57865
13352
77667
52654
22942
74441
88926
33302
95823
39968
52049
68265
86246
51058
2729
81025
36803
38524
5493
10342
19601
32856
97914
43283
32322
19377
38805
78445
85516
87230
984
43845
37452
46814
79542
12340
95197
24935
70731
24858
79896
67223
82518
39115
85414
9727
50855
96941
39602
79904
59141
53516
14631
1469
3721
71486
94062
8921
98369
29650
23062
91518
99451
14615
34361
97938
81012
94695
67037
52510
13118
68863
49683
4260
9534
41738
52119
98239
54814
26513
5203
98847
41060
74162
99250
32466
88933
43786
88470
71306
5681
42559
75406
3149
38277
86096
27297
79251
25246
8841
63384
68242
12041
80491
9837
67557
97275
47703
2437
60192
63793
30482
99528
9724
29114
71614
57467
76854
42795
29741
23279
48487
1487
58530
78212
10218
11389
22990
79537
26114
97299
45850
84885
17605
78030
61399
63875
19161
38503
95676
98644
70161
55939
40895
54978
18130
5280
1386
3276
59616
32582
12425
20774
36444
4808
83048
17261
9310
70614
7333
1426
84827
87380
16530
68533
96801
80813
79628
4148
61674
15180
30932
51458
13022
61826
80111
41723
67230
81119
14178
88313
17527
69916
27756
48428
42599
46387
2727
35352
39814
22552
54879
16537
33324
62566
13873
94287
35611
99023
237
83598
12434
49703
32747
60965
6078
53537
67369
35890
86716
97430
54589
50609
62623
71636
75567
70304
28486
58241
28525
10726
81438
76100
76578
5104
65556
59712
41249
55014
39387
67291
45870
21678
35858
44101
78312
47033
97828
54103
82342
80437
53137
49287
35003
8844
47261
94272
22250
45786
97170
70306
95606
7558
38024
74623
40809
35605
70536
67799
69313
11135
75896
46988
20569
45688
55091
86868
48597
52015
85763
15118
25769
97703
43550
71992
33617
86691
62425
59384
36538
83938
2543
31265
6228
72423
97076
93657
58927
51774
98567
40181
5618
12314
88718
29308
40033
9702
64256
37658
9097
176
59572
48329
95690
4483
49265
76966
20204
88003
22842
97602
39435
65941
42239
3096
75096
8840
23982
54180
26168
4396
96419
5698
74090
82961
87772
36285
34545
81864
38817
13914
24551
99386
16332
65237
11140
30142
79913
57852
74603
7981
36992
51167
43753
80637
29948
65390
72789
31237
33821
14800
68085
22974
84195
20967
78100
94571
99521
84896
34625
74309
71466
95022
79795
72521
24056
33984
50641
4716
91718
57726
70819
20477
60693
37632
71307
26230
84334
61327
83534
15620
45409
71705
12001
6933
24763
49129
93742
66092
79831
69835
78775
28573
8443
99211
82578
50088
68434
48563
82515
88688
66836
68294
73925
18869
13637
28307
49238
21425
80528
86239
68223
81525
23183
74792
92681
72414
22592
2816
31206
69922
85396
98754
54313
3773
11059
63151
29810
6235
90219
98198
99155
35067
64886
3876
49337
16506
9090
78139
73005
71578
76355
59459
2289
71259
26300
17623
68772
39453
72321
52032
78260
79813
79509
62150
19301
92168
46066
1557
71037
50787
60548
26659
92079
17539
93878
54926
16431
1203
32135
78744
99167
50519
48239
37494
45339
3040
45401
34451
9873
11581
40006
64532
47160
94405
5403
10842
38396
1978
78076
51874
25358
86743
46490
36037
61019
17797
10335
8232
50240
48566
18021
75632
99932
94882
35153
85284
44755
76257
65168
51861
8426
17121
32933
34626
45250
52996
99771
86850
45235
36885
14504
65642
4568
24912
82200
84273
33614
86485
38458
46628
24464
59590
67428
71617
99922
27172
37752
75645
32696
58309
70489
70061
56539
30652
63013
53692
76934
84543
62912
21172
89227
82816
24565
60855
5503
972
35892
25661
91755
81107
13488
91119
84464
43925
72073
72184
61368
74969
58283
15146
4256
30468
95333
91827
79180
41712
38368
58333
37000
42546
49672
11341
46107
46458
3814
4733
51927
64791
13827
81248
87266
29983
95882
37129
14429
26346
83012
95742
75741
30454
38198
70111
13704
19324
1787
40097
94662
37001
51838
65982
94652
72142
62939
83483
26550
69808
19709
2539
28472
11565
67905
10539
5544
44247
87833
97407
61753
56025
32777
76111
55933
34437
51789
66755
19466
59667
92195
74111
49745
64709
24996
9268
76713
71224
88179
21541
26183
48676
67015
89992
50108
44226
81201
62683
87057
1108
21717
85987
88060
33610
69709
54039
32776
14093
58842
67762
77221
90447
40921
56856
26457
61240
76880
52185
97
34497
66834
49208
13867
65583
18760
98138
54090
76325
56401
79135
47043
41082
50286
30611
70400
80023
9505
60884
39341
80750
12126
361
21016
61953
19760
94605
73353
61421
94858
71939
30270
36592
46320
76902
57870
38818
3673
32597
40260
38888
75894
12582
69770
84214
3488
23000
65459
29526
48980
76166
17632
37507
55728
94261
85315
11757
51193
90922
74173
92366
38810
65129
84904
84930
63873
87589
62451
81564
95833
2497
77475
1417
16739
30918
97415
2074
10263
316
49563
50763
70893
59928
653
80418
45611
56055
66009
85819
14161
94931
69739
68554
58011
95503
74502
16548
71647
979
55175
6243
31394
24278
39847
74097
48941
19872
13159
93160
60633
64131
4659
39628
2960
50182
8995
12104
36897
5759
53523
27671
54361
41801
35380
8710
89164
34138
47351
37188
51286
30929
37799
75240
12145
41002
53220
59961
25550
17879
81459
7203
71471
69804
84146
3193
58883
64418
93852
17932
55150
12079
93890
61261
78680
33992
91785
35959
90602
92400
6504
10784
27700
50419
73260
63114
21189
37621
78823
70783
81514
57885
48842
68211
77983
12825
21080
90696
57735
4448
61602
77901
43548
4063
72892
58663
22691
59620
96962
95127
39164
19908
20547
36727
58745
90303
72564
66706
99431
97702
20058
9017
47056
49382
32549
34530
31522
79051
82710
64285
82514
63741
58129
50431
18737
3846
46092
39116
14129
64691
82480
89444
28388
19395
93702
74858
56080
8375
66914
12736
94495
58621
19212
39053
95314
54550
88492
34207
81739
34513
36391
63027
69230
13746
2940
67058
2323
34629
28286
94951
36875
41258
35962
80584
61065
95668
91186
15104
55720
53555
10299
95783
73675
15248
70748
2750
31178
21160
79189
40620
44385
55950
29109
52387
38219
11280
86563
24237
69666
23591
74056
17872
19069
89021
18781
44763
14923
7205
23198
25897
44064
66259
19986
8282
95987
49605
40925
14053
81516
351
9634
51771
83197
46279
91998
82469
10809
66805
58953
11665
63494
4982
99177
39610
64352
36146
63295
59135
93208
64707
66606
11362
68315
48295
63242
71533
9085
332
46057
92818
56299
88804
46575
88328
72117
44702
79576
89826
51968
50490
30762
355
39184
4519
91956
50384
78515
373
89160
47448
74585
48640
73567
35713
15349
69797
38495
64522
79236
73325
38979
18778
90994
4117
80212
73957
53747
66330
71669
5521
3643
89398
46361
70033
9048
64768
24796
46359
26147
46084
56758
2450
76547
87558
44000
92326
76868
44599
77863
19810
35108
79263
30146
56011
38454
83559
80434
87855
29001
33476
9497
16807
73354
57931
12313
52965
3991
85237
79395
2838
2789
73643
78908
28599
57419
11325
32759
82457
7842
95763
62377
63921
89957
41434
66803
28543
12589
47300
78198
11190
87603
16433
88544
59084
43434
92258
22789
248
79337
80171
89271
27596
75090
17194
76655
34914
49267
98458
32327
15153
73469
50348
77028
72519
85357
13663
83300
31726
2929
34471
44776
34181
68107
22668
58217
23551
64453
41953
77273
2948
56551
19371
60006
96987
8822
76642
7657
93430
19210
65512
27978
10515
94011
94307
65360
60382
72440
3695
4382
72645
5773
33624
76623
59424
13057
56241
29604
70555
78954
43463
44748
58509
38111
7307
89367
35575
71785
72308
75326
9587
49645
10496
22327
36802
15547
91242
57712
40616
7437
26507
40697
22575
39811
18748
96896
27009
25695
85811
66023
10303
65155
24627
67401
6229
88030
77836
62225
87810
78619
92674
9475
91543
19813
369
9878
20922
25407
7345
36356
99506
47698
73474
41617
90666
61046
67854
33340
27043
94766
75970
93369
42814
50052
93699
40600
50483
87254
36606
56734
91949
35405
61002
3494
26899
3911
41657
16966
17068
37557
65766
41695
48464
61515
49483
42063
33594
64811
38228
84391
19608
22525
50943
28824
33551
84444
96035
516
75565
77464
51704
55779
49958
21994
50987
7391
25257
78047
26266
41641
36084
43963
70980
14379
23411
69198
67415
50778
48825
72916
52005
8049
87001
85428
46323
24961
20725
11340
99264
74720
79328
16269
3904
59596
14340
8425
5400
61934
97371
58497
26405
80611
77452
52246
67477
11655
57877
1186
36837
1290
97919
32851
92636
74469
41982
78845
3357
23687
94029
34484
59865
21443
1596
22249
40154
55730
69577
1336
26485
69960
80974
78555
78172
26836
29909
71477
83452
39055
85379
13667
14068
31669
55358
74499
72439
66392
8532
53314
29334
4901
53301
11336
91206
47463
92615
23849
16346
46563
57646
23369
62031
20644
43142
67007
33810
97352
33307
71113
59798
58049
95643
17407
62218
70016
13620
7921
26186
91349
50497
75439
67474
31427
88761
27042
85860
73931
29916
96561
40461
6957
7383
95394
7330
7031
80619
18532
65073
54714
3793
62466
75388
61751
2893
98144
45301
2989
90914
39994
38924
83808
10276
13169
33209
68546
59383
15679
63241
22
50873
5920
46317
24215
21185
43147
45313
57388
46947
10482
47938
70957
22033
58036
44082
58010
96064
87290
99841
83758
5026
79643
55624
42967
24382
43173
93792
66808
13050
31319
61022
59486
56632
76427
27098
19168
56586
11513
20101
31939
91566
90251
18746
65508
95972
51533
89591
57290
98200
58135
51052
12356
39899
66136
15403
72468
25519
62930
83381
44794
51088
9630
2998
95872
73772
39332
29076
20390
79108
27734
93501
19962
92814
56627
2834
51664
3421
9091
73404
57011
53254
28845
90503
40890
75325
45551
49011
2144
42138
99119
42717
94868
34462
54301
44147
54728
30076
76957
87699
63790
86278
21482
28640
73864
67901
52774
66053
39751
85838
25197
82861
97908
9851
66967
94621
30428
43164
6298
57201
11345
84131
26570
53822
53531
7825
13960
34169
61048
96059
1477
24889
5947
50261
3387
30900
24176
16772
77756
78101
38209
89066
77537
22656
75949
35240
64844
129
96646
79105
70022
26247
28769
87802
18641
61766
72304
78802
83616
89047
69563
5462
89344
58942
21559
30429
14419
83095
29329
86043
89330
38811
76419
98227
92826
80281
44499
76124
68511
87804
468
31249
41686
91154
38970
14381
94136
88192
1281
32044
51498
23461
23316
66708
91498
58971
19022
92041
88690
63475
9789
26917
36092
73893
72473
27267
68959
42852
95998
35884
90495
80543
43808
68907
39286
65905
26885
52787
69904
82424
89549
31769
66720
33855
50921
95591
38959
71494
46806
34964
88475
60483
95844
3761
16386
5360
7249
94240
75677
62369
64184
2384
77068
61478
33056
42723
88000
52307
54344
34696
18916
14754
69490
80557
71937
43334
31723
26037
93918
75815
87445
40045
22865
74325
82662
52462
96215
25534
57892
66517
17776
57364
92751
19522
3822
62861
70456
8942
78536
92989
44996
8651
46589
5973
7360
99972
77397
30172
20999
76420
75345
87129
22560
20810
43572
96111
83572
53618
26685
84549
68177
17576
27594
65444
24005
39456
69962
72031
9165
23230
16933
91234
19934
23085
34157
55759
7257
71637
56260
27145
20018
36986
46481
76486
46997
61296
82560
84605
1224
86348
79293
91917
99864
49639
80765
22615
63904
7172
37821
38858
65305
39900
80792
33066
89081
38873
13377
32632
3891
1946
8772
67670
1623
80005
29202
87237
46452
91434
61743
42531
98461
56578
94256
98947
47088
84419
7852
5529
34951
81010
91377
13993
79229
50102
42274
59784
65010
88085
98933
18583
22885
85445
25472
1633
1428
35087
70545
5137
23725
37731
33638
61781
68427
40315
49866
76614
9799
89442
11773
80241
6643
70758
97191
38238
71365
67866
94977
73450
30286
99722
66186
7041
42774
76239
65973
66100
96462
46166
9378
52313
67173
73256
62445
79487
68964
60089
35159
94869
31077
5580
37246
74256
6442
81833
79221
80400
43928
82090
25238
60394
52323
67059
19401
59936
63353
75337
41597
43305
81766
77458
82094
14415
65051
80454
47205
50138
49380
24715
81314
1669
54144
73124
52845
69341
82787
46316
16895
57648
67222
68258
49188
22149
59341
40280
63131
7532
33712
94180
90498
44690
78824
53800
74621
34272
93170
13538
37766
47635
84687
79787
38178
11225
67875
31976
46711
43487
68639
64283
63566
64491
20825
62388
58827
94517
26205
9481
60354
2488
26021
29828
5024
48712
85726
42613
70303
46845
97680
69813
66598
32040
84323
97981
18547
50667
36500
67619
90645
26710
6338
31004
64493
6722
84508
85761
32755
12800
35685
47098
55882
4500
11925
5350
95662
37078
49482
15912
39679
72946
48052
93713
86530
62400
27034
50356
89389
17386
77729
56065
61901
30176
73490
43344
52402
43858
99947
12620
49607
14766
63316
42224
2072
29279
86535
11237
59824
73311
95977
36491
34387
32402
64552
87046
30619
8896
14637
69747
6788
96393
49714
26431
23974
19455
78620
22797
49173
32983
33639
97372
54342
98820
10233
93279
79691
15708
19080
70155
65564
35146
50124
17212
85021
95077
74681
20462
94424
96687
57051
33612
3874
8471
98880
13291
89204
24276
53830
95711
57001
87474
94671
78125
1770
53731
36524
51145
5788
80772
12964
78459
20104
81181
12083
4074
70009
66056
40599
24277
65142
92955
48162
43509
34676
80526
49641
84372
89463
28528
54152
7274
55226
54320
37116
64388
45270
45240
14719
84901
68131
38820
26588
74746
81291
64331
40383
98918
49752
5204
67332
13303
71165
27405
72812
19180
42632
95133
43212
51757
58968
39352
69296
24101
55666
44185
68038
73179
86685
71045
18581
83465
46949
74719
53400
74324
10045
25911
68275
50374
24865
98013
71792
92037
21704
75620
99803
39122
30930
11961
25755
76514
36228
68325
95122
93009
78757
31259
25454
67594
52910
34732
19598
84688
9132
82697
56530
69379
16427
78099
71831
28448
13292
94020
6430
380
4010
71102
73993
32094
52175
79175
37650
63880
2213
34795
23751
82949
29866
54240
84470
33971
34221
31456
71166
7100
85443
86938
22719
54045
1949
48695
41
97657
17417
22952
51274
33315
12090
2589
6333
44995
10631
84246
81064
11751
1253
79116
73281
53204
58447
60001
582
92120
8083
77882
21367
3060
32032
78360
45904
80617
83229
83075
88451
59166
73269
93979
32112
95816
31420
68876
66125
24321
70458
11584
69108
69388
81634
41119
71128
56876
36402
80645
9312
12892
81190
7069
80653
86124
89918
67887
88632
90192
12255
78326
85016
14567
18843
77682
55381
62832
79369
15273
37652
98094
92984
12974
59257
855
66383
62496
33582
99240
27355
10128
3393
98062
6004
5684
32504
28737
70309
53013
60390
41659
42312
15075
50979
38394
75177
19836
31855
51390
82982
28679
93525
23607
54236
37180
73107
77747
46626
13399
89533
11127
37081
52690
29290
64577
11260
52274
37539
2927
713
95990
7052
55287
37056
76857
39079
87033
12697
4954
62245
14886
82496
45857
93375
94427
79006
11851
6958
41571
44301
37237
31600
84217
63690
78184
87346
74023
98163
65552
93789
58999
7356
99686
6540
92823
32842
54921
23393
22821
44216
92324
36534
55732
17801
20199
79779
5897
69589
5703
56759
16615
46789
57630
54874
71099
21849
9560
78535
2844
14633
81179
84262
56661
71953
8361
33742
90087
42675
13582
68080
80626
96499
32124
3785
7143
92469
81763
3607
22183
168
64173
21453
47020
93408
35255
58738
83035
41562
12225
86113
45777
51450
1654
5931
92643
26140
84667
88577
38322
23275
70570
37577
35979
84632
68125
44662
8612
5386
92218
87712
22205
93954
37934
58167
74082
9699
8312
23567
91752
27918
8987
89898
31421
57949
83985
91174
2302
18162
37968
608
16819
93285
87328
12893
92621
24905
96964
66915
99628
93205
48605
74250
82400
49198
21736
80827
38056
91213
78955
91967
46055
23739
66721
90467
22529
37956
7674
80861
89174
58589
73355
59289
41353
90126
3141
676
76781
9793
96366
65228
59083
24106
45399
96944
10473
34314
93008
29960
37790
6881
47959
98115
56296
33673
75907
63334
30591
34376
92197
3686
59375
92365
34264
53048
53717
46210
26196
81048
83088
9602
86945
32673
28776
35064
36354
83214
788
56554
47424
62260
56911
36748
12172
78970
2185
77845
29608
67120
47254
97817
1297
37245
60932
59319
39504
21711
95566
21634
95172
15056
52682
8340
79600
86614
7662
10649
74344
73871
4461
85305
3115
30709
49573
36822
28433
84982
15202
97755
20655
24388
72121
19469
17908
56662
82994
27456
40158
82316
37401
88335
60066
99613
16619
9140
19186
62477
27678
77049
26307
24760
32999
1146
75481
16146
70119
56702
59406
16141
76585
17859
71433
18837
26798
90928
81722
38183
43455
26543
86081
16312
19321
28262
84321
31009
63197
11077
64593
33329
2080
60249
79343
71110
46604
56480
99143
45820
67821
23709
40051
17145
57076
45099
30432
74862
72482
83480
93566
42205
85485
3672
4011
20194
52087
97999
17849
60171
16706
65711
61993
3581
99097
39719
97322
38589
29623
62848
61807
64128
28663
83192
54288
96669
62953
19762
99682
72471
75410
6516
19732
3031
45776
39686
75089
3674
62279
60654
67008
67180
106
82507
96886
12233
3019
68069
2146
18844
43232
82069
55550
74055
97964
32720
29167
96519
80056
56197
77923
47359
86774
62226
60496
85735
37302
26480
47241
50390
1097
50630
30355
9124
88083
53349
16197
94604
60793
22601
41559
67347
63271
67392
97729
80203
30808
79374
96231
67985
65503
99147
11720
40203
77847
27428
97496
64912
37690
36319
90662
9858
83956
169
76567
26348
13157
24899
73238
64790
8493
24531
90825
31174
48828
32230
52272
17399
29892
97471
40650
92581
77411
97029
23486
88587
37789
1410
15697
25851
56864
91011
67810
45156
21053
29260
54031
87496
96368
50680
35305
61899
4352
42982
74645
7878
11462
44843
44631
18401
54020
58638
78727
18935
13344
80346
36505
25318
56748
72401
99392
24021
20780
45227
14523
82363
28395
72574
16455
53460
92870
74053
76164
47365
42203
89059
59305
7598
99206
3139
67847
62605
26625
76485
59854
42731
52289
94544
40816
68286
49021
58162
78297
602
54109
55822
64531
42973
32117
52427
17127
77243
88502
10843
16055
38665
32737
90115
9855
38232
63886
97091
44886
8348
59479
45018
76378
29720
15497
64619
23373
73918
95188
72195
75101
52421
14776
35551
97522
65331
80680
49558
8659
54586
3619
52021
94351
99638
61163
34429
20363
62313
57437
15878
65976
45023
84385
53620
10589
75331
48752
45208
85061
63665
36950
98769
85679
55330
10655
87308
29767
77008
27088
95669
75003
30283
49377
49363
19379
2551
86799
77482
45483
11207
64185
31721
81512
4491
78897
79950
4842
76628
44590
9930
88155
69868
26372
34613
28281
57770
38037
78364
10288
14246
28370
98682
78502
32500
12553
78002
31155
14179
190
7800
99828
26850
40117
51344
87099
78656
25151
94366
57583
75662
3560
30498
95169
44367
50694
94991
56229
6591
86579
86875
79810
99055
61667
49533
78962
90777
58726
61649
8846
87200
19898
23341
81676
91593
9253
21283
88181
2446
93806
36435
45581
65484
70722
21288
56432
1665
2512
61748
27104
25334
79837
57471
68911
35595
25277
4479
78200
30994
96283
34518
24826
39759
94710
31010
43680
13461
96238
56350
46730
73295
36799
57407
41334
76911
90473
25799
71064
38151
62222
85314
19304
55962
28526
35310
92794
32996
56897
31591
45912
27882
16176
72673
34752
52736
11713
90184
70013
82724
21026
83548
43565
75276
86088
27528
30096
28631
86012
49875
24520
2995
95298
19963
6500
61457
60873
28695
73907
36520
28583
56169
11545
13266
51812
86578
12220
78951
11274
31928
8086
12016
58957
65157
63083
4487
24121
96449
73857
50444
82744
29292
1207
185
41212
82980
92659
75135
54783
25777
1660
6798
57774
35789
86495
61575
37520
90263
308
85566
837
78082
78545
24224
43792
40076
31888
3515
79313
70324
4843
79583
6665
75905
2239
38142
62029
87261
41930
33482
24397
6383
85617
32189
57778
46378
60605
6217
86687
97237
91042
3175
64026
45693
21479
93733
9970
64032
54867
83137
32297
54836
8975
46213
21095
36792
43615
16494
69895
94071
5148
61682
63005
79885
53461
51505
12456
72366
25425
97698
46599
72707
19043
55509
18332
81770
62142
8081
51283
83066
53111
39929
64648
16602
35355
98516
85110
97798
37312
88022
6914
56624
45266
65605
61545
36971
49537
38600
30856
79692
32060
81535
60472
17615
89015
66751
16529
11222
4281
76331
50131
31278
90783
41124
38663
49711
75479
1856
16466
44085
14196
42401
10940
69749
30765
62895
45799
25285
61952
34245
49008
26975
63076
22739
67923
51425
15193
41829
13694
51674
58027
37823
72242
39739
74403
27898
72208
66985
83915
15315
96710
44497
74985
17187
66428
9071
64105
71324
6131
53076
71962
63143
16459
80303
14064
14878
97763
47167
47164
53209
59371
21115
58764
21713
19123
2991
69433
15033
7415
31454
72630
47307
58710
11293
51556
83807
94056
33067
49760
95112
86701
34478
29338
77552
70005
37403
16237
16655
15598
46721
93813
56123
91623
55683
1476
90726
74024
87470
64799
7464
58087
41672
34512
29520
56045
20381
62146
9067
88316
84516
5183
7325
6586
92762
90793
23793
74701
68864
75149
83530
97671
7589
54112
37240
21047
99324
36066
44108
11085
48379
90108
84215
12498
47564
84978
75908
36617
4722
27323
87700
73071
3539
4227
2081
31900
70173
84889
80367
75861
56428
57776
9926
36510
89095
75882
1048
13815
81324
57490
6527
82046
1427
82695
10792
88803
55051
7021
244
29267
54900
71149
72658
95349
78949
49593
52551
95068
48264
41630
16383
40959
21179
47042
26272
79261
88012
60761
82812
75082
84814
14020
34286
33514
1861
99310
15440
36549
70075
18374
70475
28095
87156
83531
56470
80385
82106
16923
85040
17150
11745
4711
84551
9661
14812
40214
54417
48986
84003
28890
36091
61410
79644
36574
81685
56555
93743
60999
85839
91040
51744
30112
75623
46780
24212
36374
79107
1354
13228
27988
3929
43098
32569
78126
39465
64404
92371
14253
41461
19717
70389
53713
23001
73660
33845
82855
98155
34806
52044
80134
65520
63189
83653
81223
70117
1789
71666
46215
6260
84054
53248
98834
21011
89571
10077
65261
5807
4567
20838
92467
35803
30038
28035
81132
57100
43396
34661
33312
65527
79060
29779
86488
17804
74842
57533
24896
18630
13311
15228
40052
42147
37605
2650
47027
56786
65242
17028
37884
93371
30110
40923
73997
85634
664
78013
18489
52537
4390
88729
50179
26451
58556
1082
13848
39718
86019
76143
8114
80985
65052
95524
68187
44205
30629
6371
89071
71707
23163
71951
37501
58123
4657
77453
11709
546
80304
25649
61878
44970
56052
2720
30654
54276
1356
90612
63962
72659
67394
57886
64249
53509
99964
36106
87292
72477
52040
31685
12415
54718
20466
44971
7162
79032
13360
39630
38349
11443
27659
48158
74376
19503
79766
10116
53298
52169
86213
36924
57634
94121
6262
43855
86077
55281
82340
21586
20823
28282
32754
85416
46576
18455
76226
82559
53903
86990
85120
68174
13641
69716
60819
53605
19628
81364
32092
77675
35365
57158
22872
19429
47955
56575
80824
64062
50152
72492
40692
94562
70246
79939
30993
92603
31514
91851
92520
25839
14101
31205
46401
36662
64720
20588
18925
4212
90656
96546
933
92954
30596
86170
52373
4536
27005
57399
75272
804
26473
31595
65211
71120
67927
6320
25618
59999
76285
80441
97058
4833
96004
84624
20259
87586
33233
38549
44610
63593
40991
20873
5434
40668
78576
87026
89875
84450
69365
82475
18996
3942
60803
81493
8579
91038
32383
54568
23796
35473
74397
47515
56095
65758
53309
23566
70227
43231
82780
42254
39019
59043
3764
60984
20831
68247
72067
6817
8889
95266
78912
55714
52507
61961
71226
57117
11688
67299
63751
70977
71192
77440
61122
52346
60386
89933
82501
513
92165
57228
96395
1999
48701
2062
58493
50064
2193
64210
5477
84613
45413
41813
86092
7438
20253
11402
5825
48610
32242
75978
26373
47739
74709
42804
66355
90018
79255
87840
20311
42354
92244
99994
42629
38157
88184
63149
16390
7871
75593
48822
24002
93446
28186
57667
82967
76168
16140
69979
68743
21818
65467
20252
70011
42089
78847
64501
69671
73258
73216
43493
1195
81741
69690
39161
11255
53029
40805
15535
969
80623
92398
79868
4062
91662
33635
86532
98704
82597
61768
31376
50726
92543
11969
66313
91065
71547
73540
45067
62624
90337
7319
6369
64642
39319
68390
19325
74132
98913
72554
82238
27558
83010
8199
97927
9304
31853
49284
41087
25482
61011
82556
11516
62810
81134
91162
56674
98735
57099
39263
98259
90224
45916
84948
28708
78293
25137
69511
43194
47734
44760
63935
15665
76732
89947
6460
56303
87447
98860
60938
27627
15178
83468
1724
26849
34887
48022
77060
5977
59631
24356
40503
12663
20146
69519
60417
953
42333
73392
24099
66166
23478
82060
77988
9454
6277
94580
57207
26667
89552
41440
62794
90745
49539
91441
91159
59877
14383
78109
50660
88909
45910
81716
46087
24445
62887
694
75234
78737
89857
27711
64280
27987
67429
43025
672
10234
99984
69711
96838
79675
61364
16528
82502
85236
39342
97159
89915
43285
46876
26421
50387
28743
74059
13450
53782
83609
77877
27896
34103
19801
96706
75712
52502
81296
35878
91297
55639
96528
98799
50334
68338
22987
40035
34933
12028
58905
79415
10786
71519
87599
35687
70504
19636
80275
44925
33998
87250
56862
58559
72679
20011
83558
14096
88148
50277
82704
52548
52238
34025
54231
30603
40518
60269
27107
56525
56027
9614
69465
60234
29051
395
54544
48515
64973
19918
97514
97566
31353
42789
29099
52188
92202
7684
99249
14327
13182
51601
31830
16170
71922
56713
39874
1592
71069
15030
48862
98709
47776
43274
88921
10312
8288
6080
94130
90763
43895
39997
73681
96498
75934
80475
7301
8999
60380
71524
68644
65857
41019
90234
10742
49687
75678
36977
57355
40938
25915
53479
92356
22311
81846
35331
87782
4093
88878
17817
39756
56651
56030
73665
57539
39802
26185
91775
7868
81793
44459
7123
28071
73685
89568
25055
91511
80709
23933
65664
87530
58724
727
21325
6454
22059
68582
22225
29328
7019
79486
46713
12811
11105
35081
93575
31913
55704
94581
74088
61567
29226
89139
62620
13880
84749
91778
99900
96521
78397
66656
59941
72860
19672
36388
50117
91176
47864
14141
69105
13895
35646
88779
14852
15388
31322
70148
33623
82834
38382
74224
76653
66217
79424
35873
99101
4078
45701
107
805
4368
18645
64387
12150
5482
34783
88017
55945
33532
70796
68301
92545
45049
13080
32206
66309
69355
7363
53064
16596
28296
18223
68203
50811
13567
15086
55854
9508
5850
29163
37809
32867
7819
13208
7677
22638
64194
92861
56985
13932
49156
63963
33893
26005
14653
6084
19552
7103
95956
72380
85133
83620
60885
68074
82278
13090
7208
43328
53982
43338
59740
41706
22419
51920
84482
44196
4135
8650
85119
32646
61612
82527
85401
84520
6355
71186
93137
4582
11758
23305
92995
8863
63585
24660
18879
1975
34843
32532
59760
50242
85157
51657
72675
54515
42593
37702
32846
36058
47417
26524
38395
33982
16982
14712
82392
73621
12950
34374
57963
48916
53836
96032
60985
38734
88301
84559
38480
612
75511
23501
80674
47441
9545
92082
17607
68619
37627
77455
90037
97818
69893
90841
53142
71338
37380
50213
97689
27400
98016
4858
58379
44425
28211
30497
22767
2679
47610
64299
47615
13261
80333
17656
19005
12882
11817
4692
42157
84313
993
17663
50913
25591
24901
41922
68730
87338
48892
6642
35054
34132
50398
20763
66845
69141
45780
5662
63915
84001
83267
22924
69756
57064
16859
45032
28470
81619
25403
37516
21814
23429
31687
48621
45148
78783
5263
64408
74900
4102
56417
66195
9564
49389
53904
16264
42677
47092
4810
39892
70254
24510
32894
88673
88460
93141
72327
63393
16292
67669
10560
94654
98705
60807
2348
63382
83631
42766
98942
9218
36686
46561
62500
98304
12750
87039
70573
38049
77116
44182
45808
17550
5076
61464
66941
93384
56783
17265
10021
30246
26575
18517
13714
5261
20665
10199
19634
77269
24055
50793
15061
52711
79650
29819
41142
51822
42438
85207
34225
37125
50728
65281
36937
32730
24262
61389
26344
51661
34022
71177
3085
58228
9484
6771
53042
43909
57397
42286
12388
6
1086
55227
73904
70971
74918
98750
32968
60309
51185
33804
36838
15825
32560
30544
81219
64786
27726
47838
26101
7229
73480
17752
19300
79066
18133
33357
23201
31251
18363
24240
2399
22762
89809
78634
61373
68185
52262
15144
50432
18398
16241
57464
28720
91185
94365
48818
57517
45741
49451
93916
87572
83405
94469
76443
35571
28821
71881
52612
25597
19066
35113
22709
60444
54385
15932
73300
19841
65416
7975
36861
75311
11946
60093
55195
42664
35832
5149
51026
61145
39142
58352
87853
89882
2770
64713
26494
60715
26915
40813
83239
57855
34001
44193
22927
14214
88808
54218
25613
69657
25963
71364
45566
50647
46373
69992
18325
84166
44619
62960
29792
10483
94017
97368
7960
83818
82842
99400
50584
38741
14635
69071
90731
32635
95353
70998
18022
5
90618
70821
49543
85631
91979
31466
61290
63756
6639
82973
82813
89506
1798
63090
89369
86776
87901
4529
81346
15867
29058
64199
63726
6652
4528
16076
58539
29838
99951
54435
66982
31614
27200
39702
74336
4039
86888
61109
21274
46652
34267
19419
73171
38942
65202
66806
31282
53579
9241
21938
2279
13822
2979
57953
36708
20330
79592
54950
12923
4316
36493
29980
70263
33211
35281
36263
55286
65880
9387
62734
39804
61500
1622
66621
64162
44102
14474
3075
9905
38268
51760
36575
57321
33526
72350
88173
68346
23289
38798
22218
12542
88358
79375
7352
90365
7584
64822
75218
11284
60865
27452
78708
4584
9410
50082
46314
81690
21753
1117
70572
27537
36895
72398
30990
54073
63387
19286
27804
77240
24314
88731
54722
82764
63103
36654
24618
46411
994
8635
38126
95075
66237
14465
48090
94197
74757
2563
87283
56285
56588
43146
80337
38526
94693
78147
8324
60524
96347
52634
91951
65151
56059
50540
96166
3459
96740
75390
41908
33216
36420
3256
21657
47080
62961
73358
93978
1744
90533
28677
91602
675
55130
38139
2353
44809
89500
83046
87299
88177
49800
67760
42863
10418
85081
1763
38068
83167
99968
88227
15650
51269
28140
21943
27476
85722
97626
81230
81397
11866
45615
36997
28941
58418
9868
60187
85351
11938
6294
47093
75349
32728
48779
88402
36834
45627
30623
79153
23910
32105
54292
59637
84056
1952
22432
14956
66784
98248
23339
44052
63136
99866
91622
47773
90266
56376
7396
38860
93204
98887
6584
31288
90600
90339
84403
10414
23777
3027
77379
82746
8367
28664
55112
45872
44785
74871
17692
35747
86175
88710
6097
84606
21134
21344
14315
87465
76643
93031
19169
72381
67925
83005
32326
95299
35791
28524
35483
42108
98107
25298
51609
83473
80838
75982
93290
52987
24895
37521
56079
93088
13014
32174
82098
62217
35654
24051
99486
2491
77429
372
60770
32236
73456
96572
30080
46591
31606
43309
53219
96013
28653
95065
3536
96711
65791
12981
71873
26950
39447
70805
65426
26327
68091
82822
81139
66171
331
69985
7210
59372
26739
17353
99764
23269
83425
46127
30101
93463
78455
12674
37264
25855
60627
25990
6953
86062
28966
35855
9047
56172
21856
42097
14375
57642
65929
93185
3833
15551
92724
63653
90741
62782
35769
82511
21487
25071
63979
75517
68455
19553
21696
70826
46858
62439
59025
9234
2843
19128
51103
61707
81644
51885
13051
95452
5660
29254
55751
76263
15275
51170
94274
12271
61619
93155
31087
69076
28675
29549
80148
5113
40833
55071
53961
14424
24999
57691
20478
35468
86107
80816
44386
32508
53327
24411
60159
62997
9113
28882
39557
24183
90529
71065
47354
52914
2958
34364
72677
50775
56888
84366
96504
14278
70444
10320
10178
63952
75048
53893
44966
50643
28819
57462
27629
88405
79339
39336
2078
52731
30645
8654
97139
15626
86422
45194
75036
86477
64213
40750
97292
30862
52696
27641
47345
25020
10304
75441
17338
30103
12393
2904
22475
27686
37046
53545
8130
48240
42407
10721
85669
41036
67232
27679
88857
77369
6509
16277
18744
29967
38086
92204
15692
28452
79102
31196
93590
21887
36089
31248
60345
53539
97906
59825
99886
39351
63613
6727
42150
94992
84925
99306
93853
27368
67606
4338
62766
45198
26934
64372
62614
57023
41216
96509
63760
42010
56964
61381
31224
6624
61175
28649
96604
30643
8739
69913
88158
59651
82516
93350
78736
80927
90771
37736
7910
43348
31848
50081
82788
65827
68523
22931
82228
19578
37297
53699
94182
42343
69159
26766
42000
38291
62057
38867
97179
19188
88396
65825
91569
98463
11987
26678
26699
2163
64202
14311
680
97519
51102
43538
29821
89692
81213
10576
14538
32125
73994
93505
26701
11238
49839
65855
10695
44553
55959
72976
73813
40540
36674
62837
70107
48166
98564
10938
32263
28948
20080
74453
26448
99701
5225
14495
24221
37028
24348
7395
96888
44154
84006
77434
90668
2092
69942
84455
80068
32472
51855
6116
89388
88052
42985
27395
14432
50948
79967
99378
85036
53195
22868
50079
90620
4583
29868
17667
81845
33507
18965
3812
74605
44596
64204
59463
60943
29367
87473
8034
28338
74684
65986
1198
6029
40107
85695
94645
77313
41057
21351
44287
13989
11616
32254
25167
12482
82859
66281
36754
7113
74791
70725
29606
72804
71379
85003
4769
35563
96691
54444
10514
77690
42020
47175
99365
66868
48636
7533
93612
87006
23067
57394
20993
20970
38247
3638
43294
49383
84633
78021
57384
18948
48764
55850
87739
66537
29084
11090
7666
79407
52218
72316
72159
43055
98577
68927
22750
45164
94408
63368
35609
18053
80932
76767
24986
39905
68277
90479
42283
27699
66398
13930
43947
94643
5719
28264
20331
2140
89662
25804
47289
62909
79685
73698
99734
80299
25250
70567
43613
77459
71712
16801
78376
56286
73478
1691
28466
69877
91816
75521
33420
71118
84762
51490
64879
81176
53874
16036
35193
71530
64313
25429
79429
24584
34067
97388
45149
98745
43553
78496
45063
55023
38773
75335
87803
50435
58120
96764
53293
59804
90709
98908
92219
3928
22772
17510
97656
56179
98554
37095
38769
73485
74544
5139
60355
26389
2305
33768
18300
80986
80723
23344
66185
91526
84173
41861
43213
58534
52912
62696
4115
62504
60035
84625
35815
19576
56593
34925
33746
14713
12797
39693
8420
16454
34971
42882
23661
55254
18545
82330
406
24907
99622
89609
82422
99510
1156
37328
59809
3626
41777
27418
32740
47820
90585
54141
37549
2307
49789
41732
24528
42579
90101
76412
72148
58545
33528
96631
22400
70032
42038
92179
94684
92349
36174
85418
32149
21045
95934
68634
79187
51837
38471
58959
1793
53878
7156
79029
5123
15235
47718
4076
9936
86030
1579
43568
39494
9728
76405
71720
6781
67170
19996
65455
73447
66635
99313
89025
86341
78746
91504
48157
53700
2126
41906
89626
90338
6644
33863
60031
10967
201
50883
60743
60265
10775
18199
92647
46572
62921
16474
54825
20931
68497
70043
73866
37925
64517
10808
43780
36129
27203
75280
88134
81954
67897
13113
70442
786
14805
92039
2070
4304
58668
29004
56919
31460
49729
77513
21926
81885
67491
85211
32875
90172
40017
60682
50527
84253
83190
40376
88032
82428
13688
9786
30872
89596
94606
93187
44353
16426
74378
29007
7556
91797
89545
40345
84541
31844
97194
81935
40346
83364
84436
22661
64576
97787
57356
53267
28808
70167
51181
42182
29565
81468
39234
27956
43430
6648
33097
53818
86357
47475
96227
77623
67698
64569
76616
78356
92321
93997
96482
12137
87405
73780
72395
3124
40739
37826
26811
119
4223
73571
4287
54206
11092
52667
51357
29132
25606
69728
68433
21759
92552
49744
11459
94790
82791
19670
56885
47435
13871
69759
13840
41701
28800
92305
19336
53347
74616
31985
55615
94723
61908
93359
34659
76307
97035
37150
58923
83340
55422
49666
4116
82747
57641
37324
96128
51519
40486
30115
36590
437
46618
93750
49158
75809
88769
91894
57440
63549
62410
91249
63073
88482
2819
83207
6984
4275
18741
33102
32186
39996
1367
89322
92883
25433
44946
79541
11880
23948
4690
79784
88449
15707
92287
10692
5015
99620
64553
24418
82005
75322
93780
24472
89700
28105
18671
93144
13657
35457
21147
19695
5647
88840
25356
33339
10517
67771
96731
4844
19347
36987
23055
85559
35642
42210
53304
74515
31608
87622
6733
21722
14547
3973
76768
94330
47294
58385
45470
86288
99693
83876
89269
89185
82922
28511
71780
71758
96955
34874
13858
40084
68809
61869
29023
73706
71090
75256
89406
77766
65826
95245
28157
32987
2443
1364
91563
49393
32283
63331
44167
98175
78679
9550
5368
17461
52768
82267
21116
88149
40847
96082
79568
47715
15117
73626
5540
16962
54098
66678
17685
18817
61569
61041
74485
29539
31944
68873
97495
11124
57599
42095
63752
43507
56409
77911
20609
75700
61397
70067
61825
55642
9836
17950
82894
3600
84967
90562
31281
86362
23367
28787
13888
22220
25942
72551
19054
36148
29598
90954
88399
68351
35424
92831
50654
19135
3618
6346
6403
13268
131
12754
62128
72472
2524
12806
45920
60052
68418
72656
88746
562
47763
37483
54598
59696
90542
21578
52351
8707
47240
37552
52531
58568
28446
88562
8299
3158
51611
491
88669
60747
36657
74877
24532
20285
84259
93630
81994
84704
32510
98669
25803
55111
51687
81802
97860
74081
7999
33973
75397
98733
7808
83148
20880
30168
24166
64872
67513
63444
77998
52478
71775
78981
49827
19383
66196
21594
23825
94549
26282
61382
10747
31457
80061
52550
89076
50196
5805
65414
51852
61099
9969
49542
89375
69491
91626
50731
12215
95363
5699
44407
71151
88464
62207
57843
80910
8156
81900
48606
95356
90072
25126
86955
7124
98092
86695
38479
80785
4124
2809
92810
56843
33371
31195
85574
86626
14469
77249
72171
41074
8683
58137
3790
98023
94485
96489
23410
50619
67910
74316
45539
50819
79048
17731
2798
39981
68655
31072
20935
40008
3423
62859
46021
72824
2406
48536
61370
15165
49694
58262
18211
62980
78085
27049
14890
54660
58529
86001
72239
68152
53169
91132
70505
79822
18245
34848
77210
5976
36394
22839
44681
57209
6219
28794
36304
87449
62412
27455
49804
37803
83816
50818
29232
21207
35376
48761
85610
93321
89878
74547
67962
83987
91390
25813
55430
30421
52897
10873
44245
5654
39372
1880
1330
57196
65848
70036
50146
93846
19560
2252
27022
191
76694
54750
61027
48970
13124
79353
47561
37958
48638
51869
31060
1646
90205
87902
23503
82157
56008
91857
95978
50169
73488
70768
71983
75077
86255
38731
33625
14612
87034
36315
76866
37525
91925
34807
90693
22655
50294
5642
32789
27153
47437
20886
16766
46273
71483
82828
37261
27077
80773
8501
71899
72425
95041
8570
85054
51348
7482
58295
31524
72759
20871
80140
73495
84823
88781
85950
13933
70966
79192
73153
53315
3678
21308
75140
72147
50035
10385
36612
76575
97781
54008
7950
73231
9816
88954
49073
53290
19855
95213
97788
1419
40519
77820
80949
98394
54590
72501
86971
75282
31831
59435
828
46216
17774
21694
48267
5845
9172
44507
67818
76760
68424
59092
24168
90009
28947
29559
90294
23835
652
63787
94746
50185
50769
47335
31560
56650
8183
40361
69216
84342
50275
30534
75056
38724
17991
64809
10511
18920
88197
80633
62361
69035
35279
13073
20111
59685
4510
6143
25894
95828
71318
9398
46854
63129
80815
17709
20819
68066
62269
60801
57340
82968
93014
38076
34873
96053
27573
12787
48422
80572
37604
28704
74354
28275
63852
26873
10064
26909
85045
2690
20093
42769
20739
17072
29742
68421
11781
99466
64291
25345
66824
74106
53166
29905
10033
30349
4724
96583
18264
16932
74798
92661
1498
86300
97724
91022
55485
13557
19877
62858
24845
28962
62523
86435
64623
6087
44815
89855
48845
12460
29725
76998
70704
79688
48710
44378
65136
54335
86261
46919
53094
19356
48216
81628
71243
1716
54914
13885
70476
49528
90235
33143
91244
20064
3748
16492
74754
92462
25332
53255
31480
47511
40672
52470
38112
37172
28535
60674
83715
36419
83361
3147
54350
26038
60032
60260
41331
38939
25981
49825
73568
21869
38647
18910
22114
69845
55917
76190
40239
44418
10817
87728
313
73165
39873
72078
82182
87054
62497
46935
15437
17981
11948
37929
70952
32801
79972
38775
55807
15897
71598
11600
59537
9628
25619
75534
65640
86748
10361
31115
56552
33533
36237
18956
13362
46007
11902
42310
86992
58115
14084
35957
14165
45176
44612
81337
73796
14225
74177
31271
53624
54711
50785
10957
18435
27693
23391
22880
33442
53799
29261
77081
79473
51958
33889
52957
24533
73580
16520
54843
19218
87499
41713
52871
90270
53879
13805
12035
73572
58851
77332
74497
57088
79134
57308
63819
75049
61884
70471
65275
46483
15167
16890
37728
74153
57319
52406
64486
85955
93263
24831
65626
91496
17199
57404
73496
11005
37979
64
90946
43799
99600
25252
33783
81791
10235
17117
88389
74813
34490
53384
5935
46050
10602
80413
56697
81552
62638
9354
40789
28557
80580
57717
14939
59873
39190
44173
14874
82285
89434
88949
22574
1248
90848
34525
19591
3267
66761
80877
49659
87493
90971
99785
80331
38673
63833
13832
60869
20527
69302
93381
73599
38931
96118
6224
73402
20600
72182
5833
34793
59599
66769
46826
85029
29045
1689
97440
97018
27501
11765
34778
6610
287
37354
41378
14729
55785
47923
14554
39197
14235
60529
77237
77748
27199
26284
39317
67954
76020
61063
6962
7280
8497
4457
59239
7786
70083
11364
93851
77922
64359
68684
12731
74402
38555
82571
20227
51600
21474
74771
31931
95144
36329
70265
4789
32722
51112
13236
50528
4329
67582
19943
49787
44877
85381
12721
10314
60255
81340
32888
71748
15368
38309
4376
48966
52712
12856
25859
46738
5065
38538
84218
43310
23111
20594
14759
61883
68828
73157
7132
56196
52810
36561
67160
90604
84884
6398
29069
52463
20273
25310
81443
97489
51745
59050
42610
35525
32905
76206
45839
92765
74540
60365
29733
40153
7626
84451
30666
79658
73601
69367
73123
30723
43220
78641
70294
90200
66469
8530
61752
35737
63239
69931
81320
91099
20676
42469
62384
59623
59073
10829
24206
20535
94603
36793
54280
17772
21687
27879
57684
43907
6799
78406
84891
14814
50749
38863
56031
69917
11064
15314
72801
12047
50606
70491
58190
40070
38473
96495
55542
69567
75154
16660
16696
99810
57829
731
5758
69458
36819
97260
93927
52115
38721
67721
44050
28596
54213
33010
65518
19288
61891
76052
65099
83235
91134
34896
14222
22398
31071
15851
65549
77741
96269
21114
50089
19657
83063
96954
58148
83414
97156
52407
74744
57849
45989
22849
8980
36578
19178
18552
73683
70092
1017
48100
98935
44897
80515
75629
91184
94762
99647
83887
65795
66046
45476
96616
19061
50343
97467
77212
55206
32434
72396
77855
54987
79712
84083
44257
59953
99030
33854
34090
38006
66648
4032
60909
67576
30130
83781
68266
14047
15640
67508
10676
31223
23213
30908
65724
80052
95371
68865
72670
17591
51311
35220
77734
5487
88547
61346
42686
18534
96877
55619
6787
57091
43209
55087
30996
23663
21904
37283
33391
96098
63113
5750
43223
30562
55072
42241
6304
57150
71265
19559
26224
64982
24330
986
78706
55285
83654
28772
19690
60937
11494
72869
71590
16621
61028
14601
95241
84302
80740
49981
5281
78421
84598
30333
378
66332
92191
72019
83520
30805
76765
76797
48868
96331
39896
21332
27335
9798
82841
45772
60993
12637
76980
55618
47258
48771
76061
10709
58196
15571
1595
80482
20984
74297
75407
28735
13374
83189
13085
16147
88011
53898
89102
78129
56685
75210
20139
93404
82755
32612
78569
22535
38320
35116
87953
72600
55911
69299
38972
88469
49582
94329
19644
63442
62381
60027
48672
4024
31043
95008
96736
81421
74795
35898
23690
51684
89523
63937
27343
28625
94339
40515
13105
47593
3910
93858
77127
2740
93342
68474
56543
96906
10768
82885
97296
54745
73204
7122
16534
31502
79802
89008
846
30154
89307
25065
33062
17220
16108
26718
46635
72660
44919
52681
86974
81842
61501
59744
88862
51876
88198
89960
7798
62042
99414
89370
88886
75496
90911
83791
33748
95641
79671
87005
10001
86727
77048
86296
20454
71054
38870
63292
6428
98183
69256
68306
75215
91860
99417
45218
61894
63678
55463
43566
67522
13166
74646
50627
96678
14232
88651
90112
69788
23598
2181
85862
56014
94884
54413
83101
38294
37624
98170
40217
94665
81528
96624
49974
63377
19331
92162
90988
62735
66317
54872
59016
59711
32013
45652
95706
50877
72598
53769
75501
9164
51906
61606
20792
25368
59520
5810
26482
73041
65016
83661
70779
61415
67131
31738
95120
29005
72927
708
98598
65874
9262
73503
29795
58632
3800
77959
12976
92008
20730
1318
52446
72291
21660
25164
25646
28311
40834
77841
23693
98477
21064
33090
29582
81815
63290
86854
49132
36476
41337
74745
94529
7617
89972
10947
88409
46760
12747
21206
99302
7587
79126
33961
70166
36341
40271
10734
67552
14892
80947
91253
56659
32992
87883
67060
47378
1984
54115
66844
55199
70968
55125
95194
66740
55372
87080
99614
10253
51150
53997
25316
81902
89092
14024
57206
39396
18360
18854
77638
69696
42999
84144
55709
45072
1403
10401
9652
61216
23375
68321
37005
46327
4004
46286
92562
35258
65804
71851
47652
67031
97391
91401
29112
49314
53273
28456
44825
52276
81472
44968
39311
17531
4146
55459
88999
18863
28429
96862
10782
7697
70634
36193
81785
60607
98790
1413
88658
53249
23173
53694
9045
96689
89874
85916
48017
44166
26949
64674
38889
60702
86646
11330
24883
94417
17738
3602
42903
18255
10688
32057
77543
21195
17360
63324
85533
41020
76185
5522
30977
11155
50344
70549
65649
28666
87409
16160
97125
16512
14082
81497
74277
32384
59019
5566
21009
54473
57848
28067
14467
52881
97716
50420
42756
83127
70857
61402
59869
86755
42353
3957
42880
58088
68124
23893
59939
53661
54247
54623
18060
36259
88293
91643
78001
23315
37138
65419
57270
35107
69631
54643
64534
83860
14320
67178
28474
59918
8357
66524
46533
47184
1632
45535
84285
26438
32137
25849
30815
33599
84341
95759
8857
6950
5224
45840
13263
17525
86037
81587
91995
641
87719
92934
89899
55386
48193
62024
2522
85939
31299
9713
37266
30499
76999
82407
63557
67482
92055
5198
51299
31181
54887
58811
44661
11464
618
99593
200
62673
45014
50296
25352
82301
97038
98209
19772
99976
64990
80970
24266
29957
89672
49615
58321
67674
47968
53081
69573
25586
23931
60538
23028
44376
69397
3835
53947
21297
72724
92895
68289
88981
60334
88141
37767
48702
49665
69166
39837
52572
53655
66283
45668
23902
6147
12075
45608
91470
83242
13366
69130
58170
32226
12176
93303
4997
69546
30129
85721
951
57734
14234
37292
43043
70607
70624
48106
74854
83103
63450
64400
28881
84115
77501
12980
50086
96558
93334
27353
14061
19480
87945
46937
43563
68379
46857
58347
13040
66645
59229
26955
21008
68621
32980
54878
11895
118
99014
68696
31170
58098
20049
66014
77814
70414
69954
87177
25848
96443
95681
63203
15959
14127
47078
81347
61354
53216
79749
90684
47458
47301
72038
9212
20954
76536
19516
99648
22073
25088
52481
42402
34487
87326
61930
29588
75483
49950
56082
5721
26323
5708
46113
68314
12049
60104
25955
12530
72140
25486
7470
55207
44307
41175
90554
24981
49774
43511
48482
18186
42690
77248
43884
39511
93769
64366
65884
57192
48011
1543
31227
75879
65011
6941
65540
63499
97824
61590
79347
48699
21343
4048
45529
70236
33206
8626
79044
55473
35930
52004
59008
15668
29111
50985
6475
79544
5844
20182
415
79879
79364
64742
72716
97157
70732
67200
35239
75866
40814
50822
48754
85694
94626
31553
2222
45894
1785
2198
40787
63874
2483
31476
90493
71660
28058
52521
89163
56853
66057
79022
82145
82528
8904
69406
64987
95428
3407
68404
42741
30258
69447
55954
85283
47050
39886
39970
62710
27332
17044
54358
65862
80842
66617
3733
40839
66818
68055
70131
50421
54831
32595
92183
57156
93873
22527
2758
72606
47799
55336
4305
55325
27492
70817
85790
22982
16783
99501
61420
4839
36698
62699
46910
97977
40396
93880
6870
26862
58045
35683
68736
19227
43060
92022
75981
78381
3186
59724
9605
56840
75650
7469
35057
73991
37059
33247
73739
86615
64271
62310
754
78860
47630
62937
42135
36910
41565
93117
57317
25970
64795
28099
58078
92121
70367
12146
45726
43327
69945
66447
35518
40703
72735
5448
62977
58860
25560
73897
27471
47108
16465
17250
23736
25503
81018
25092
16027
63390
70791
62027
56597
13572
41368
25283
25424
68861
4995
62954
29827
35026
73432
24372
16424
43154
76011
44511
8004
27224
58563
30085
21638
84521
1624
94876
54876
68352
64188
10487
90758
15005
47044
80549
27797
72990
12187
4339
30236
22900
75480
97147
2580
67943
78699
43183
63104
55770
5665
12409
15110
50354
69029
77040
69562
45167
2169
40817
63347
99632
14912
25299
64257
94276
96327
17600
92721
37965
71821
56170
57950
93424
20318
99182
69523
41513
95518
75001
18986
412
40903
45665
63185
53775
65514
72509
24667
77435
95900
30026
37228
79774
16893
51270
49609
54199
88941
51
56763
49311
38887
54159
18991
78230
31932
93887
6772
15625
1708
11458
40790
36003
90832
63483
18730
92572
86834
64953
23343
71640
37074
83138
34026
43961
30149
76940
82508
74021
59094
49397
48001
26596
88831
44318
42381
23399
82430
72218
33506
26585
41429
86286
54626
69476
71406
78482
41838
63514
97789
78072
5979
96598
60243
74796
53442
78798
16573
25468
33938
74186
84155
53954
81859
54274
62983
45867
67890
89796
44282
68376
24482
43444
45869
10534
40422
97287
50569
80289
77533
51568
36759
87145
90377
17011
39962
26100
97869
75507
7511
46016
63946
2710
58351
84976
52236
99450
92084
27656
8786
23050
1420
78113
50933
63716
38944
97037
83467
80868
2292
56826
51576
14826
76881
63006
8164
82886
19867
1608
68565
39080
16795
79089
36085
99598
68086
93955
49169
82698
20000
36190
93618
83411
57500
75394
9734
5456
30520
69382
83716
77304
40702
53275
75289
41140
72289
29627
22976
53480
4255
46886
6336
91793
33831
83036
33295
16863
75228
47623
30100
84493
43595
78527
55678
48627
77791
85738
44805
59223
32106
88248
2643
34585
53383
83578
55743
2835
76638
6503
3152
77742
74812
18648
7746
25108
87597
50092
50942
35887
39129
29750
93169
24039
60291
77835
86546
35847
65277
279
52515
99082
9416
42282
42727
10229
43678
78784
78506
1527
71638
87361
29283
50789
22383
76975
76310
1813
89847
32672
2713
32524
10467
27470
99296
12911
3521
89849
49552
94433
61856
67497
79373
22748
61186
13883
32971
33600
27576
60717
89631
74498
46136
3001
74293
7093
387
19825
13353
17259
71726
40075
42960
63837
70044
90253
40407
55478
95374
64697
28574
31980
84681
87419
7013
69481
63163
62578
27912
4138
74382
93960
34296
86206
43196
83621
16784
84394
60862
75261
73815
69534
18409
32250
35760
1699
68709
39109
82020
27093
49468
95087
13194
43824
31444
69320
22061
68040
91488
89806
12389
99654
24012
59972
16313
3231
15310
5995
12116
46564
84928
37792
5993
34553
46134
48596
45273
46523
72058
43722
12117
85743
33433
60573
23794
49993
2297
9670
48319
5056
48055
39574
97969
9586
66368
7302
66823
66327
17757
33776
47199
47081
65568
31438
65981
10259
46495
68853
29673
89311
94791
97571
15629
81154
34403
89644
1185
99715
51096
66583
30390
46520
37579
69393
92525
10163
3201
99422
23323
98333
31152
65328
41318
67720
38470
85890
2858
77421
73168
88040
44674
51827
12992
49516
7673
71872
89424
28546
65227
95336
51007
50975
5052
9105
27649
81298
22962
12351
90775
99817
59808
67053
23721
27894
6999
42244
99312
45040
64620
90811
11974
48899
15173
3117
51001
15937
56422
30981
73057
33729
92410
27023
65792
25268
73046
30732
4740
20522
42168
45914
55749
9568
7485
98368
18153
7297
63572
25820
14865
22925
12091
72625
90528
5829
51306
22766
7139
70093
56769
80059
11726
77991
611
82439
11049
6603
85476
48703
34153
2883
53200
75549
12967
35076
14219
61006
84091
47402
86946
46449
42345
25759
8123
9518
14767
8632
35481
24891
33572
17311
43408
46586
53002
44926
44844
14440
11512
99588
23278
29093
50849
78589
70315
51926
87573
40530
63125
14310
14816
3429
91052
761
86597
88858
79986
78610
68045
94953
93582
72480
35131
16769
32799
41893
81130
8557
13431
90132
46663
11311
53038
3787
65082
61913
34974
53102
25598
17957
1404
7679
50820
137
12413
40175
22717
4598
88367
72876
24437
4575
82965
39201
18717
71500
67611
7987
42421
8452
10257
90059
18772
95863
11614
94747
67393
34610
49454
79629
90486
56607
57137
75628
33417
86350
92673
43634
20978
679
71270
90869
30824
60559
83375
39250
60765
48334
22596
61522
74552
49472
56416
52030
39323
43030
70215
88528
46447
79440
98192
28514
26416
77410
99634
69038
49134
77999
63210
43143
82110
34346
27388
120
29542
97609
64998
93265
2999
30867
62315
91631
89194
17865
53106
29206
44841
53832
81632
16785
47988
46150
83175
48820
94023
15644
31260
89247
36121
63208
95931
54094
9432
35961
78290
76561
14458
9327
23732
48316
65719
98415
56293
2804
75294
13811
12098
32066
14934
59221
71787
16799
45299
22950
13364
83378
94315
91201
63591
41031
95855
46882
30770
14319
43989
23961
77576
83265
93001
21868
28050
67667
38363
4700
94175
44600
25019
63468
69142
34122
50472
60141
31542
38177
26927
60618
79311
78090
21178
25243
14328
15067
59345
68428
80132
91567
73034
72407
47583
62332
16832
86397
43057
64220
19414
89979
18561
95502
91946
70492
26200
35197
39130
38216
44062
29813
34119
30166
66933
90774
91478
97685
12613
13473
43428
76545
25922
88717
84536
46977
25609
61322
96597
7334
80029
36849
78718
78401
24656
54555
70816
67048
59807
4128
89234
2622
70659
33080
60535
78745
20312
34814
96559
61337
52220
14473
75707
68190
37857
38398
43872
36728
31253
18464
75893
92221
91200
64599
54765
2722
30332
75826
54633
88258
7741
5226
98276
10326
34355
22130
36896
91279
82295
79589
10741
90855
81197
97829
61116
49106
92809
82513
71407
41854
18972
92213
39898
44576
43860
37471
55122
13396
50601
33473
90298
91634
49455
66451
3285
13255
23436
8673
3669
55305
78066
10156
85298
27357
85771
13589
94190
2266
64332
52149
50779
10729
70645
61270
2694
9698
35195
3098
3174
82259
40720
92958
368
95417
51375
32839
55058
90350
59567
6005
38834
50879
1815
52150
68801
99520
82391
96150
36951
95385
85474
86481
97134
73373
41186
14695
445
243
93616
53087
10635
69987
64526
57291
16711
51956
2824
67138
30056
52140
94777
61905
99010
451
92094
54679
69552
52566
7576
34552
2678
13959
11685
44857
94961
21542
43478
67737
25122
31590
87225
41412
98691
16260
34672
91981
48634
3485
74896
61785
28411
11725
64687
73718
4471
78264
44893
95141
73767
13504
58751
25764
87993
50451
1585
52980
48726
92996
38725
39216
94362
85458
49713
12760
46429
6768
52376
58043
40233
87007
80240
40171
54732
73022
76624
85204
40935
82023
50657
21136
10549
6797
67480
93731
86415
22134
55261
44699
37550
53630
26234
3530
37076
19990
87664
89837
92980
56284
63089
27163
39012
52051
33945
6987
41447
83354
87067
82933
13967
36478
47542
15581
62453
22101
64349
88109
3146
69925
80195
26241
15451
86364
66261
11003
27926
36316
43150
6284
25605
30184
80782
65392
8687
1104
68412
68957
93787
19467
82926
74145
13532
46987
90128
89680
90141
25847
4956
27701
43188
75691
90404
31495
18170
99089
39605
46180
48644
39466
86625
75321
9095
69504
15001
16482
39791
53317
70152
13928
78924
37361
18274
8162
50572
44907
28971
7184
36587
7214
49576
6231
50578
52054
45793
25880
34515
84582
14643
14405
57685
95858
87053
98625
42030
73019
84361
11633
5724
91903
88028
64755
96151
51987
17962
98243
11622
14425
44331
64659
48228
51284
25317
1638
84026
83366
90979
34233
32835
41916
60432
98693
39995
81409
2190
29184
1898
10699
55074
79441
21942
85817
79626
92573
54824
40513
7416
49574
56870
87878
79603
42634
33775
51109
71173
74379
60718
55873
37551
99090
43119
78205
72474
17001
78561
39855
64830
66567
49755
3008
5334
59653
65366
24317
6227
79358
82401
74120
93102
10183
22484
80294
52790
26398
95856
4005
27473
4444
89320
44176
39049
9540
59578
28876
2700
93445
78893
15628
63691
13622
64721
99492
81982
33794
41626
92437
17208
16689
91264
20782
83839
42820
91852
636
91896
63610
61142
88696
75597
42252
15986
42818
85995
60523
81626
42841
52120
49163
54792
85245
19562
71653
33110
71172
27688
39866
12143
98616
55675
96313
22047
12123
75283
56110
74802
52072
5964
37045
93653
85281
73888
3923
47740
40087
27109
68157
25281
88269
18660
22928
67104
74960
4600
17284
95481
76844
92302
45478
60153
84240
78068
52067
70153
19653
98817
39933
37509
21299
55893
97278
12277
40566
67656
30540
79253
65198
43481
45481
73748
45408
45437
37851
49726
59883
21041
40489
5379
13680
20948
30799
954
42047
60484
97362
15515
20605
72734
1436
12201
63389
53745
59754
50861
92016
15539
12629
86595
90359
7370
26488
97870
49269
37972
5488
71566
76481
68503
43446
71844
37917
62616
40670
78915
80571
11994
73501
28315
78280
16475
9611
34432
65932
91261
74934
69707
29039
27994
80967
74873
42644
50662
47985
46985
46930
20738
23155
60988
53340
5624
24139
22833
27152
54588
27462
39614
68895
21092
97944
93116
94169
50786
86908
95093
72435
74058
59559
81928
68956
80323
68670
98300
59103
62555
21084
49225
3782
62826
65906
62122
85181
46492
61849
69272
80342
31189
7795
10986
34544
2708
96197
21193
17585
47487
23977
81588
4488
27029
75165
2028
93783
64392
3811
14973
57600
58301
32935
20131
56673
93969
54071
43070
61220
97337
83003
34560
60288
30092
40886
49274
17097
53120
35968
99260
3534
3680
49712
81338
2043
47346
61685
6000
63386
91954
95790
81462
85821
23032
95053
99860
43498
44657
35250
23733
37098
88506
46978
35165
9856
13394
72558
38407
74986
55061
75033
47085
11661
7072
76615
10282
36873
32026
83921
4184
19765
90483
95413
28417
93993
78876
19353
56029
42986
46989
96798
35688
10948
30588
68522
27277
32855
89053
94510
73590
95449
57427
48343
79011
71749
40897
66357
63433
17857
40458
39857
6802
31988
12287
6237
32334
24186
19285
17466
57379
80916
2465
38553
83861
67093
95577
56740
53456
13874
26733
78115
83281
87936
12310
87544
4387
44556
39883
96588
48979
81319
79558
92564
14520
33557
11417
93146
16044
74891
48003
70134
88520
51440
14894
53310
58227
67211
73498
82953
48925
63848
91971
9491
13218
52343
1447
29245
4051
82893
16673
13260
53857
70357
11540
21746
34292
31180
27553
32449
54940
54038
15044
44328
96194
79152
90465
99300
23807
22904
43686
53787
66478
52591
79291
5159
14724
71292
81867
9053
62428
31238
79827
32577
68682
23877
90580
85288
83507
49299
42242
79668
35013
24043
74965
97708
43453
23649
42620
93425
78366
92732
29540
72199
71845
64428
79013
23400
96174
90639
49650
16535
97520
89816
79710
1786
25054
70591
23241
90387
86879
20108
74157
96023
96160
13531
45578
6015
23964
54546
32716
43314
60004
22072
32004
74874
80026
59923
84344
62582
84417
32313
80199
27884
33823
57496
90950
39423
66641
56061
27410
49307
77159
33134
71901
95771
61916
21693
96394
88871
76139
29044
34273
63889
8798
1781
2232
24694
25718
35941
44006
81939
34474
88707
69700
16398
4215
81780
26677
1011
88760
35361
99794
71342
25363
63238
9984
98019
29830
46781
32796
90069
51997
35784
514
44696
79274
14684
89720
58852
11664
38032
47933
82705
70406
83608
8561
40635
34617
580
28997
83002
78684
6437
66365
18870
44227
5939
71853
99529
40581
27876
19671
25491
11250
87168
76901
79938
78519
28623
51020
73329
81182
93442
34164
79275
87487
41758
2368
18718
92038
91916
86233
76582
8550
37858
69822
290
81024
30490
74401
41932
36378
84506
39233
66913
75776
29497
41012
78528
5780
73876
89138
98376
56493
66300
78862
39113
86749
30605
60735
48683
12127
82179
79631
12397
89691
90351
80040
3859
64083
13744
89286
75612
66644
55196
57586
21462
7700
11580
31881
14359
31003
58436
98864
45629
75943
33244
76855
79553
31698
44365
44284
56085
88280
75655
91419
35680
32757
28046
42639
6166
50504
4458
32522
79564
91391
63965
59855
8175
94083
920
14464
95677
73458
40402
12010
48167
16226
4879
11814
53935
66367
24578
79921
82154
95084
20315
98306
49034
41199
26502
5943
75856
75923
75782
94432
52109
21715
6928
45490
29459
9367
2555
59332
3396
70112
32179
27427
53901
91292
89283
22710
87889
58296
43654
76507
37867
18871
65806
64403
94161
10755
18745
26542
95359
46353
29727
33007
21265
28534
53859
75916
86838
66400
41811
1686
36786
82452
26573
7367
21922
54123
22230
8727
85555
88863
85111
6012
51990
14060
31552
84165
52796
8087
15062
53464
23403
33886
10594
56332
38009
94457
80826
96446
29103
26752
18475
97920
82085
7327
50422
99816
66892
52011
68022
14506
4939
8418
81343
90687
19603
65931
52876
69065
98884
91848
76727
93736
69598
97826
9573
78398
96205
60663
33933
96620
57649
82871
64003
71356
44575
43864
3198
60213
64759
63758
83799
12449
32538
55170
14262
46049
16576
85558
19291
7130
39297
49268
25723
23135
19656
52728
80667
17914
82140
77184
95730
39442
92942
97067
92226
83039
7136
95740
41702
59896
38642
91717
18667
22823
81110
64051
56454
63668
57883
21745
18572
64896
61138
26175
99965
19012
27959
3992
9322
71999
41243
44928
60174
9434
84433
16722
38253
2025
44290
27816
78214
65138
48475
99709
36890
3972
73069
92533
47478
33695
50677
97213
4780
45107
75104
74240
16669
57612
54415
19983
53856
29590
13126
46975
84729
1066
99257
50720
56667
71493
46350
62795
66155
51797
1883
65519
96483
2509
47266
87992
79656
37221
12977
7235
7030
57939
44243
69784
85101
33725
65489
37385
14661
32505
95586
62411
61617
3732
96279
887
71768
62156
30009
51746
35950
65439
37227
28289
49534
87801
14430
9370
77426
42026
99862
83117
7032
10894
89481
74702
1310
19878
78064
76462
94441
9214
56430
84715
78373
73926
56550
12474
43950
54694
39023
72411
82471
17464
13458
89100
58812
18334
42812
26361
40552
29628
45298
99253
90637
92167
99050
99779
96164
55047
45226
48497
60662
6980
14656
67335
71616
17419
89838
68641
14123
7439
33620
34723
75600
24567
95460
38876
76668
31808
78186
22233
89697
95327
45871
25770
60600
77745
24829
93816
33986
31690
66732
28401
64251
26468
614
25030
61890
68388
31169
38878
26023
55155
77394
22228
3900
56391
36023
31777
41866
81575
32558
83597
66005
15817
30447
14360
72285
97723
76508
31810
33146
30339
6887
52001
81498
59701
58825
38536
50558
11024
87063
19713
59642
71162
56773
56226
9846
97560
60300
34738
10672
73408
25150
26630
58658
2777
44194
50551
64259
61910
40753
81746
43138
92774
93822
11694
4088
9265
15435
22418
67510
18193
61765
30451
73370
13114
39743
37458
87652
14921
17344
90198
53205
49194
16470
10599
40705
64008
76574
30698
97144
19737
20556
56569
59792
90886
77132
76943
37984
83600
18634
34855
91337
41969
30954
24452
53235
24138
79464
43362
35510
26634
31149
30958
99658
59717
12602
97822
41764
87205
13864
5486
5853
82671
98214
45692
53161
57981
64609
30156
39763
16422
52355
4257
99977
61066
8382
79992
74274
75706
40336
15446
48307
73338
23714
39961
6582
33112
1845
21052
8870
86466
84481
33814
90723
23024
61064
69553
53580
96148
11107
69789
61790
90989
55040
37068
78255
98231
252
79823
27465
92077
79843
94162
28970
83205
72671
37096
48398
4423
38256
51800
90629
55030
6628
8219
41309
56068
27375
81967
63231
93766
80284
10244
42679
90997
23986
7988
65602
88736
38159
92194
52314
19025
47908
63070
77282
37440
42778
54910
93262
3470
67581
33788
64033
23970
56803
80213
55218
5738
6156
64792
97499
18280
60133
17639
56205
6816
56675
32202
7237
43745
38674
17805
53616
53772
20761
63215
14369
59841
24311
32934
222
36048
46699
2316
70860
99572
56980
71710
59762
73532
79095
12887
89462
38474
33965
28918
88375
43674
48971
29481
80177
70870
70413
70592
97608
96929
25300
24342
21020
74193
25789
30044
43109
66384
81249
93236
9537
55504
81108
41014
89715
82814
93724
3537
17756
18570
67288
18549
10502
9309
66507
65662
64949
16620
25487
25917
77561
28178
81872
77604
40803
63094
7509
10958
29463
75764
15085
97233
38718
23226
12338
72469
50036
33249
99781
90177
27105
40785
89299
50034
4422
95489
35874
45396
57080
14146
45144
21395
75959
90941
97094
7270
92209
69316
96943
58684
75051
40040
37128
96247
61932
33569
91028
43389
24503
12636
69496
8338
24103
56879
85522
20144
41691
5213
31257
20043
50031
60302
66938
86866
9664
17286
27086
64498
80703
26064
39865
95731
93029
88716
29812
58229
99959
74923
52545
13804
6101
92499
80867
87219
12881
87298
70496
92785
79777
68398
22953
28954
4254
79653
58518
62248
70257
16411
83685
21966
72106
46904
95684
24848
7780
26015
95125
41486
62208
44671
62747
17677
12078
91284
52568
91600
63675
14770
85755
41252
77618
81805
8215
63795
4456
91548
36894
18668
15983
88450
35755
65032
95098
59705
15262
44244
80291
99133
77038
34202
11365
20874
63102
24263
74160
64461
66551
92756
91432
1346
21683
18052
33375
15570
17218
88090
52900
76917
76613
96289
7064
40418
82338
26297
89357
91728
20437
44292
8393
8958
55050
99279
17296
93293
82490
71496
84490
5310
94503
55761
10246
3526
99329
3661
29531
12379
52691
9129
15762
97070
90086
19056
72001
29958
9372
81742
91660
15420
70200
12363
26155
85964
13109
10548
76004
25074
84212
96868
79160
36338
34832
48023
44889
73352
92769
9015
24862
40351
53063
615
33666
32969
15313
64855
85701
90436
12326
63240
45601
86414
46689
93020
40343
48544
63496
37531
41278
52042
41387
63481
99941
46070
92773
79467
58238
79100
22392
77853
194
72230
30683
76468
6830
10402
64653
33980
96633
96715
14502
79161
10767
19886
17767
5508
7379
27964
36371
80270
47162
96614
44002
20985
85412
67248
84527
90292
81427
88386
46101
22564
46306
54593
28697
37635
3084
43630
65203
93420
50368
25438
34210
70564
28488
4285
15245
24098
3907
64506
25336
16429
41860
55129
4075
1092
68118
27574
29990
1024
97779
12676
76606
9720
45498
64351
88963
48491
57889
83370
54363
45625
4778
5236
5389
52352
84972
82665
7432
95883
58526
77784
76104
63174
26940
72744
69070
36242
38623
17025
60990
25270
99597
39587
90800
30742
67801
41189
52858
14888
18456
89975
54990
64590
32729
37355
11741
32957
69660
43958
70495
75286
88990
20662
97047
39061
87358
63303
97976
28865
31621
44840
36197
54504
23361
18578
64360
57536
72648
14409
62907
2721
38460
31712
68967
95059
9470
24958
60810
46
27138
72512
4719
23195
30290
67744
73014
11771
55492
84503
63608
20974
10457
79577
57260
33456
74359
5643
42246
17885
6191
84546
21105
76172
36866
93078
64650
59089
85933
24665
1996
36383
71024
476
6490
77725
81252
62276
16781
40899
81170
33191
84881
11626
4701
18480
25933
15649
15500
275
22690
90508
14726
91475
70724
88034
40836
14144
19471
9257
39589
17160
11270
91323
87360
56692
85572
60799
16599
76165
80681
68297
27017
65427
65285
91193
25186
44653
70217
44708
17646
73316
47846
17380
5856
35573
57040
37890
6868
55988
97442
24334
80670
72455
16368
88433
45037
11095
95576
60992
31403
77443
85901
99655
37235
90446
24833
9343
14135
69175
64651
77563
56379
3092
13966
28420
58884
80704
60145
68715
32140
67339
33234
53887
79922
79807
74217
83102
95092
85015
5586
7864
80554
19745
12322
3520
2444
67839
39168
26964
81577
24188
29774
3434
13901
60201
45643
229
34005
68011
19545
80255
99801
11612
71490
89702
46676
65236
57678
93863
8515
75470
21515
61770
35390
91759
21893
99342
82057
93458
28437
40350
35309
20350
20631
48355
81756
20086
84902
99091
1177
95198
98282
66943
81303
10384
28907
47171
50157
17119
30965
92122
47707
40038
8782
105
68749
25776
7993
39830
844
77769
38733
34158
60650
18168
39210
89052
51179
37453
56645
4154
9931
4121
59570
63473
55044
92607
94322
95530
41573
6057
10499
50134
76241
66978
57718
40445
73002
2291
43535
79783
63381
13326
184
4831
85353
75102
96544
5174
62277
50991
98574
35470
79017
58101
38793
75767
68871
72604
10454
95607
8979
9335
41839
45610
4468
70502
5016
98724
89029
27196
70462
82930
54158
5736
22696
37339
1693
66126
37492
78655
18733
64476
57029
60519
22523
95238
79455
68095
26025
98213
35972
59275
17719
14570
23792
90423
45544
28919
21600
33811
89917
83996
83022
57663
11454
2241
49983
13936
22629
12744
52719
13643
96618
452
9773
53550
93785
97796
83110
73605
37369
66620
40192
91453
56499
71215
78278
68996
74473
27682
49947
61581
86604
950
81853
63894
32718
38518
17134
69294
85592
22728
81433
4756
43869
54808
37248
93860
45411
63759
82302
99930
30842
52811
62874
86513
49061
85118
82055
2137
29330
43421
26410
86402
93673
66362
18173
31423
6730
21028
60875
97940
15939
36230
80909
11471
40525
75323
6674
63992
88077
22202
92566
4564
71651
40232
74642
66748
50414
63969
94105
20215
42068
18247
49353
45121
5373
57071
29897
21737
28545
79387
76464
87383
63705
17733
73971
84879
19457
59621
13552
34655
28771
49521
91408
54194
16063
19393
27929
80829
45987
48724
28582
94798
92393
66326
49209
77045
62703
9738
70185
4705
47962
96720
20342
32783
69005
37744
46498
88653
43157
63327
36446
24318
71332
37559
38722
82132
44579
24675
9784
38527
2558
5143
69319
77418
21589
30040
69508
5635
20176
93341
32475
38205
500
58366
23623
31517
90907
81464
99744
47227
17657
3921
12418
8389
31577
23587
81016
29361
93107
95914
95251
42641
52391
82659
97750
85680
75270
86845
97432
79875
50988
94939
39088
36647
6647
24714
57495
87321
31682
73318
29738
22267
10248
46792
21735
94229
78982
29978
73228
98534
7926
21205
94615
44303
56705
13948
98642
22374
35511
85030
52249
29393
94125
7601
92600
74895
71613
27293
37834
39328
71422
58644
72240
94726
37797
75017
1705
93857
96091
42836
49470
25389
9928
68706
79738
78950
67512
34019
35375
65578
26790
68688
1313
73023
63280
21339
89381
72530
66917
37332
959
22795
9705
3191
41607
69001
35156
51678
1206
77714
90194
44969
66819
88581
3000
19884
83445
21509
73484
1470
16880
4929
47582
1556
52610
37353
86475
41928
57311
51853
74439
64047
48572
21739
20841
69421
14863
58086
19247
74676
32351
2598
67385
67883
72642
92986
66681
63972
51846
64314
1047
99202
89332
47172
68389
98318
61426
47159
32587
75047
76182
8297
28606
69317
75875
84630
36602
57057
54136
51341
54625
68885
91846
4765
84700
2056
68007
91748
96321
84761
35797
26222
7840
63435
23908
26865
16604
59293
6837
18169
66538
66393
73980
74541
52232
41262
95425
57677
53646
95517
98530
27336
50267
5473
33949
27213
60725
66916
21996
78522
20340
55075
49305
50045
19525
53083
95565
51642
20636
28681
83593
3311
97089
43345
23773
42614
95464
42107
13703
13523
76170
47124
25190
17269
40465
66246
48408
72867
16225
75961
31083
683
89912
3002
3385
5317
66609
20178
61241
46230
1780
22916
60534
10057
22888
6731
51967
87788
1100
93042
70578
16458
56604
53514
85674
72877
5590
61154
87497
71187
5561
73438
37450
13849
78286
90740
136
4959
44616
7455
85740
76633
28265
12216
12237
56807
23415
35370
45721
37057
4321
36380
20463
34909
63622
26193
7251
59252
14571
4469
13995
19515
77973
6892
18829
51707
43189
63378
57374
31579
33523
11672
79959
30853
41978
32922
14190
51790
14171
66187
25398
55662
25357
66961
10048
2000
93548
13486
66998
61756
37774
92587
63431
55564
29376
48048
21979
37379
25517
57945
52906
66110
26280
87411
64631
15653
97319
37645
56331
29752
34929
4934
95069
67851
32061
44248
45515
48020
54228
76332
78573
39601
99425
88466
1257
40562
85214
43737
65858
34332
60499
12880
75525
11353
87372
9987
58443
31841
46855
65130
9427
50165
81658
22079
73000
45353
26651
10762
34619
23797
67365
43541
93543
84793
69014
80043
36468
87327
61446
84542
90356
76505
83566
48958
1254
77558
81143
26609
7644
44637
9850
46246
40173
23916
17074
61124
86884
45507
14785
94385
56322
69982
56753
91819
16244
71374
39974
2188
75127
39770
84829
17421
92645
53032
47480
66343
88348
21263
82655
41989
93502
69829
79989
27314
62130
65301
71296
33693
677
88924
69428
39445
88901
78164
24351
89698
74063
80268
12469
71655
70300
63618
77772
68233
7085
64635
79548
64171
89543
1687
4218
87325
26749
48455
22409
14177
56423
64794
37833
46203
9077
97764
2138
36521
31925
34334
9758
2201
55069
63305
38685
62133
51097
97472
72989
87407
14838
79898
19334
45510
25785
57018
77163
83433
70546
88793
35936
61480
41815
17062
15780
11101
84176
93695
5899
55141
5118
83417
75267
76685
32037
37377
40956
35519
63882
87136
51995
57919
43040
52076
84219
27654
11423
55693
50415
60251
93353
24161
65710
50741
80698
48788
92916
16002
30299
6400
19771
91980
50827
26726
70369
58783
36567
72986
40353
2546
21813
21427
93983
90053
73021
41623
95717
15432
64114
37294
46340
59618
98234
68298
29778
44135
55098
78443
20380
30043
40821
41624
78189
37133
79799
33866
61531
89629
49896
24249
39532
2467
72507
94247
13982
74398
63357
14884
80752
51279
4477
48591
22123
61386
69004
57631
77479
56657
6907
85589
85842
28889
30796
88686
88274
76710
24930
95397
51231
11613
26434
47198
97534
22647
16740
5859
70468
80516
79900
40206
25006
60987
81354
22471
82073
4645
37937
92390
70600
39252
81857
58770
12419
28935
72624
49814
11355
23356
31117
11538
23826
38052
97542
13460
15689
9603
84046
12999
78462
72557
48293
78436
31086
68836
94557
53949
96634
57485
25224
32454
47656
59699
24682
97903
43265
32159
86832
37877
84871
57660
7036
14138
85749
55859
55418
22009
5491
21685
85517
76472
17882
74236
47681
10656
4362
16375
20647
4967
29408
26449
19246
63974
80641
73792
97480
31946
5454
69202
85186
77350
8908
75859
94450
74927
83633
14780
73845
64738
65307
60636
37874
79776
67132
95467
55191
29675
94819
85339
7243
59471
54307
97250
44677
63681
9584
46217
1012
11438
57596
90908
27141
46569
68000
48194
80429
22675
93283
47646
58324
90587
26758
73967
22224
81855
98713
18030
18557
53559
41241
70986
31048
9631
35708
29122
96396
69251
65092
62259
62033
48537
56165
96867
80754
94988
35126
6676
14834
19587
91487
67296
9710
73033
23696
55580
15887
72135
42404
26605
40967
15702
7296
28698
71972
31366
73774
87679
78003
53316
29098
96797
6159
19588
15731
41370
84816
17919
56218
88841
93507
13543
16451
91770
27983
7246
20045
84254
20132
59411
42650
4715
44643
96263
32293
49340
26641
39037
78323
41800
72010
16975
95021
32415
91763
62888
34177
92546
62168
71743
32392
6833
50692
81436
19113
74464
24711
35230
26808
89228
97206
34987
96563
98675
80048
50701
1455
61896
61677
28133
27020
10550
41329
4348
81574
3482
53393
44063
41745
66140
2220
51396
48407
62788
42670
36969
35650
31122
45990
21177
45830
40629
44524
95312
50095
87426
16725
92504
56206
53892
3541
34460
28490
9774
66625
36484
18373
48066
54818
5757
61073
50513
46746
78538
63079
31432
47446
6399
51525
88994
48817
48381
27648
6852
72391
81030
32491
45719
6434
68451
26660
2160
67973
91460
70038
83318
84730
94316
23417
65204
19629
45132
6395
37327
38838
37390
3882
70897
52205
8571
39631
65224
85903
25214
67971
49324
93480
69823
79230
70370
93439
4791
6653
88636
54527
69724
29745
21514
77292
1528
90354
22247
5304
35578
16897
90550
25774
81912
50690
19427
9814
21845
51691
51240
49354
2595
88842
20912
63115
47695
93693
56057
85532
81920
5941
60135
65313
79181
36501
26067
12302
22722
88953
21606
93103
31779
4975
6211
85333
37122
24469
77112
12776
14742
1409
95373
45542
2924
89273
45428
83767
20598
78766
84059
70626
78130
31818
36433
70610
58809
11277
651
55458
58451
97803
26424
3582
59766
45518
96961
74114
90061
85543
68078
34136
66822
56818
12655
92782
31290
72945
42305
93659
26260
38442
78811
10338
52075
98515
84072
8669
49408
47548
32661
12247
35946
31749
84501
69350
26540
49172
4873
2518
83769
88302
49264
2199
62298
18952
28899
92522
77679
7506
98285
86207
92180
93808
74977
3417
38832
39781
51188
22355
12242
56717
11115
97384
39326
40812
14353
42059
59129
93848
43840
91101
64276
57602
4224
37425
81394
80015
2673
34543
58289
22414
13851
4618
10910
69726
14516
97960
98481
18723
80448
39390
11875
81583
24446
52575
30726
71875
62962
73979
28984
24751
69400
62048
5205
77728
34948
80493
895
15087
65348
84469
95861
81862
1227
43648
71603
90530
78670
74607
73293
12284
50777
5913
78086
70137
50770
10135
33024
30546
61552
77164
51595
66235
71258
14989
27977
98794
71997
21675
55707
42602
6435
48907
28383
27783
12820
51575
16827
4017
20620
86436
85430
58203
81601
25916
53262
54027
6536
31871
27346
14526
61097
99413
83157
74189
58132
99022
46893
976
4949
82924
43662
82863
90798
61562
86141
85508
80971
27048
38686
68690
29660
50998
92090
81376
46687
54790
1719
94108
15667
15246
15060
9314
42084
70698
83419
45306
35383
66701
5306
75170
36974
1841
43668
88
69692
54295
83815
92316
1627
60007
12510
53488
52983
63063
72029
51497
13963
85759
39891
29573
25692
90762
85235
54246
458
65385
88802
39498
45979
25010
42894
15826
11692
94343
55574
98697
22730
68225
78061
84465
32279
44208
79474
79905
98519
20667
34313
90654
86771
88659
93585
23991
51939
6755
96126
88693
97987
78934
49002
83082
49409
577
4720
38758
93674
19416
26029
17625
13197
7672
38980
17313
68368
19037
98118
9615
69740
79587
34645
71526
92284
11182
34558
22099
5645
82189
8600
47403
74030
87311
79209
16208
11386
98533
82745
57993
52601
32164
77562
35895
71591
71571
29304
95599
63864
68380
25523
58895
56567
50518
27958
93903
17369
23236
93209
12897
61434
47944
78544
53632
9840
51471
29533
51951
15575
69907
66711
71971
75266
57859
1223
78859
43804
99041
17457
99456
7202
53594
91688
59468
48586
26838
64684
8520
401
33871
98124
6614
62035
93039
54060
52466
76775
9756
71824
14869
97452
71535
51327
30302
57456
19814
13705
36114
5172
91497
46532
35520
77142
86370
20679
43779
78077
27065
68746
42567
63742
20554
82959
40791
54405
34898
27265
26661
90327
72968
2732
20239
23951
42605
24507
60818
41619
71813
24413
99070
28843
54051
14711
73801
45731
76806
65783
95603
21163
85328
40276
6633
77620
37445
25142
57183
85136
15722
16835
50404
11731
55667
68382
97453
35926
61718
65361
96234
92005
83890
40391
35391
95442
44239
9757
93740
58945
59933
80731
48663
83252
58299
65757
43660
73858
95281
71770
77391
68782
47696
4114
66776
51729
16320
54023
33754
57693
77754
63823
39162
92923
10568
5093
2961
68103
787
31106
31758
61026
25530
59965
1184
22196
49418
50678
15344
90992
71676
14371
59661
36628
90625
23023
48628
64877
14533
48056
54370
81451
54678
44454
71156
19064
75252
9431
5347
33669
56695
21754
37330
86649
90676
44222
58193
25148
47976
38422
4434
34440
19333
19348
49394
20149
87932
53197
75079
98973
78843
67494
50236
97577
78666
24586
24504
23944
15290
76338
66848
5989
72920
64248
44881
93710
33767
22898
98475
10591
1748
56324
698
93587
61648
9764
9590
73215
37089
46199
60783
50746
55885
32318
79408
61430
30523
39881
12836
7612
95818
57391
37563
1432
9551
78320
32814
91809
85243
67041
19897
32928
10778
87761
55189
34849
77939
91172
79218
67324
82464
20078
52873
71455
90959
53329
69050
88971
71757
77381
48891
37674
92806
35978
68355
47931
14700
84553
39421
32370
64186
74057
46633
79125
14508
30352
5498
55670
21420
7869
91672
31546
87976
68643
35584
73652
80368
1601
23673
70363
27069
66268
89539
17321
8127
12584
32601
98725
18659
2909
3563
81880
35888
62342
55490
79926
65292
21046
88080
52250
65899
77710
41277
28995
98114
49816
37468
36177
14236
58651
55475
89870
93056
99967
64670
64304
28172
75997
12004
44109
16102
27637
91393
84842
329
37052
9351
64783
76562
30870
22511
5524
42547
71119
85065
28719
90871
49903
96242
77469
76540
96141
80929
49922
7668
1872
78275
96450
80499
57605
44123
74587
98237
12029
75103
10019
51136
64398
10804
84440
56707
15141
33028
82077
34331
9110
75468
61329
19378
48570
38161
65345
53570
7608
12916
79391
55586
35321
17530
25124
94383
41724
8875
63801
81571
17390
73733
90461
28914
93864
33043
41771
30213
3099
68844
27939
14968
98848
56866
13808
63694
60619
25565
81124
12306
35406
82565
27691
24200
14634
59060
62460
12531
10968
21611
17960
79599
84983
24975
89561
98938
83872
12124
67668
19565
62951
84526
80595
34706
89778
9179
61809
1948
55349
19896
11164
39363
48856
54162
81162
79884
77695
75367
53288
84887
52252
75487
72774
69587
19830
71967
77477
7634
6854
94321
18698
91055
99356
19279
90464
71336
9821
66582
12751
98845
24408
25640
64151
39213
21655
63326
78886
45225
2372
15293
61526
30850
55771
46403
72043
31369
90568
25590
81616
72143
25821
69502
79771
2675
84689
81111
93401
17043
45232
92802
16420
74243
84581
7207
24890
11960
56974
29262
82447
36631
15884
58201
34294
68672
4175
69838
77902
55572
63762
10078
78457
91675
19677
91710
59733
84597
68373
14572
10440
68224
2158
95462
79809
2897
91358
1044
49485
36601
45135
10236
2350
12761
72318
12097
79217
63075
937
50051
37104
95757
53884
98049
851
80201
95809
72355
4226
38461
5565
62003
85182
50901
60821
67427
6196
73865
76141
53050
38609
47460
21958
73279
29576
74238
20302
61801
37210
61717
45477
11326
52625
83274
34008
1919
60936
15862
96904
53395
17958
62631
68287
68633
75239
95936
46225
21839
35327
65635
1631
7241
70522
25907
3823
49421
86651
81466
1292
43330
85360
41983
84936
45158
57279
10907
52320
9075
21697
5697
45296
37412
68165
8247
30226
8436
89789
26453
80959
26278
53045
28244
57494
74139
2254
82317
51537
58733
92898
83903
6705
76249
39312
42815
99741
95846
74667
89450
18304
37280
53398
14756
94793
47939
86972
34315
36405
37514
82371
37016
75004
22911
86941
64856
6417
25714
85554
44358
99574
78042
7771
4394
57339
69438
98392
21252
10538
253
68189
91834
98354
80768
16168
37786
58334
77932
56848
38528
26756
80525
44272
60383
25256
20066
85892
79594
51265
87868
52541
29325
12160
74474
51321
20374
14228
11956
41336
57552
43503
39042
9082
73535
71005
79704
35762
45327
86335
4806
9519
69851
89881
82935
96145
46558
85575
5031
68180
57445
25616
68170
2309
38566
61413
73538
54427
20658
91310
91493
72757
81430
48068
57640
26317
38372
4935
45110
5192
41554
88906
47470
6146
77169
84615
77308
97129
66672
18954
61862
85063
1944
7299
97739
41069
95966
49375
17526
51253
76037
88995
97306
27624
47333
10982
94699
86295
85500
2173
21807
92045
56841
90204
58715
50493
12190
71147
23508
91970
80424
49771
94751
20076
98263
59353
18563
24384
11054
90640
66901
62536
91724
59438
42806
79740
24075
80042
28835
21015
23759
76461
45355
62982
9175
32340
25374
57380
62666
92151
36523
54685
67945
8609
17093
90363
38617
77150
14264
42449
40704
37714
37609
92712
56684
77614
14176
53946
38191
37185
60106
90808
57208
73766
61226
89181
18405
48263
35549
62475
86611
15671
68513
63363
5423
21132
55079
81495
61634
36615
71055
88800
21471
52780
43837
96660
10720
5873
9913
4187
84301
84676
9246
7585
58600
61786
2131
39078
19146
88767
51162
59213
64663
32817
59286
82644
41239
93972
32547
38234
4134
56790
13906
78110
25395
10524
74012
82743
17980
81909
24410
30945
74519
4903
37835
78468
60457
74643
83906
88206
46726
5316
58581
22189
29525
43612
65741
68889
79423
25824
25844
86095
52161
40329
85708
25018
66091
99323
35011
20179
66996
61656
17406
46938
1742
86446
85067
24696
51942
99283
38085
82763
47250
46039
72562
68153
95355
74765
40426
21789
99148
22004
33995
39800
25731
60389
24155
3772
48759
89887
72448
52891
22752
87946
62636
84220
36718
2418
5621
17109
27760
58079
16638
68240
66763
42309
40111
23540
33164
71223
15133
43988
93622
81972
31167
97915
95318
51320
94382
30401
79732
92070
34066
32893
34405
94770
90113
58515
28108
99798
12946
14441
91023
49440
76704
34419
92944
28519
5440
34981
76906
23235
87386
55523
54009
24835
26059
69184
30764
42532
17412
58930
4792
38047
79190
5815
44918
23539
15520
53237
16329
64012
12858
12686
44036
32398
7029
2014
50887
14382
15908
65780
21969
34306
20100
15696
29706
30970
66054
55081
17507
26231
71202
56468
87120
68944
86285
77525
26784
48795
65828
78878
59931
98808
43205
27366
32197
97678
92293
36497
94289
95808
92560
49667
26702
74495
97021
68547
30404
86483
65087
7034
38583
5218
89133
41136
95710
79662
78742
81265
70983
75770
31927
98098
46352
54907
69231
24966
88700
10206
31346
51701
83774
49030
33900
41051
86211
24644
43953
17781
40577
23284
51121
58848
24229
7671
46237
38846
72595
45003
38029
39816
56330
31357
47943
56461
1039
12331
47689
79359
76466
55869
68540
30124
82911
43483
72522
67739
83930
55888
38570
97744
64608
31110
39095
56335
87737
60303
86365
93145
43306
3200
45553
21383
84874
31554
51763
38843
13283
45103
30887
158
84376
21871
60073
87565
51868
7219
28602
39946
35410
58021
38897
54138
75602
83937
82171
88371
96470
6153
17587
40957
39241
19937
97177
60588
18079
42192
4323
59602
6233
66421
99784
8578
23122
81071
79318
55861
72114
8440
49847
96202
90274
87482
64383
19669
45475
14018
34826
177
77615
90382
31269
24497
16900
33501
44618
70601
44229
30845
96359
59374
64567
8996
70375
3516
77077
67379
99346
53420
98344
49583
23263
94765
62965
17024
43496
10857
53763
75594
46455
38776
20577
37495
63660
2359
85438
15436
35502
59230
95838
90257
10252
99485
96379
80084
33241
74104
48762
17676
52114
47612
99377
92496
25181
26725
52484
68630
76576
74536
80332
76363
58908
31665
86705
87161
56924
90905
96163
24312
11680
13987
81245
47253
27523
67366
79272
72870
93636
51485
75160
6573
70095
72317
66308
24233
62589
33051
39377
39467
53322
16872
72723
67043
54882
95704
9474
26031
99516
16828
28917
90110
35282
67265
82387
26896
22585
47849
91008
36637
43756
23439
34703
42976
29665
26716
71257
1827
9948
46667
5359
86121
71112
5367
8409
34687
69843
4571
46894
23302
29644
15384
43134
53932
8845
3262
30774
13566
38949
94293
56715
44456
10861
59432
20156
77646
53875
74484
17274
90451
50917
9127
84963
25326
55600
86599
70275
66058
55328
64996
76385
53508
37231
19506
35459
43432
41714
53994
13421
52781
57847
54251
77658
92357
55126
78880
56523
88645
18693
61503
21419
81145
20124
80537
38324
33068
29078
67063
95831
65352
99376
51093
90343
28923
16349
75816
99630
57559
64999
5356
25877
83086
86445
50430
35099
16754
79238
87446
91603
49695
80235
68516
4427
10505
56046
11239
98069
41696
79915
46552
2084
75217
84607
9138
4459
7288
59326
55173
58145
97994
78868
38792
98761
28742
48147
54925
48799
62603
82412
59735
35360
21101
11818
78732
82224
3894
34192
49819
83069
27502
10746
15686
95361
40172
99623
83360
79506
15208
98127
94556
59837
4020
96315
9226
64880
55238
34494
30818
19444
92795
15335
39175
94923
19098
63069
71138
32628
84459
55793
92323
96650
47277
53089
40223
58159
41964
62779
55376
26855
46096
43516
92757
71718
14122
24547
51409
2230
20288
40825
32469
88203
179
85556
94370
28293
6421
98726
7078
52012
58936
99807
99423
41668
86087
65180
69732
55407
71681
53360
18900
68928
88132
79154
49318
70715
63509
19197
46744
4800
65080
64529
26466
64341
96934
14215
56408
99677
33485
98252
5348
50164
5890
85382
74865
19602
44668
14740
41885
84639
72583
97290
18691
51588
68437
79292
13676
21001
51165
22687
79903
91236
7410
40000
64152
72305
48236
86187
22505
39264
65255
10566
81765
81693
12437
78622
59739
94381
14543
62834
51776
65448
86613
53027
38812
2609
57615
46003
48819
50107
83975
43750
89470
26797
64850
66219
96550
25049
23274
61263
12838
1324
63156
30941
8364
11132
2734
16110
82499
67714
41319
89578
85271
70676
7557
9147
37437
93227
35779
26402
99116
46421
70186
73870
38491
98647
10105
29343
64934
15715
36691
93951
79206
72633
79844
88733
65971
8723
39211
90746
70652
68960
68283
90839
30713
37022
19346
49636
87681
64997
29593
64465
26007
88068
71387
11736
65074
88943
22277
9199
16038
19567
42965
95728
94288
79484
59190
66630
70849
29293
17294
50693
91872
83547
62606
6220
74191
87363
66352
92597
99590
62938
88074
20135
97502
68504
17413
57027
86226
59905
48127
18848
68261
27904
32917
75671
45152
48611
76033
44487
71975
2915
5881
16172
95429
4964
7645
96078
36038
45304
10121
99404
35080
73159
59871
42726
44496
92246
25040
60327
96939
47869
3741
39634
24479
15941
20692
72072
69588
31816
12852
69719
38241
92092
76245
15831
92475
95568
1489
39622
96310
25280
54648
8181
89517
9406
81929
29570
71203
72065
30547
88163
5594
10613
74528
92896
55001
77118
95003
61906
23255
84063
79120
23205
12063
14483
34189
85997
418
65216
58544
23941
89703
79811
77499
75841
7413
85828
55484
85925
96496
36477
30752
40901
98404
81737
13913
69245
25473
11487
69452
39846
78295
66181
99661
50351
32404
16156
42845
77516
56355
23267
19802
98715
47722
28601
47948
7407
43464
80088
93683
80215
35656
13910
82476
43407
22713
23285
44940
74526
14864
11427
58921
85767
71626
88046
86817
2430
47476
10254
85774
59524
92554
60465
97020
61376
15482
67218
97048
73981
65119
89756
82067
21302
86872
42652
6082
61942
98154
42102
93360
83129
27123
83319
8091
73734
7823
84961
41253
20504
18118
14169
38500
67465
59339
93260
51205
60812
17996
58872
43127
11067
46438
77630
89993
56060
78715
7058
32166
5548
50255
13806
67314
14804
9266
50993
62112
51447
68005
20913
30131
47528
73419
20567
47228
96570
2101
22665
39462
23357
78692
19236
98679
98286
37608
21960
10766
49865
11449
28652
38084
75897
32513
35546
2207
96250
24400
88452
7335
1200
30193
23631
58256
75169
78794
39960
86638
54577
55387
54720
47973
89489
44121
18575
28884
39436
38302
17888
8309
29125
92506
236
65400
76878
21168
64323
40611
81155
51469
55838
40156
88709
86779
44113
77597
35913
67350
17641
31923
59167
97524
25232
65963
88118
21156
64829
42392
55835
89292
35164
48242
87884
38557
60011
79215
17052
15973
51346
41874
32357
17878
84899
66775
52619
36735
83649
77312
46577
2046
64394
68764
44803
75819
53415
18109
38030
48197
17430
79916
1966
51023
39530
97851
22788
99681
98712
43576
67353
66695
99802
72948
85249
3160
10463
7665
36911
73209
18388
26131
79231
33207
18604
79974
77848
43176
46425
50963
14840
96255
95748
61504
23072
36687
56041
92242
5970
37220
37878
69374
30293
79549
81159
89318
60375
95970
23878
43580
26211
18653
90117
80624
31899
16909
22298
58067
15923
81812
61595
2452
13573
95747
65018
62370
22620
11436
4745
60350
97769
40367
25162
97585
12944
47224
2640
74353
51241
80128
70547
52129
13066
94994
90584
4079
49091
14723
12399
75710
71460
96845
18048
31753
67343
39288
93203
17536
91636
77651
31331
23905
33529
605
94350
85199
10779
26054
42989
92568
39951
8638
79978
52291
31219
79507
37067
30448
25664
32972
45391
7135
1887
23398
38923
57382
319
72124
37396
3123
58242
42270
20290
58717
25510
57295
27821
77063
54333
43987
71865
2065
12398
39389
85261
34718
6572
55256
58540
11579
84720
97036
4673
932
79435
25375
63025
55856
69500
39611
88093
55613
67249
22252
87050
3847
55366
11394
4308
9769
83271
93562
36789
1382
38590
51648
16050
23325
32858
79517
30281
95918
25643
61520
1340
28082
71183
81725
19757
47423
85728
43193
66947
62263
99465
83810
71085
90133
18650
53740
98067
51268
97333
36936
81966
27827
8387
62515
80466
51195
8690
17806
72644
84835
30580
7525
79340
21099
55277
12192
15627
44835
25938
23465
69571
20778
11730
45716
30834
55999
55179
67653
46377
37485
38644
99789
4557
2319
55444
23749
66055
48513
34691
84102
60493
99720
39956
37864
69605
82153
72534
46011
90705
12796
17708
16957
716
15706
71957
41289
20192
1651
8971
79078
74265
3981
15894
67547
20623
8286
93727
9875
16158
61956
64617
62792
10286
83999
21664
61324
29961
96592
69964
40707
40721
86577
48883
46204
73439
84986
39253
80024
19117
2439
20503
99920
717
53629
19410
11909
34180
52165
9380
9069
22881
48639
57341
14758
44714
23610
10460
44338
33011
20013
48289
7578
72807
32840
23443
66876
55656
85471
44433
67879
56142
55428
49900
48032
46788
48495
59402
25936
715
8468
26249
63065
1129
29689
49443
64368
47153
82324
79049
92815
85345
58311
64919
98949
65367
76798
56314
33895
9525
86964
63683
75836
12960
18076
10557
31751
22548
73762
76786
10060
78623
46052
4123
97511
2962
91131
42767
71525
46428
98551
90903
50129
36928
44934
44317
41643
94449
11505
66379
96018
14977
24593
21766
14492
70593
13854
72166
21280
53847
87727
52555
25787
92253
48258
21580
87197
18779
56397
32213
97857
25050
11879
42898
74358
83679
20546
61051
47737
75172
60368
65533
80907
48519
13338
71230
62759
62648
45971
71022
17398
53319
13398
71895
95181
61202
97193
90661
81217
60252
69010
7839
47758
82692
23498
25158
95210
44901
49577
21002
96305
46141
72458
58378
74100
27777
44827
83624
74925
21662
73394
98228
90682
48164
75847
22508
254
91044
83543
99208
15873
67829
71882
82405
95945
58753
32489
4192
76800
27860
17161
19191
49118
471
60794
3574
21663
58861
80691
32047
67460
60248
64788
50284
94956
69249
36611
80295
75333
66077
40758
59654
70832
35259
37423
79574
95749
33869
25553
64782
57134
25014
87677
36137
31378
64548
13825
74980
53675
82433
89221
86372
4244
54610
23004
4815
42014
10069
83028
56136
34248
87636
53684
84937
96998
53432
87580
622
61564
69024
47856
96031
51206
92830
73147
48518
3362
82517
32809
10698
5809
35330
78817
27557
11401
21270
70293
23695
52066
54528
30216
33780
43257
99205
12495
54311
62587
51446
31924
88229
9139
5248
4450
88675
78182
56100
48864
54034
30064
19828
49692
37429
60123
49791
45335
10839
47541
28132
9501
44739
85228
76580
18478
50782
59862
68837
9467
48054
41920
14797
88435
78543
24812
88670
27151
24874
44434
57110
11215
78238
7484
64758
35372
70853
87427
40524
72609
867
85904
67840
30251
11813
59592
36328
47934
99786
38627
13463
64440
52970
10172
87668
92024
94550
93729
58163
10180
49810
97395
65289
84383
99639
71522
37488
37802
26767
50593
4232
24963
47087
16764
84362
23656
66623
70809
26854
23164
25113
86287
76269
22847
89896
5606
17442
42733
66102
70562
10832
94947
18458
17392
29809
17188
55657
3142
20490
1554
41859
62481
50992
97968
98928
22878
5235
88230
34408
78724
352
25536
68113
46275
22989
75354
48801
19794
12857
85913
85083
13748
66329
59243
55886
88773
60114
18908
40920
53983
3875
37112
97587
63890
60421
47981
82181
72516
72819
29794
2871
88818
65965
72822
4109
60502
20907
38261
81591
77264
31035
99338
18784
53758
78262
66828
40919
4415
26442
38224
8441
63187
23406
97631
4805
42510
10223
22959
67498
8246
4144
55896
23909
32998
90460
2380
9293
81452
6393
45880
59421
62474
73697
29548
54386
44895
36579
33595
14747
47427
77751
24648
10620
69894
59445
56249
27055
85699
87258
89783
39324
97071
20367
5564
15550
51891
30392
17469
5243
24816
71349
77144
14010
62293
30938
68661
11645
37882
72655
4755
3328
44458
41918
32854
65192
49148
70527
86359
46435
15651
45883
32958
78098
10642
8379
20537
27294
38155
56312
64839
7749
38837
54464
53265
506
16369
6774
56460
29532
38448
5336
94563
63362
95689
84484
78141
76444
39588
40544
10176
28208
41300
46617
66211
10970
73690
60120
46807
67469
17522
36186
62030
9658
84586
48524
25875
25064
47996
98295
88027
13355
6061
61157
70789
20888
54627
90690
80627
52911
42587
44077
85750
12785
75212
70551
28475
72737
55976
7187
1718
96725
39765
21111
1030
91466
16980
52946
37768
10411
73234
64781
33593
30378
36083
27832
42738
70558
70643
69593
14835
22329
81694
92249
17723
91732
82972
75329
12945
96648
75395
41944
84497
33039
80031
72053
56349
29152
52476
61477
14468
68471
55644
85242
19085
72854
16489
59317
9449
3450
59264
59027
42214
62325
62627
18941
29900
11507
16571
3309
23985
7687
4748
3830
79149
8776
98994
33069
85425
18944
92136
74723
87114
99769
40857
63336
23918
49504
93586
15095
98043
48583
18336
19502
60828
97588
71940
37591
73065
50210
54256
61759
15149
60486
83729
18933
90695
94598
13684
78435
63367
10612
55984
91617
63784
28967
87124
45644
95174
57361
77893
208
47649
31000
76518
81196
2010
89084
39236
9278
92229
86523
39554
34767
84856
31309
60261
29407
73900
31327
2861
63629
85342
72363
40132
85495
61676
29681
33138
20716
86549
80373
10066
69768
85525
37708
29822
8268
22222
76321
16612
2562
38071
44726
7615
91331
43160
65421
99836
81310
41443
21314
69043
79528
88415
27360
88112
47580
18452
25984
2032
93485
60756
15177
72123
72006
71884
9956
8110
5527
92100
28319
94275
26133
57573
3440
14532
77449
48492
77757
37722
75259
25477
90814
67518
11631
74903
70
50621
66218
95657
58400
15608
16606
26028
40143
69612
32410
96931
72441
83820
31225
88037
85962
32190
99952
35845
36739
32899
25991
41310
72964
73806
13440
89304
85454
76425
36724
97844
15848
54188
10393
13819
49252
9443
16497
63003
43153
15143
1867
79114
25853
1454
37461
22817
84132
66164
83584
89258
21909
13812
14622
50508
19749
24708
96240
31863
17378
7757
69227
53485
88312
11525
96928
99318
77625
35476
22221
84660
45387
97967
70385
49489
39963
69026
25207
30817
15421
27748
53338
44597
44132
10660
2542
74562
11928
82734
57635
42299
3762
35910
59934
32000
72397
53677
31370
9103
4291
19920
65695
901
62330
43452
36449
76992
14343
85022
4587
33347
7231
35394
71615
95052
59848
49174
42217
21921
29364
6245
57580
44134
23144
97852
44432
52475
59952
24767
92718
68272
16503
19358
37932
99095
32245
33282
65470
11968
39200
15765
18178
19016
3963
98351
34470
5623
5206
6058
28048
94914
46940
91413
34862
27047
75835
6656
38107
74947
89031
28858
34378
75925
24322
65354
67307
32553
90160
66939
48290
51782
66765
88778
34310
47025
19714
23353
84171
15801
85569
7624
6791
74
77174
8369
53544
60296
59350
99219
23705
5251
58477
22886
42564
37606
33404
28950
46287
15580
25114
50792
87170
57793
16756
14098
70446
16203
72287
94911
88272
32271
43936
23861
91123
58437
24727
14627
85039
53203
51475
53918
72168
91369
56954
3013
39790
3093
98663
40874
43894
2460
1761
79296
84728
57239
8536
73350
3658
75285
73689
42896
61736
61989
94955
59303
78392
21997
67969
74195
52405
37447
74657
33652
23745
79586
74817
97257
64841
56814
49232
10543
72276
43029
28530
89022
37955
71164
20570
2682
80022
82696
25574
13660
84452
77731
76932
36923
21358
65546
28073
17741
68392
29656
63995
74074
74124
89738
1106
94999
89671
17603
21428
1244
40095
56380
46075
52384
88368
48296
493
162
39476
27945
92609
27499
69762
26343
70513
40771
23958
83325
4774
50362
13696
65860
83832
15389
46124
78095
32623
71708
89260
83796
6022
92750
72930
88744
66628
86762
1759
62551
72743
16956
76397
57448
28204
16353
96949
62763
92429
65869
710
80231
80500
18754
92524
19888
76762
79907
92358
5085
71019
3294
19382
52603
73517
60143
71587
42580
72193
5668
79208
9848
99436
56086
75544
73604
55348
98330
69171
22316
54520
82524
1735
28239
98661
99736
8526
5070
12767
67523
63411
80890
63715
18404
89458
68874
12226
3956
14472
25614
37500
3350
35439
13172
31716
12928
68402
13241
8243
55664
81981
57978
39501
81052
74184
32378
89673
53296
17717
37856
49006
64497
49658
44180
4538
80230
86249
65163
48438
39575
59609
6299
57655
76850
83826
18815
86268
87813
3744
9117
26982
82993
12715
1886
5925
80812
49670
99012
42897
76006
33421
57821
11643
84616
75759
24170
14025
81599
66794
22373
20276
82061
7328
71698
79338
8728
7087
8074
66121
57961
14911
86805
84788
13823
43236
11942
11189
66139
37784
20190
21534
19224
19564
7458
35148
82908
15306
45800
29486
5827
51901
76996
79420
84023
53065
40719
28540
47022
11913
40236
13836
46731
5997
93614
11377
43039
92692
91911
91322
96723
77026
59548
21065
31296
75725
52567
64513
44387
97225
89724
39522
34017
47533
30456
59237
16734
53596
68681
21712
970
21917
57219
80430
77336
87215
50856
91843
71087
80247
43508
25260
56438
55632
77488
17821
69672
39805
88091
88069
55215
11475
42051
85091
72118
42180
86000
50155
36399
38809
40939
41061
34965
47165
97045
32791
79325
76184
43458
83428
1120
40968
25216
4631
17281
5371
9151
3858
41279
52092
9162
94231
42895
33891
24128
84157
56776
12546
79529
22410
79786
21749
35304
36165
35625
41516
46522
69908
25337
21801
11126
81285
26883
63456
5105
34531
20102
54548
65756
48969
30851
2273
12874
73634
58046
45211
39864
10036
10031
88066
69170
76882
20428
46942
39775
80535
88042
67820
22055
62722
31840
29524
94395
40330
95582
95423
82566
17884
65875
29506
95993
93879
20884
84496
1332
50809
45764
28674
27117
45029
80665
85702
5376
71271
91346
39969
67182
98936
91302
54336
78613
92983
72770
93361
12256
78751
93119
92669
38982
21128
99975
23926
22117
6053
35333
22176
39282
60379
61797
2089
23182
17673
20113
13244
91137
67125
15622
7001
76144
28345
91360
31330
48110
57366
41237
50859
7722
12400
15601
90853
16917
24575
17998
45242
63373
74559
80632
52631
30916
92694
8256
96179
17330
32769
20433
15048
90657
60831
83391
3598
32192
41804
84380
51392
74876
40266
1517
84483
61607
41176
88309
58793
14550
26411
54959
13023
71199
51895
63206
52410
43182
9546
47105
21040
5242
12066
36077
85177
26611
48187
43776
15861
93680
56268
32822
91711
13478
21458
34599
92805
18622
89310
76949
32090
96465
90624
73829
97297
45203
13886
75506
33494
16310
13793
3863
30874
83538
75222
22461
96922
13697
43569
42077
78973
54956
7663
1850
90724
80523
55612
39583
58037
71592
18365
55621
91208
59250
55510
23660
97874
11150
84143
58430
1050
34442
44228
24480
20756
35675
70665
20881
78549
34582
5946
46197
17544
58151
11266
47485
8894
39635
35767
14908
49347
41286
68201
24066
59061
83651
44989
12652
302
59562
14676
50899
40437
6067
71362
87650
44324
62141
70403
36266
15454
28394
64948
87546
32804
14143
2277
70441
62311
24798
97661
62009
66936
62974
77414
98246
23629
96201
25903
42467
65873
94178
72909
35121
20365
8948
79880
94159
11415
95965
63007
10925
67627
65705
65159
9517
23229
10917
85248
26875
90851
8828
80895
64085
41028
49294
12805
89149
57130
60900
99595
34064
26045
50848
79519
38706
92449
90143
90466
15955
59368
98316
45815
94881
44225
62331
66028
12753
55569
44826
8843
76959
15417
18582
13938
48793
73525
95409
41365
26926
28115
85542
49956
97562
64287
29713
49882
43359
76495
93277
65669
81995
51411
81172
26076
54208
38413
19725
95154
23253
70241
93025
25828
83104
12188
46936
51258
43320
56212
15763
79398
4751
89492
47691
91913
49940
18628
83244
63452
30231
52909
19650
59436
8790
36194
93508
6257
18355
96503
2094
28085
69998
25029
84416
3455
36514
82987
43151
12609
87394
87703
75185
92885
49989
10369
79646
9915
87543
94152
81442
76759
12158
29785
18092
32708
75417
79388
72264
4334
80228
43303
50180
48053
2849
38658
15934
80469
71731
57396
94399
98429
44215
50650
16139
46642
91286
12632
92376
54154
35532
34054
71161
26134
19973
14514
33219
60266
86507
99948
78511
878
79623
54124
39419
5171
93489
91628
53168
69872
53368
40421
42943
18307
82793
48235
63939
793
29467
68849
750
22173
48722
34624
50399
24358
98311
51220
50227
48168
46383
81971
58979
22707
70030
74951
98900
50821
19391
95375
76926
52474
11802
57524
97328
40060
24319
68766
10416
45276
76053
77400
52761
30754
86739
46714
520
4807
90131
86901
4932
89379
38969
31492
67638
27433
38278
43252
84236
3623
3446
58338
71074
71246
77825
74282
14715
26508
13224
27858
75523
10076
19755
51011
42719
55673
67942
31377
40649
75695
58267
33101
19622
41634
98012
82730
50571
21884
13863
20811
12842
31337
62321
25490
65169
56583
73814
77548
45474
67082
16892
2787
54976
91565
54521
76758
29746
58896
93754
60282
38816
68466
23036
62646
7623
7088
96518
41954
97195
76153
56175
82997
59010
70514
97552
5936
65223
98602
50735
78225
49142
24599
34528
97793
50191
31747
56477
86893
57618
50002
66910
17661
85394
67992
13798
98716
2627
16642
584
26352
4210
67103
61608
50812
37617
9397
52065
46995
76000
38099
47830
90148
15286
14810
73817
61394
25105
54412
67693
84126
28830
82558
12368
12228
7510
15287
24029
23679
70976
98480
76348
46294
72434
65542
78624
41137
83169
79129
62409
20652
91036
91625
36021
18747
91864
15137
3065
13144
60173
92478
34949
3438
33556
57373
58548
40429
3486
38752
13912
41585
38355
9624
16710
19216
54981
79432
76417
87506
59689
81848
48141
98071
65094
61069
6627
83459
90428
79725
92189
4554
39700
22310
53789
11821
69383
80968
98922
57312
21794
87336
4883
3176
72245
41325
82030
51175
70739
8433
32443
60762
96765
64889
49718
93737
91049
3439
76749
84029
32965
58523
73913
9326
60458
7384
39965
86787
270
45030
56256
96920
72178
49056
19666
23466
6085
57161
71538
97765
82978
24557
95203
20257
3653
16702
12665
80602
25726
95319
73917
91621
58964
75732
42878
26035
14007
70392
34259
29233
93006
1091
68472
72605
32733
88455
15971
99266
5428
33607
11553
82547
24744
61646
66364
69550
92416
85052
59099
47389
48669
78787
25096
43710
49196
13472
27362
57439
56020
3042
85998
28435
273
98502
74185
10523
11594
56838
44466
76773
87398
74905
63087
64301
11387
76705
38749
77506
53615
75898
83227
81074
67062
77082
55715
88849
26268
44159
55235
11975
60629
4374
62537
18248
85876
81844
52322
68780
2107
4008
60205
30568
81698
22581
14022
71452
90093
48900
18958
38393
62435
44029
54282
39226
60164
39806
93241
94704
74166
65350
6045
93152
2263
42255
67198
59333
63256
8055
53402
8968
33331
73784
55821
53805
78828
32416
9130
1421
92442
17020
48225
62910
49860
45297
53082
96196
24909
89633
16419
54607
11518
65502
81284
91296
22651
93891
14142
69427
15735
87096
55567
22060
42249
58915
50065
82598
71261
89675
66430
59395
34680
83740
78391
73715
46645
61493
13710
17844
9114
65554
33187
59686
6401
5914
5182
94767
19593
79219
96832
27704
98157
11419
21773
39381
90026
12762
85200
10143
71469
44670
32683
95156
82707
80606
1838
6564
18896
83268
90454
48373
79258
70721
69586
96354
58602
97162
73788
12703
19780
50253
70183
71589
3266
98173
30967
58696
66081
80866
49602
63056
5951
39368
4965
50709
87578
38260
13145
27384
62193
53189
22097
23419
91745
54059
77505
3715
56519
81328
54434
45115
32409
75675
17893
59856
67937
82891
97044
51825
65997
29625
68238
35752
34217
75305
42330
59292
65969
39657
87915
31186
8434
22663
93011
22154
40352
75502
28987
84796
27284
95897
81463
5790
22066
55231
1441
17954
60347
23880
35283
81526
90917
90259
33937
8960
62339
85931
10357
56377
96337
14300
57874
23648
40665
36548
39856
43187
18970
25116
76627
32096
39817
78870
75704
14030
69440
7472
19748
11180
58206
34220
27841
13859
56606
48012
15718
73173
77823
47327
12250
85189
19566
25817
66561
72692
32156
79298
20592
84320
11342
73803
18846
94854
25192
67315
32561
18571
16564
91378
99887
38708
90953
13120
49281
45511
13730
46220
99917
69541
16318
38075
5991
95307
36564
8744
75742
54257
62757
18703
84258
80630
95999
4203
43179
53527
47222
85295
87869
61657
47835
41751
17942
55852
65336
68236
81553
13447
43371
9320
52729
92683
62990
49919
67042
84139
1618
2061
40852
79924
74849
29634
71250
4386
25986
6664
4292
44177
80153
75304
86808
33031
27943
6206
44931
77711
30836
2145
92503
86768
13701
47945
1523
51012
32146
70404
41213
76330
60655
95796
83610
31127
10160
46766
71004
67029
20749
35894
76261
90014
13156
25324
15829
38988
24124
16212
34924
19121
49113
71734
85344
71929
91190
71976
19809
24402
6388
53765
95157
42233
49652
73148
52695
26681
21779
6905
75689
57998
48488
32828
13483
6662
82455
76441
5387
40187
10909
97399
66192
15988
11485
26413
18112
4310
42568
87043
43433
18902
81423
32990
76691
8448
81800
64448
20858
57711
9408
18765
77941
5452
38235
94126
24090
69557
74827
81026
59480
51388
54531
39536
50266
51394
50529
42054
10222
99530
535
99039
72330
76262
60400
26322
33081
46253
64232
10686
34833
26047
9054
6190
73361
99876
78040
55
31137
3114
39541
56744
85549
24903
2013
34960
67506
80117
53785
34263
7782
1216
22857
97862
21400
60966
16430
7784
80917
29832
73584
93431
37225
1043
45271
68264
74108
94800
28106
80014
7011
94587
62131
73798
79448
43985
19508
69680
44559
79142
85201
18206
46036
12328
4436
60518
99795
41925
13586
93855
60924
14325
41891
88522
81675
30810
97387
21731
55499
58260
92459
10291
58531
95485
64715
23382
26619
11843
74272
49518
52859
46473
74267
55556
3471
56570
49863
66390
84420
97847
97245
70076
78317
37438
5562
89646
70754
39032
58772
77115
12269
83282
82767
45742
62080
59240
94827
2885
95396
65830
37574
30358
20250
7336
7979
71396
54992
8982
59566
82019
46724
68741
97182
97258
54472
66099
21124
6580
78594
81729
4859
67885
6946
86004
17164
49234
38124
89350
67021
82850
9682
42713
76676
57430
41409
38910
49899
27249
67920
86418
66627
36902
97378
75380
91006
31948
44736
19648
23431
4897
62319
66480
31111
72061
92298
6300
94727
21238
36624
34033
86689
38593
8076
46887
71823
96606
88854
35161
43617
28270
23372
29636
78145
40884
28588
32400
95904
48417
12315
7853
47237
86660
24033
41274
81983
36509
85784
29313
28702
83477
86594
21389
9754
37103
73781
13319
33304
27188
66231
10846
82097
66856
40684
41616
21978
36111
99664
85006
46201
50426
88459
44532
75463
63573
59127
9730
75731
22384
7716
45359
23782
2385
95732
19722
97719
95000
19310
26583
21544
50589
59231
17357
16493
59311
7309
30315
93856
15076
83186
57059
60634
55004
55750
58761
25315
41179
83628
8546
24925
76858
12883
16402
72684
45482
99509
86588
31148
11529
27814
56576
19916
50144
16091
6884
5339
45192
20773
33197
29780
9228
9222
98453
12214
10210
1599
30430
5299
79216
92266
68054
53897
1710
48309
19259
84352
61140
39160
81663
75342
95948
9968
65279
2442
22460
20846
30409
9965
85523
67164
83427
31207
83444
5012
82759
85633
83552
20452
30463
66113
12429
55847
9807
22556
90827
76019
49731
11943
13138
6163
78432
57999
98570
7559
56983
82398
66657
68475
40183
48413
53760
21725
28396
2382
76266
40849
93372
28376
1387
60894
11032
17282
61305
42419
21778
62499
88236
98665
43712
52378
91155
85672
26960
84103
47636
79877
76088
16413
96610
15738
69996
78643
22949
5532
51133
63485
55931
34459
75674
13406
10744
33025
55063
23273
71117
1662
95263
60564
1574
54268
62674
29594
79498
80089
47798
89358
86099
12672
24851
89483
88361
62421
241
1709
19472
66965
82017
57542
92319
68852
58441
64565
375
52171
10188
88278
35293
79035
69409
11072
62214
65852
15148
87508
85972
99124
25521
73658
99027
7061
22305
87675
9625
27173
92169
35516
53515
21977
45385
67756
62264
61917
7403
3817
55233
4041
38836
4185
11463
60716
56269
5669
89869
8682
81743
5636
31683
57060
1291
74608
6281
33037
43835
14259
37891
17452
3912
53842
2879
87744
34821
1134
78630
49688
80575
93577
88224
8028
20551
12115
53693
11301
37120
93100
57499
64104
44780
37230
6775
74880
61151
97228
58894
7714
48641
48449
28823
33887
42917
81987
8217
39578
64485
82003
78907
83263
56959
86486
34578
91506
18654
6044
86670
74084
89516
97837
37082
17345
31252
8704
95570
90282
30739
85856
18148
40487
48171
32984
42444
53357
51976
41340
55546
48483
31798
13210
26022
26075
35181
62262
29845
93232
1451
10646
67328
46058
26160
84750
97747
74333
14466
22765
1278
97324
38021
9239
90312
16073
50123
94488
99284
88628
18621
99707
19921
85109
46289
49110
66303
86304
14001
15990
44286
61150
93986
7159
10162
1374
92798
10601
38406
74756
82622
84429
53476
28736
54980
97963
94095
76302
34443
63931
57709
41517
78520
50999
17555
74445
62713
18358
1863
9608
29149
98670
90523
65617
18487
46228
28392
80492
50168
95997
59512
32517
3550
36749
90919
25568
23896
89055
98937
61992
59484
87885
12872
52885
4060
86515
39204
21475
30153
75904
79758
40576
44868
56909
68406
88287
94072
20879
14166
82006
31908
68978
83562
76023
71198
88578
79384
63427
80266
91165
36465
23381
23572
7090
10099
91145
20753
35472
36196
83848
82393
41648
58191
83382
34360
52508
40757
51909
25866
20691
79647
82268
47755
52867
8406
83883
25780
65103
99079
673
18917
25946
1885
89486
92840
31062
80835
46915
61742
33316
84773
85131
50733
39099
34422
80521
62437
41530
71331
53712
3481
3746
94009
48010
81174
33948
51765
95443
50851
23264
64966
80318
72281
990
42462
89894
97949
67228
89352
86609
6695
84284
6362
83500
33250
50771
42172
67252
66664
85075
10687
19673
33218
73527
23319
54021
8713
41240
98467
68903
24264
56162
22215
72196
73670
37333
41816
83474
30464
90930
33458
7076
1414
57876
34137
92700
58157
31886
2004
55757
84095
70225
30028
11249
463
97469
5938
96183
74730
75745
81610
65970
15464
32267
57553
62289
82454
57007
92060
76920
27461
66107
22512
24310
29753
43651
51507
46716
16679
94692
8918
72676
57431
18001
44035
8943
72657
80078
88186
88734
265
66921
79397
27612
53944
15057
56628
58257
21888
73837
64438
82118
98775
85116
72328
36851
33978
90188
42140
68037
51434
84257
6112
35303
23619
77352
20299
96348
69263
67001
92780
93554
10882
89003
28585
15448
95255
33586
50341
9640
46614
37701
29374
53024
44354
29445
74335
7481
67615
74112
52578
59959
96058
5437
71429
77765
51632
37905
58221
17575
68773
35993
78374
16327
2874
69190
33381
346
97593
25147
7120
49911
31849
83130
5047
78530
55593
34844
9712
63154
31691
20347
39958
48351
17620
28723
21608
59441
81661
11477
79724
21158
20235
86311
93158
13424
21062
85611
53833
40101
52489
15864
18128
6139
32210
54851
91384
47097
83383
42867
27543
77378
39567
39440
43649
1954
40257
94001
25552
47964
80300
46666
86877
11407
35465
40574
11810
13973
51547
45805
72214
63180
93167
95113
57149
82264
97506
34919
67294
72931
18150
46174
59997
98086
84363
71375
67772
4085
64574
68898
31658
23644
75610
20447
52210
60866
49414
76542
79203
15383
53592
48977
34391
74227
92430
10597
3365
14334
57775
87694
71810
5930
94250
15109
30266
88907
453
33988
53358
69183
27167
21812
73906
46755
54585
8732
99818
77205
46616
47074
48458
4430
60753
41799
68001
66539
84770
85607
49031
46579
26073
6426
58524
88059
59904
5062
68945
27651
74042
48629
91768
94553
44961
34400
45836
41024
61859
26877
3624
12320
76622
51368
70919
4684
22700
11541
75369
96000
29220
73850
65088
26823
90201
57369
44787
21995
51652
9790
10781
35542
46888
16213
2672
93826
84839
34373
69940
27390
3415
57284
45159
75129
98044
69477
59032
21149
43080
35746
96002
16177
59407
96989
36734
66702
22550
45678
12321
73867
36675
85367
84326
48477
84168
91922
44053
85413
10347
52630
6822
55518
56487
56403
6554
1545
64778
15739
79278
88201
5404
17197
53783
328
84844
35448
71709
69498
28141
9204
21473
6808
65565
23351
28960
63842
52459
46661
7182
8901
2290
95407
48324
59494
95488
98772
1906
83460
65140
79329
12244
78033
56787
98805
56996
98760
89420
12140
51715
65742
34575
842
27548
92702
48170
76666
79144
22794
1383
51495
97003
73986
40140
72286
78781
26288
20867
99611
63122
57357
61260
30672
42393
71694
16319
24892
57205
21798
64045
34526
21878
90308
31020
22198
37975
37634
23464
42455
38188
3480
67645
98621
66603
15182
17083
95649
59829
22899
25923
82093
99495
48796
93135
38003
65475
31005
30744
37011
20956
94579
29115
19127
93751
27309
83422
95274
43078
85138
8748
1820
4167
53707
31483
50607
25699
14354
80599
10749
64142
8169
31610
60287
7435
59485
26208
71181
15176
69473
96096
78263
31657
69607
7520
85384
44125
72257
54519
69439
92205
31837
72273
52003
59657
79191
35870
17092
67254
94675
42552
7180
17213
1265
45258
45248
87468
76391
16860
62546
99649
46804
59236
29937
13781
31496
6144
72856
77906
74721
21449
58434
77553
92464
88601
73024
36232
80233
25405
69861
53913
96382
38176
88169
56244
29782
30235
49685
47898
72914
92542
42657
19944
89189
31326
67556
60037
25381
74591
42453
81566
26837
11139
16983
25428
57198
71564
73025
95703
28655
4948
60277
27432
78337
23988
75964
84230
27850
66725
16211
72125
48562
50790
60558
81718
90260
81641
55133
84437
1344
88850
3338
44998
57688
38652
330
66867
85212
9298
79571
61314
71551
75642
80874
88018
24025
74259
27901
20832
21241
57256
15465
65085
36929
74366
27874
73114
30586
68486
64939
3998
56155
50016
27653
49749
85816
97463
52302
5774
16080
8555
61866
43703
1989
51192
63579
42790
69494
55589
69072
49557
13949
38851
97208
87873
34074
63696
4494
24331
21776
99762
24602
77291
27541
5116
24426
15348
11351
73343
19493
45762
36330
36511
78244
56860
76738
88543
86199
93544
34958
29984
79176
46451
86807
23816
92966
24471
16857
29571
28934
49510
40234
94609
40533
12350
73846
96735
22436
14250
51252
61330
31032
47842
13240
26085
8042
65913
27715
39721
21432
59360
41247
81200
18820
89952
78540
5818
23741
25127
28110
37314
17927
16659
92532
27848
46623
69722
75409
51892
67387
12932
47404
49366
76433
60414
53482
57493
9478
95596
74992
69885
3524
79212
43184
96568
68365
76416
87023
43031
38677
39584
79076
92061
71081
66984
12596
98833
32195
97027
49128
42060
14967
59518
21024
67326
49285
42382
2593
7985
49270
32185
21780
41350
49497
24614
10313
79593
16976
56483
66830
40074
10269
20121
44293
3820
4174
89316
73603
33621
45285
1001
37036
24032
98058
61380
84915
25218
26890
48655
17764
65449
71970
56224
49407
28340
92071
77182
77596
82065
89974
16521
12855
87216
88200
22871
89969
60224
52542
41985
41062
49802
98406
61726
64109
47268
9366
18317
27248
95917
40951
46791
90549
53554
83535
79722
48365
49674
84241
84395
87217
60933
70802
31746
45841
27037
18537
89760
65491
31030
21785
37386
24420
21728
68557
15792
89958
76306
92476
89509
58551
33898
11287
64119
60152
57503
85941
71442
73054
82064
93411
61306
33608
11800
18237
1331
85292
37832
32278
90202
13668
39890
69599
10195
44510
54741
97956
94768
9240
14975
87494
33183
23820
78855
32191
43959
98145
79746
48476
12925
38362
39026
88695
44201
56308
27672
91742
10309
68560
20213
74151
8762
89454
4186
39753
5302
2329
46536
94925
47288
26757
48036
61723
79514
45555
94116
32323
42187
61642
54467
92076
63789
95030
62139
24655
69592
93415
72853
1764
87609
95006
19486
34579
70348
84631
53471
26207
38884
98225
94440
5112
30628
47525
22545
92975
77474
59021
30053
91795
6374
36063
45657
34697
34589
88950
32178
91974
48593
5843
3137
24267
16825
75230
54036
73225
16623
70143
88120
31275
81613
50847
45944
12727
33303
6885
37470
47861
99985
97883
74825
40427
41386
43608
16275
36408
95793
30677
81665
53039
45295
53332
6992
82606
12815
68143
39187
4424
54150
41321
3275
50204
51437
71827
99077
38973
41089
70904
51542
28854
42799
98397
98700
93168
35694
1485
58435
72274
63196
69547
4119
29043
6704
44343
53026
30730
27376
20062
71670
72721
89391
50751
44039
88089
26920
42240
54006
86569
1796
93004
66294
60557
3287
20987
16953
22119
7850
99870
21208
30516
29385
27443
29499
76117
8054
73395
97916
17902
69377
84653
54842
21636
24371
29635
91233
74252
18141
75543
93045
98319
4819
5689
19044
2464
99621
80398
16533
61611
26746
3007
61089
93735
85541
93499
23972
326
25765
90250
13196
63564
4199
71919
46725
5663
91016
51078
59730
58456
6121
81116
9106
50364
41126
66654
5130
25858
55872
67256
36141
11787
96938
86959
98323
3260
18179
5155
30202
96898
7561
87221
23808
30552
69260
13309
61918
85193
67719
51925
79027
87856
18932
81932
11500
77671
73974
5295
4658
6489
62569
36671
87264
18682
83307
92529
8294
91789
64836
77436
29399
21934
30462
58585
15905
81548
84860
89496
16324
40788
752
44632
17110
10182
27012
80149
13939
60587
43685
78180
98
34093
79145
40277
34049
61969
50531
30919
79794
52041
82673
32027
23083
48612
89078
81113
17832
50944
65879
89890
25121
12274
67601
67526
66687
69665
91890
50886
79846
99820
1784
83376
36099
89089
7110
96225
98250
73549
94870
89216
11246
5650
70259
47910
17860
91223
35998
5694
19596
40201
42448
29082
96976
36300
77536
1338
21176
63812
83709
42838
90416
67289
72390
39145
89999
76255
77176
73623
40810
67550
69505
61287
51510
8749
48271
56884
27582
27597
62347
69746
81684
23165
722
47107
12342
25652
24443
43373
56207
8119
99656
50276
47143
2152
73936
99858
63407
8818
69179
14238
29880
36993
30228
24566
36438
66699
40046
36912
13517
75213
62273
82207
74041
10833
72424
74070
87973
89868
65656
11717
10453
83208
37200
53972
3253
628
22358
67318
92439
17307
71915
8310
90717
62470
82214
72575
33414
98748
74598
31153
76407
35027
80886
27875
88752
80238
7930
41151
1568
84566
45501
74472
11558
89514
27547
17400
47191
20540
8528
27396
7262
62043
62884
50857
33360
65951
65
899
15584
4267
16558
72799
99760
89579
68445
31592
21706
47272
15931
55337
14807
83573
29031
14339
99874
84943
94531
80657
52022
21301
7344
63774
29034
83605
8296
51669
40325
76698
15795
28532
6422
21828
78647
684
5337
3444
85060
58849
51643
40069
27600
49320
25924
96290
41290
37698
79627
30466
98882
61827
94490
32414
73747
83081
68057
84197
70154
63406
47273
60626
15268
32223
25372
42327
75738
16586
58089
74863
76832
15276
45083
63436
77739
22213
85089
2271
26119
78472
45044
33261
4611
24182
23678
44479
35548
74180
76293
5135
26341
41556
12267
79242
70497
12156
76825
56799
88252
88445
41515
27206
47631
23929
45917
13618
73642
48385
31971
61024
95693
86819
18740
46805
53604
35009
27178
33515
7400
79290
86410
37031
86919
93728
52982
86363
51200
56127
23390
69451
30061
85682
69742
915
90649
86225
40553
22306
84011
92331
72486
11609
5420
59947
24468
24821
37787
13202
14686
33911
34185
88427
34869
108
30947
13077
91588
57572
41102
77298
320
24980
35491
79580
60732
90286
91614
74418
99944
94773
2338
94573
34946
75568
18620
35876
33989
47595
9723
12749
57037
89437
16960
34007
98386
18083
91412
36469
16647
70752
89661
23434
77818
8082
37638
80564
26202
38535
37382
43015
26891
39957
44710
25657
3107
43016
42046
49730
95650
30234
92671
67345
30782
43902
44046
29513
14174
15638
44309
82234
35730
13877
71584
76219
54481
62152
54510
52760
5945
70010
22594
7364
24936
80110
51979
96210
63583
10590
95001
24718
35681
68378
18520
6754
58549
7713
26947
32018
1981
18539
86291
48540
60197
94539
44924
22859
7689
38345
66115
56199
59169
95438
70474
26643
86896
63455
8988
96152
71913
16
84359
76748
6988
47018
11949
79183
85703
59660
47264
42208
66252
3049
46234
17596
36722
66964
20351
86460
88537
97807
92611
3453
31415
75994
82279
84732
35626
80790
66522
4293
54997
32525
75081
20502
73842
18818
68754
12728
9863
18901
72111
71847
90217
31385
19075
98303
23300
45364
28014
50418
61003
38633
84804
95738
20120
63448
10298
84996
75142
64434
61158
20256
30327
99191
67319
59390
14735
86036
99471
42191
25085
19154
41067
97454
65739
43116
38639
28712
58461
32470
12414
44391
54541
49925
68616
95448
37883
44520
37689
6637
13764
73542
92844
92109
24320
39431
5303
19738
97548
27137
51128
64743
12549
17225
49486
44743
73403
52794
74804
53602
54670
30910
94533
60346
62727
1015
68923
94255
54702
47913
89627
59989
64473
70172
37695
26218
38925
90875
59796
68304
47900
85087
760
1606
850
92548
95400
67926
57746
12870
56144
80049
31254
69289
28451
68829
40302
97743
31834
28379
23723
99295
49125
83978
73308
93043
16649
54778
24527
75589
64294
49818
27878
8206
90913
88548
77365
84199
87797
87457
66827
99359
78004
22569
27045
48338
60808
68349
2113
36577
61775
58113
77191
13242
80038
53743
63510
95811
45565
93650
14449
42596
8061
66546
5096
19260
92755
26645
18065
77309
90728
22083
47872
61521
59270
23788
18511
4613
42215
6680
79316
25973
196
749
2584
30343
68785
13247
92405
5020
79335
35731
33260
51984
81146
49378
15040
72686
68032
46906
41219
44136
73881
29088
78218
31318
70151
66636
16652
32172
37666
98240
9877
1075
83603
55076
28101
77201
80558
95129
80880
33348
83113
34978
16214
52081
92836
92877
30707
77328
2155
21187
84849
90619
90718
42809
65996
30020
68613
45622
84950
24663
2955
76247
45150
78508
43370
67565
65658
29595
93569
93003
9953
15054
21067
76074
85247
61864
72197
41620
3840
48266
65599
88627
5223
83448
56105
97592
75045
45329
78821
94113
94
92292
62892
94913
40586
76503
52128
58118
9841
4294
72981
44522
58149
76977
22562
33977
40751
84369
44129
74908
39955
10169
57783
36527
91495
6717
89640
24854
91080
26139
79057
42631
3442
1405
11323
12386
41802
76828
16298
17768
74516
82252
30873
66265
86757
43912
13053
74840
78650
29409
61199
52924
74216
29743
85074
98265
90284
95941
17744
64389
46312
94348
20804
42562
45974
61509
68595
96384
90889
90929
87366
44181
16385
90453
69017
55314
27438
6938
6659
29902
46315
18840
38466
73344
72146
91823
65868
21091
72491
73091
69721
57233
81677
91320
54827
63807
24743
22784
6712
75813
2763
61055
90751
5577
48990
76569
55864
20115
55436
42257
90296
2221
38912
80371
59547
76991
18866
10386
2712
79087
79140
66244
87903
44150
7498
70342
11714
2559
7941
55326
34997
71501
80248
67214
32711
61159
68381
34042
34305
33422
8554
5289
128
86318
99564
85947
44362
69467
33789
82920
48416
93524
8011
47382
29579
9426
26066
83228
39448
58382
14674
87109
81247
89397
46048
13915
28353
19547
58803
30287
7606
58901
80936
32478
12054
70951
1503
7851
55951
91326
59446
86773
52779
44871
83664
1994
60657
21852
56540
34107
58920
24783
55918
81035
7501
30838
80317
28893
66042
35145
3569
96722
37868
35299
50469
4330
72665
67587
97184
23920
18710
63030
20464
21714
40598
66169
40828
83856
25856
75206
50365
74025
97188
49874
10921
90694
64916
96144
20212
84317
61715
5994
42096
98545
36337
95751
74501
35335
85643
56255
45433
84448
70923
11769
5664
66462
91659
56819
35867
28151
45284
61062
3336
30443
39872
81850
19906
44275
84078
39537
22963
31631
7805
82406
6857
44811
23
23937
90500
51794
74321
89259
31711
48277
78815
27475
58762
84809
58870
63825
43810
2691
87464
83051
37682
2900
39678
54811
10519
24658
76700
58325
1652
8021
40716
1506
62712
73349
41338
42501
97253
16035
98050
62182
61352
7295
70975
36235
99218
4854
83338
9571
64865
2997
68904
50073
61409
7406
18477
45998
74742
88417
32006
84540
12997
70604
10541
48027
21005
54398
28770
98095
33226
15881
45787
70085
51791
24670
19761
25118
70510
92971
3804
46436
54817
79639
57166
77521
32209
20759
98917
63910
97410
15902
33040
36927
23899
60720
15498
18814
65912
32444
75854
38381
47009
24840
64424
40646
15991
52793
64814
84957
32572
30567
25061
99610
29063
34884
75053
34774
54395
88931
63297
81403
1987
2256
60738
86785
56896
77213
82081
95189
94300
10621
51616
36171
25335
65561
49275
68663
59338
56166
59005
66946
37086
25819
18763
70959
19927
70465
11493
30800
33904
72347
54265
10266
70700
49435
24368
44412
11349
44953
6089
38705
50200
59163
51203
19170
58791
33215
31389
46740
32614
55753
19799
50007
99420
93999
88494
34328
44746
21838
17803
14604
46140
23680
56302
39149
93355
69225
99507
50562
62711
61701
7829
83211
49529
10132
930
53723
90951
23998
36308
79801
72216
99679
54713
90752
19605
94132
20408
83638
42002
3838
17006
94489
27174
25886
95593
81786
58475
57835
95854
69911
35608
54929
82877
67677
17780
24393
76867
73008
65315
18125
22515
48424
97350
49145
86926
20849
72608
98685
67909
73880
48075
17059
10044
36980
9451
797
99383
59104
65892
18877
54835
88668
58112
60952
91210
34113
22041
71577
49572
37147
71279
10403
65324
66821
24661
76344
26604
31150
34319
86810
62967
65201
82269
12514
24992
27500
88213
69275
75201
64342
84129
6285
28182
52237
22274
17233
33873
59973
34040
78048
14586
92343
51559
22755
48914
1158
23682
53473
44860
89984
96047
1013
88448
54166
73180
17124
89805
33534
95082
41831
14734
25286
74941
46787
21433
24253
5967
87293
79406
64992
43797
17796
73207
17309
57483
89253
8188
75475
13839
6714
86305
77326
95506
62827
85421
26157
92125
15938
65172
30185
60522
64234
64654
41196
15329
31994
38303
47957
55481
40460
49719
3403
5611
68067
64306
23097
28341
18785
7727
71079
77339
96206
61039
56934
54205
61839
73048
80539
81611
91584
2
49538
68432
26011
74228
76402
45928
95161
37375
25670
77478
27883
27662
13333
91779
80074
67931
85870
32493
30289
58536
170
11116
52038
79009
86822
17735
11776
15466
77665
19001
51250
61660
93861
94775
7499
9849
32619
9679
144
34616
77831
95067
33064
65239
41594
10705
89128
13738
269
29914
22889
48535
56742
39355
23336
85977
15439
66499
80863
14167
7521
88790
52842
81234
24610
32568
72996
42413
15376
74749
13074
33922
93709
21073
92170
55408
11637
36231
27972
24695
29904
34243
73235
74101
69944
9681
28306
42411
47245
19630
13007
6982
58202
44469
78273
72221
5677
26058
90985
41356
59504
47246
13784
59682
95533
30904
94597
45375
4593
91387
81866
71485
4974
2354
65701
92088
85262
46263
99986
4923
66979
41595
12994
83805
62471
18098
71291
11422
66399
10504
34860
63606
42098
3066
76669
47916
39729
10585
19045
78056
2361
80297
87108
62535
1445
67126
72335
91074
75880
39266
33154
52361
7477
40932
23363
56649
30330
43931
33920
10149
77231
25144
94834
21364
7423
13031
3556
76839
4744
89666
70445
35706
92445
38829
90169
47243
20508
72498
68947
60608
52492
25987
67436
2807
16579
27784
80708
91024
28874
76840
16135
26806
17627
54501
24435
84358
56058
1210
747
45033
45642
84067
38023
79065
68835
90720
85880
29975
13230
57519
88792
55681
66491
33328
31298
37093
62719
17133
43547
78884
61603
92154
82742
67976
12692
11203
97389
9732
61187
37586
74563
6409
34559
24270
22045
41230
4190
13402
23895
88490
26315
64064
87246
95840
92002
47896
5409
9152
28393
24316
16551
78856
13282
37342
60577
18914
58934
78369
11639
3397
88222
67710
61275
66887
45822
25579
92849
86672
8613
69167
71737
19339
54816
70204
57629
25761
62728
63457
91818
29840
30972
22854
7107
16107
54802
24649
25188
12563
64757
88382
24309
43324
27317
43383
37585
78556
89209
82151
73110
32715
98337
27933
54709
96656
39618
13129
91398
83741
85957
30983
77356
97767
7820
38425
16891
81568
35647
3144
52981
18491
78711
52111
23513
73746
10462
65013
67966
19891
3712
7479
98856
82943
22334
67990
67119
39382
74677
29769
19940
8392
23355
14150
16356
49784
56337
44406
91972
52366
53617
7320
95463
72779
72904
66991
36541
41381
70883
92863
16267
92482
3501
51399
78707
88610
19359
26127
13201
93348
74531
8900
91121
16338
96411
40282
62228
2540
58970
82416
15704
36079
22623
11367
23712
13588
53682
10131
70865
93198
28940
7067
13810
6413
89176
36180
61121
35709
10437
49167
92148
80461
13139
46963
94526
50176
89777
45188
49277
20958
26727
94636
99047
88138
85798
94237
88974
37997
95943
63872
56857
66172
60223
38664
72050
51227
40341
89487
97616
75078
70784
21854
32966
56927
37203
32742
87786
75146
30738
20788
12502
55102
75116
27015
26828
28955
40428
82545
81259
68063
1238
95820
12366
26682
57736
33474
83484
19028
4951
15698
12557
58686
65587
55970
99066
20214
30907
38087
86539
10022
80186
15337
63757
25650
62645
50298
34011
5974
9195
91178
95877
35449
57514
16341
75392
83199
84638
54430
32147
33739
34564
73868
10987
91624
70060
57271
71635
69051
9094
86404
91895
56611
76127
63735
69572
65935
45308
71689
80232
61348
94052
16412
75244
65135
58455
30119
86060
87843
35228
78720
97347
55268
35456
98637
53689
24231
36889
75664
31239
27935
94970
77029
87610
41579
6718
18905
48945
92890
22978
91203
41709
79156
24611
24024
20606
7683
27110
14148
18430
2800
43106
42864
33291
77107
92067
24741
10126
23811
18528
3861
84998
22986
69338
52862
28952
30671
74679
75168
92743
12173
97984
63480
92775
96494
16758
61489
93087
61484
64646
75834
43243
30866
55879
23900
81814
95326
63614
6232
26132
85809
9424
23875
61926
58500
30194
52680
98184
60851
54267
40283
73791
32594
52033
89932
63560
49334
29583
22138
44621
41495
95901
47828
88465
28611
58232
76686
16693
18496
83098
51922
63860
26251
93791
93958
93471
91574
85581
10480
5752
54233
28818
74294
17224
76820
77120
21732
35843
65476
12587
80032
86892
45901
28368
63262
28499
30224
39349
97484
58094
59563
36756
39869
34184
76320
60882
49587
5673
83108
28815
82277
90537
72251
46790
65314
91339
54554
99457
15016
2531
40113
19151
66455
74171
1060
47189
84736
74910
10127
17502
13945
45400
88129
84024
47545
74593
44209
75145
94936
79378
7442
87866
34290
1577
84709
73245
35492
6054
93957
41849
30539
80360
5906
66597
41973
14256
56338
30933
56721
46241
56579
96244
49495
31656
40798
81790
97827
26060
61009
42706
69943
88457
86152
48004
73768
35169
74530
23161
40228
41784
89771
39167
49310
93336
1913
29297
1657
61963
59565
72781
8836
89961
27592
34260
98896
86385
29320
44429
50167
26976
76028
65060
35216
54351
72279
69781
55265
72523
45450
86409
58697
94899
45253
92677
69413
94002
43248
54903
44169
25993
56053
59791
76050
51682
9330
29180
7075
14427
180
31770
37725
33109
2689
25254
43026
94694
65761
15802
72806
14645
37548
61978
73166
27058
79332
85822
59490
15098
36529
73541
99943
15298
4094
9672
73512
72394
88764
11078
88432
68886
93818
70266
54400
81701
69293
68711
71958
25634
68664
51166
26519
27425
84621
11300
36948
57784
24700
23799
72881
73051
24810
4180
55576
30696
55887
70755
43715
98031
56070
71339
10161
11184
60755
50209
79773
60477
81294
99347
68946
39134
38770
56978
99883
47814
14386
92487
70960
69531
78454
38502
91664
43136
63101
60798
438
6843
75986
55641
11822
15559
1976
17129
79319
69715
83705
49770
77227
8335
66361
56307
65495
5001
17113
42744
78809
31172
39661
95926
43443
31297
98260
87716
92584
8050
92114
5908
8677
55159
33580
73241
14898
82038
61284
61830
81714
35154
89803
65603
33395
20309
3033
23547
79756
49200
86346
5455
28080
71153
31742
47727
72303
15844
96344
84913
90301
45089
92011
77483
52279
7324
886
21983
62692
16809
46160
29860
55849
97016
99704
61321
93387
80379
90318
3692
17795
91754
6259
7720
55117
17322
52028
26579
4686
39733
68825
8165
99125
32534
69849
99017
19374
89300
212
4209
35139
84014
69443
89693
20597
21951
25067
4991
49935
31728
40258
45215
11823
5450
92742
30182
75144
32309
23593
25593
56617
71095
20541
30068
48614
15396
40601
67399
77044
57083
73097
917
20054
98447
45165
7632
68206
16348
37467
36967
89540
81351
26217
37126
32645
59442
56044
88976
2794
84684
75912
42553
60505
20981
19949
76493
81908
92633
69268
97536
25115
14555
11079
97845
54884
27242
30820
19194
27130
68479
20619
38594
48739
16149
33500
16087
88533
65294
70079
58460
8852
63604
54534
24922
60897
85537
77209
3873
12153
57689
44446
77758
72947
84287
24563
23335
85765
9150
78107
2064
20507
24689
42315
70905
16614
75692
61813
94151
94082
82141
61279
75306
34776
22536
49463
5506
48085
42968
70806
59831
56689
54518
19505
19208
84243
51134
38971
18433
5002
69037
29516
5980
33014
56663
22603
84565
63396
47017
91465
83699
77027
18824
38397
10663
8179
98971
76243
82373
33706
79687
48930
38636
71927
35749
83579
57903
54559
49905
36659
17016
13723
82436
66766
84438
97732
22396
57513
14560
78604
59951
14823
46362
3465
6611
64976
58685
5737
19950
38095
53388
64092
28024
90560
12682
23202
39322
53801
93257
54848
97580
49722
33720
15338
41743
53379
16112
93901
49351
96703
50012
32941
78039
38138
60849
56240
17898
83327
59137
62867
81631
31648
231
65560
58349
65004
80836
2994
30336
47146
61374
37936
23571
15089
95523
15274
31652
55139
96471
28003
42209
91328
86833
96105
83333
31407
76553
64462
78474
64267
17682
6766
15222
42887
26511
58690
61824
88010
60150
54753
44573
13924
65611
12245
97831
77917
24454
99360
69538
27030
7055
22201
25084
5188
96093
2552
3689
14949
42197
9483
82231
32076
49415
97004
89735
29814
77755
26553
64887
15660
89231
4364
62573
54214
34870
53428
39290
99053
21117
29199
96101
29054
92026
35137
2674
52652
2378
72056
75947
46602
74130
36481
33664
24377
53779
35612
89683
71911
44232
33888
37233
51964
34605
99601
80396
67305
11120
96391
264
49087
21066
53181
81689
6242
10667
45833
28619
81783
95195
70741
13062
34721
55360
13274
97859
61538
33137
96921
83443
79513
28826
47269
28055
2869
9547
44847
77242
25843
41832
58504
24052
84080
80257
42131
68514
69653
22980
25291
60612
30704
4365
91324
27993
16395
21496
44009
35366
90295
38484
89491
56106
44224
81277
62241
45191
46952
40722
48341
45874
84579
78755
72298
18068
79818
63781
34744
43450
13083
81058
98877
62055
24456
32158
50450
48903
10068
47644
37973
93795
27079
12217
31380
91866
35774
1733
45606
54707
27076
67717
35782
67988
56872
27313
73950
6663
67707
64920
3544
10870
91139
16532
1923
87646
14417
99427
14438
52596
75318
71668
63769
89622
18612
73894
92285
1350
91934
19637
30222
22128
17081
81592
80069
68997
88503
83619
63227
47104
15536
60986
99737
20860
95474
71196
86320
63424
30374
90381
82004
21027
93599
73765
30576
26843
88406
85686
76253
35252
67337
3629
99052
53923
536
13751
83995
84347
86544
94092
58562
39112
29784
32750
3072
69825
2703
94003
61601
51288
70974
29664
25703
94008
20409
76924
65569
86681
25191
182
60709
11497
24998
73509
91722
78183
14933
70195
56704
89210
8275
23271
2200
89230
79923
95598
90430
57802
45759
18827
18034
99220
84821
15463
78017
89925
54774
58719
80055
26860
81906
51907
89325
12735
2355
89302
48300
66413
60581
48918
91582
75247
64196
72846
76529
29863
2706
26287
98294
72002
91813
48837
74148
85923
62200
53403
15859
88868
30254
59764
25489
88087
76116
56007
28146
68623
79453
27778
56208
9649
9618
48814
70449
9655
78083
86650
32055
40602
61499
92333
91278
63732
46065
71539
19743
20492
90212
19133
39639
96180
56755
16850
97838
83401
11144
56598
92290
61441
97875
3388
47824
62800
50823
24193
2120
36417
44393
11400
11080
30992
82197
988
70305
98045
91958
60431
10443
30261
92767
34517
3111
5397
3705
51123
65571
89410
69725
18216
53576
22057
99577
35818
17434
84742
37859
55016
32432
88598
20801
94205
36248
41883
75396
82848
73275
78344
90348
5907
76315
81090
88139
11917
82290
3879
77641
73177
95309
20979
93122
60357
85899
23299
98233
49601
31213
99583
65798
19742
49625
94384
9744
51683
60860
97079
52190
27211
20138
55165
45239
18113
58516
48861
85397
25264
92127
53231
1802
96811
44054
85909
88318
91199
22111
17061
22774
57392
64180
31618
55255
84810
42584
9783
21465
23354
33861
25149
14231
12062
42370
90320
49359
5267
62327
61474
85013
47927
91110
75592
9236
97051
80751
56837
88050
77198
52665
30138
23474
12552
64566
22680
98677
7744
64915
93758
33571
41809
68614
52229
39553
41945
2525
56327
58317
13046
52707
6616
3878
81738
29865
92440
24118
66034
90414
31118
94349
70447
71980
68331
5984
72459
52126
97097
58946
78307
85869
46700
71836
80811
38509
6115
56367
31221
24407
75921
62591
83514
13462
60642
72041
58233
72503
78465
80663
1384
20495
57547
37508
76813
56254
37659
73226
67146
82355
94930
47572
41143
63088
86721
65355
52666
39380
56836
95205
66282
69284
42680
61068
6792
52936
98169
11466
21326
95138
32461
18652
32418
46400
26123
91909
72200
41740
60837
92594
89119
64714
7995
38063
7271
33393
24242
41371
1628
50437
90673
82409
97572
63105
61174
27379
48019
32091
34851
24478
93570
87501
2520
54969
31131
26810
91931
33711
877
37329
65940
69277
2424
42112
56475
44997
13669
66553
22092
33985
79821
88875
78018
40167
28268
82294
76891
69615
8397
49469
95995
63994
25240
63055
57008
66926
86812
36283
95876
49266
93938
3015
28516
90594
34653
36031
22169
18587
808
95086
89985
35582
12309
38659
19866
91596
23624
56847
542
17652
51816
53232
70530
43071
87819
92129
30122
53257
86312
91822
60760
54991
10858
10389
54654
16077
4921
11838
56861
27000
5083
39132
85646
88755
9350
53960
23852
78631
84314
19320
26061
96626
40423
64317
21144
54494
74966
12730
46932
18522
37406
70939
14157
65145
23015
4517
52958
41570
52716
82567
77878
60792
579
96213
5258
60214
66325
94940
4486
53644
2681
26825
67834
60180
40023
43560
44706
17358
29203
12939
62401
39749
46646
62878
58144
92108
8044
114
87076
38596
6351
50318
70538
88814
13896
53052
21976
44428
78227
26436
94644
14119
74715
97309
13403
64237
64233
55938
76790
71672
53440
50184
22930
77487
86056
22605
31650
56181
75799
19360
82198
12562
67580
66204
58219
5153
3411
40001
57096
23906
87040
42720
59020
34238
65501
62380
81496
66339
26759
89722
8359
88674
94815
77438
57172
57603
1726
98806
55978
34922
97547
51194
95513
7255
37497
59574
6471
94754
66990
60864
44321
54043
41215
74595
16643
14655
4987
76043
6431
70895
22725
16935
27128
32046
59552
38550
89754
39426
18157
48150
44192
13678
73911
77255
70145
93492
69852
69454
83892
33504
86253
53841
86966
49448
595
26219
90910
18292
22948
87144
72536
76625
23845
41710
90001
12353
20007
53768
46467
54986
61556
80605
10130
8390
36422
27554
39701
35973
76246
54666
49945
5670
74046
94259
11707
27416
86470
12279
20188
36025
93080
46423
79405
22945
9909
86197
23333
43632
51778
24944
26904
69636
88243
55212
42295
35853
69370
64369
82900
98939
7670
63294
32273
42545
64467
64917
16921
70329
1941
72938
20962
3264
58254
42742
41583
32435
50301
63646
64197
91439
82691
65610
65184
2121
54580
51053
82820
49197
74518
49224
88966
50950
38807
11504
31557
50121
59253
42468
91405
93929
44350
77122
14242
58332
1616
24467
5814
41881
85548
7005
7079
86665
18672
16815
68243
85466
75030
26184
12369
59690
50556
34656
36955
41451
89131
28318
88782
69933
29050
60874
74828
68788
77133
93455
70105
12701
83054
43489
16335
39444
82851
38927
41911
71389
74699
31680
95163
6075
11343
3852
37062
42232
1902
34085
58629
42492
19034
8353
45381
77406
11511
49293
86105
12818
36389
39619
17729
38864
37195
25795
6782
83436
69195
54184
97370
93391
60412
26521
22133
78114
23832
29824
40520
51247
84919
3982
24111
60610
49943
785
99867
71395
92164
42521
23735
3989
27900
13555
65854
88945
1683
90107
63905
17959
52984
74662
51246
49089
67027
66511
14399
53170
1659
87939
12737
37419
61812
38607
48005
34765
77874
50218
40792
65958
54185
55930
88251
80905
40754
88114
45558
11375
85898
82979
52468
36850
30195
78714
2456
66530
37018
41424
67588
20516
47279
98578
36423
70405
63778
75263
37099
12459
68076
27823
3885
25532
15874
88183
47937
40482
63192
36985
98413
36828
35077
4371
29834
66322
33512
21563
40867
57116
73755
47375
14935
9700
35329
57842
91100
61638
75958
77837
71835
49390
46395
50217
66864
50461
80559
17402
10831
77510
66652
89000
88418
31453
50447
34654
47126
44516
94042
8997
61720
89180
86932
84263
30533
66930
64116
12551
48885
88297
63223
90692
97893
83124
21129
40436
77033
50868
1613
82031
46513
25934
63164
33530
21676
9303
62244
53767
48750
17622
86338
38135
25686
17791
6397
5154
34943
17843
77860
29017
93894
88879
31930
43331
77669
14565
95192
58186
99389
72960
2480
96426
15312
83563
2986
4276
88095
88512
70181
52805
19077
26912
53843
28481
46720
4414
28006
92591
1399
25060
75401
14155
55953
66405
43693
18272
70071
50525
46033
55808
42384
6692
53792
49195
88630
47501
72828
33508
20914
34389
62882
31068
8932
29380
93500
13759
52898
13675
22070
31185
14241
41396
31
15710
95032
41943
76465
63927
45077
46567
25998
78204
20142
93777
51229
60168
71370
38700
63413
83599
1914
66735
72261
88196
12304
96302
64223
54312
39666
53011
30894
28350
82735
54747
88599
30199
98375
21865
49826
497
65513
53588
24860
8712
26688
3778
94817
98096
49764
6517
42293
6932
10933
41997
62025
44383
92679
58200
7398
70925
95231
89277
31788
43843
38430
76890
44097
94134
93904
6543
79179
22496
64176
33058
75031
33415
83902
51340
49716
53226
73566
28621
72487
64928
22049
42042
74000
86184
26122
37680
64521
65212
17312
3608
13506
93378
88043
24185
62777
38915
84894
56177
61357
90149
41076
88786
32354
68790
39433
26809
51251
54525
79696
63532
66866
33259
64001
54164
82674
33710
40037
4890
90174
48312
51259
46727
14159
76734
30273
47156
31915
85725
49422
50889
84015
36130
17154
62693
65166
19100
4363
13570
76176
47751
77404
61119
98904
15136
96937
59911
69667
63743
61072
16248
88016
51210
28372
38855
51177
52837
26644
66085
84457
67902
85578
67283
67034
5157
5541
55923
62667
94874
38510
25201
30480
58742
53158
94222
39401
1166
56534
2601
92032
54196
45421
54456
89966
82128
52195
92988
90643
80065
13099
55414
37238
29160
5059
892
43447
417
9205
7859
97713
13299
73628
25653
77697
35933
54140
5949
90319
38572
66989
80176
92458
46627
30426
63144
99811
55529
48889
79279
841
557
38098
15822
13305
67751
29831
80683
88648
27609
72711
19407
61191
22426
8484
16760
20595
39527
5207
60226
66684
14591
23917
80923
32464
22482
20432
31629
49115
15334
72722
79159
78990
80459
93106
59746
14034
69480
15046
34572
39669
7502
82708
55597
96994
7514
30711
55134
15771
4282
33487
2033
77936
92250
87575
16246
39515
54704
75249
85698
74740
17712
17422
58281
45905
15220
42648
73135
39482
9823
99270
28007
31138
18852
46506
6926
98792
53575
59527
39909
60333
20435
57217
48942
44732
92655
4676
99000
41736
45210
20972
67600
16054
24367
26351
74751
1929
74736
45934
44979
48560
7698
71251
54493
78325
44078
64284
64054
81398
29521
68585
76381
80237
72248
31073
38167
63883
26548
91510
50698
55411
16173
36317
62820
90487
34083
93534
80033
85639
57921
9502
64502
99472
64089
86841
73252
10637
14301
34858
42701
50781
97386
14041
82311
76406
40456
2459
34115
50445
44439
60506
90435
56709
44922
76303
71278
36891
37017
23871
36305
92477
6970
55356
3987
18711
79819
31315
93322
4328
51755
72420
94271
96280
19329
80608
31313
59767
78940
93098
58031
97244
31762
71067
80435
13841
26429
93602
47746
13122
25451
11019
96188
63847
31737
84883
82680
3918
63977
13671
82626
44810
31551
61179
39964
52651
76711
34779
22546
77829
28713
71253
98408
84328
34595
28656
4547
54885
69551
10449
10935
77921
61429
20097
59038
19255
17433
72728
1179
50380
83551
98858
50898
1162
42186
40664
64292
33127
97000
82089
29888
16290
88187
82116
76342
20357
15895
83993
16247
34694
89383
4295
68051
1656
35101
35017
28506
98275
97986
24859
49015
76592
43200
48983
41788
55737
12710
40700
95183
12346
15505
58847
16119
28359
38485
44711
16691
33128
99667
7544
59838
51076
36122
66923
95473
88697
23307
16299
20734
40015
15835
35598
91784
61582
81380
33361
90166
68568
34770
22137
42788
84862
83386
13782
33075
30435
6989
75071
89765
35297
40506
33760
95343
7452
54485
227
8644
90193
75254
99325
99797
30511
85678
42511
64914
63637
17198
89723
68463
19102
37527
55799
81916
10315
66376
32734
51540
96008
54161
59816
99122
17658
71869
62689
80913
97930
47640
18339
40630
91578
63685
25845
63878
75419
26418
15589
97294
27581
44183
20614
15833
97811
56069
8871
78399
10512
72570
9336
10587
34431
3306
22612
23668
24300
57266
40164
13175
30849
61605
95018
82904
71931
20107
22192
55315
81038
32731
99399
41382
56067
1237
51352
74015
31344
83292
40780
73462
36018
66184
27125
85165
13797
85807
90334
99565
36532
80512
17498
13086
96445
98440
32251
34486
83842
3589
99380
25736
99907
75265
79015
67764
2577
393
44099
58824
35289
51604
12669
86751
83014
68061
56612
56211
12485
41190
12832
65763
2110
49590
36051
15879
78961
19292
28805
15041
97737
14042
8909
39665
61863
96786
20394
64958
50570
71840
92140
39774
2988
12336
29912
39903
27643
72256
62501
21311
64558
75993
86450
103
32787
39832
92231
19105
89733
98464
29726
89775
12019
49046
28302
12361
21897
14207
56431
4667
14309
68400
3203
15605
64110
59774
41693
16371
8078
71400
82126
79080
85590
39571
45463
63311
89891
53015
95633
56319
11554
85032
4656
51293
65319
88103
19951
7539
15857
96536
25766
64337
95081
70655
17529
94064
24108
74172
63067
16354
58707
58701
83201
76204
11299
3926
82532
67147
76087
52202
55543
26032
54496
69149
48909
93868
44030
96680
40241
62987
79071
1512
21316
48685
30478
39398
40106
73873
56691
58634
85203
80009
24970
71011
64640
78338
87348
13054
3824
28810
1484
51016
2295
81368
22884
65041
18015
62174
35566
40850
9619
62294
90844
18357
12330
28018
29601
88833
62988
49189
61565
10736
42802
45255
40080
89243
84970
38101
87631
91187
24623
31977
31049
85975
33924
51219
73043
41250
64123
43475
71819
19568
92455
89592
99594
14623
73664
25872
85507
46505
95836
8926
67832
94434
93235
67203
938
66289
68649
75014
15648
44630
12875
49139
48957
2427
34297
8731
44937
42471
98774
60343
39586
9173
5000
41598
45348
42056
39010
18639
53599
39849
81305
78895
14168
12940
74478
5895
77894
29155
17504
87278
68364
92678
41442
65694
77361
73754
51867
72137
77260
30227
87956
27844
70935
7769
84751
66431
20863
17437
56077
96017
6541
41248
77390
51792
84578
48435
90279
10345
19460
60532
93703
26086
38574
97589
75586
31958
47797
57698
1617
66236
97445
34021
79744
88896
52767
32639
32382
33105
73884
30396
7879
23013
35073
33947
1232
88235
93112
57262
39018
24898
58978
42905
9958
55557
96422
64070
90547
57662
2880
56678
85499
96714
35093
89684
22002
27575
1349
96432
89203
1459
39644
88159
15139
10881
97227
37927
70803
55025
60814
61683
68847
63697
30049
65921
92501
65823
84238
46968
27489
98106
3445
50428
25608
62831
71850
28644
2228
44724
63466
96910
15495
14344
72731
66611
25583
65058
77300
10308
12733
90407
77771
35593
974
62799
99963
47724
670
36036
8754
24274
61816
96169
59273
32813
76811
6008
99067
34453
16496
192
21637
54040
21919
18973
56216
93537
31983
25758
4366
11846
99878
70110
4896
99854
96455
68195
24755
56446
1738
28023
63680
38459
5835
89598
20291
22845
53534
21560
62436
60921
31973
82053
81401
68361
58986
55000
64559
50914
11228
1641
89246
6939
35617
60074
34519
39640
14481
82041
76598
45151
65939
42465
70711
5176
79705
51702
22031
30565
4904
63654
11499
30777
18246
50252
60016
1804
25809
66516
6445
73254
34276
31827
33997
66837
90567
31243
38055
74261
62748
52121
93825
88306
37524
57721
90024
41537
94610
95791
10848
85072
60045
53055
71683
54221
57529
40139
26135
87381
38254
69424
53153
62923
71444
22466
83398
26994
94976
71942
26441
98732
33489
38492
56157
67139
55301
25386
59747
35253
81578
36636
22932
95784
85748
32300
69493
37092
70991
52084
96367
84507
44768
27834
33917
18930
37671
13975
14180
26621
11244
81142
54870
74200
29447
11313
78703
78983
26692
11674
92630
32215
49498
93684
88720
28074
24545
27344
66987
54369
90831
16344
35428
1849
79912
36213
42918
98719
22027
3478
63001
23824
54306
79068
58131
94741
56414
15619
12377
61626
65276
72368
49632
39169
88048
60273
61574
39316
65435
84228
74144
85953
70561
87548
69735
90962
61218
9697
48214
90539
29854
56378
90786
27239
58749
27304
41106
56441
15170
10240
30143
1951
96461
61442
25972
68712
47523
3698
98894
81544
23613
31695
85512
49349
85859
20708
36995
53494
23104
6508
18417
45091
8136
88347
47895
40399
82718
77183
77654
95360
31937
86119
38748
69555
76038
93010
37732
49704
92827
85591
64581
32366
73688
45205
17761
12757
2153
88983
93698
58068
51670
70770
16231
67244
94200
70693
97836
50994
45842
15352
19917
87688
81135
89266
64812
54782
424
96857
77223
42922
66493
17215
97124
29867
13059
62593
61257
12370
95239
50573
15593
75763
10824
40764
49980
97898
31017
91095
13991
42456
89219
96983
81755
34536
30573
34449
31674
57002
84661
75107
65101
11450
37473
53221
11834
58818
17013
39399
15429
85707
80862
41635
32196
65933
99018
42034
50141
73162
53914
99083
32548
23138
25338
49004
91090
78767
96865
556
81518
41819
29523
28927
14323
99934
60142
89763
34646
44817
17283
22262
45848
53211
89865
69468
53454
64731
28676
51835
376
29492
1773
11861
41780
56054
65717
76463
77419
91429
88228
63470
73365
4545
89856
62355
32431
28615
13100
78588
78891
80666
71287
86920
40098
10122
4065
10201
52408
90218
98422
17182
8627
57650
65652
86489
66143
64734
88001
90285
74095
77712
81700
31556
57497
99106
54964
93552
45137
19138
88982
77805
14517
95911
13605
11572
28527
52412
20222
13371
58023
58272
15568
76558
90230
36721
52134
79745
43719
55489
70341
42683
57809
26622
28384
4569
94172
82481
9461
15203
43542
91267
84461
97535
57242
97932
74601
18234
62654
28213
7060
43624
2132
32332
97766
53721
21361
14965
94783
64563
70945
38358
68311
90701
83676
88353
23500
2851
41526
56488
64818
58588
83920
96024
75928
85734
13735
21469
54708
4848
78513
41435
63385
76823
35837
65054
27083
25603
3901
80962
67453
20642
32721
31644
45785
22698
33952
64411
22003
35264
59487
64127
68004
51592
53469
65382
47131
84991
38243
33094
14687
52214
31962
78144
55034
47894
47471
15353
47845
12166
30337
55245
37262
50352
49456
89445
44554
348
59757
19612
21530
97706
13308
68662
31272
82134
47116
50891
71280
35175
74192
6971
33939
4091
61532
29434
88231
82378
75350
40541
63146
33073
50243
8770
65956
3179
29324
44382
14720
34298
3014
97052
5066
53330
55975
84969
18835
58826
63541
94471
57761
5401
73247
88172
75740
10489
88969
29846
70825
5610
18759
42111
62557
39473
24716
91479
61774
3068
77935
66022
25009
55049
75085
7685
3205
35871
75877
30445
39029
10020
97887
21656
34837
90078
28237
3447
42206
31869
95395
27032
13508
10928
72987
45053
97105
24017
15160
56664
22786
52688
68830
43759
82641
89729
80711
83739
37642
10690
90179
74027
600
96960
13831
38562
1874
95426
74693
29950
84767
80350
13400
7232
31861
11179
82434
23171
72641
71779
50930
8514
45682
9593
40304
27420
31417
99899
49633
60530
38187
40355
44025
26895
14203
14927
58692
32205
56765
19176
69761
92173
32134
51453
47978
30721
11954
12034
78019
3043
13752
85169
65133
11754
44392
73797
93509
56459
77607
2108
33293
11903
9677
51159
29057
50357
3967
25863
97628
82390
13003
44165
47014
86886
26554
95337
62216
29470
11610
33095
10258
79210
35474
91655
9833
20267
83803
10296
37596
60841
63307
42783
35413
44260
496
49153
96704
59977
10230
38128
95864
36917
44539
6574
79578
15490
29309
87882
90268
81165
41468
81789
47738
27714
75955
36440
21569
87268
25636
56366
7303
66612
36646
53697
77032
68603
66570
3794
65844
94646
5431
89946
62532
21379
15488
41251
80749
99971
34079
80355
65917
56808
45384
861
85915
25837
69252
61578
56770
7213
99134
49851
20862
35037
43990
13322
99196
66084
84555
50024
39165
31124
91041
67204
92181
74011
25182
48257
80884
39863
91373
80063
74202
78385
82319
42318
16086
15028
21770
57657
90982
81131
6334
36479
44044
23960
95725
21470
23592
33727
58496
22219
28790
63426
1234
48880
40244
59913
32511
10625
76376
36421
49261
53652
20707
53680
44246
14718
78998
82539
8015
13891
43801
10546
36954
24195
76183
61017
76910
13720
93961
86014
8590
17210
81374
9747
27533
59382
92627
30634
37646
7571
88770
11606
26654
73052
53943
81353
49372
7659
8751
24875
75758
97606
29336
89105
56151
70746
87100
47648
1993
99745
70045
65581
4771
74438
32975
72213
61165
48531
92461
35602
68910
29811
70250
52328
78206
60923
93572
19072
55626
50198
81040
91812
59351
63283
65471
44130
67434
24405
65697
41355
59558
72383
95959
49076
18805
72494
84035
34734
63338
96772
94825
66435
19783
91374
72049
69713
25416
99152
65505
1851
96977
39354
15324
28171
96658
28498
91756
95367
75340
4013
45832
63587
71989
2151
77145
79399
75029
30350
83525
50625
98448
7629
60028
91250
86330
33708
18146
71579
50278
8521
12281
13904
86384
21260
16393
7144
43946
29472
3625
90405
72344
79946
37903
25943
23186
81089
15239
37779
24871
80245
43312
44016
30157
36869
41676
70003
8512
55998
28142
98508
55541
45453
74098
18594
3406
10995
87929
94865
69988
15077
154
220
4272
85993
51002
82689
97530
58047
32311
33836
89767
60723
41194
57190
34092
14115
41455
23022
8771
21901
85857
56906
44958
23456
25249
77986
74752
24042
37769
95332
87742
97894
54677
55880
48436
11030
26469
50409
95632
82625
98116
81925
58408
75909
45647
4179
92267
73956
11815
77705
49233
16842
66000
18114
20352
55289
78754
80859
94514
42018
70435
55022
18989
99533
2769
13449
72588
52418
68423
13672
40121
1725
93450
29700
75596
3897
8249
49878
15186
13911
9647
11000
29692
19969
13974
37535
36475
59036
4030
39568
9657
10448
4739
20722
73895
19947
85775
54771
2756
39820
66863
38691
59470
76539
55652
29444
72416
58795
83626
56107
91695
32939
21531
2884
76313
57608
83203
53215
61049
34240
16714
10035
57906
88980
39943
68417
63829
23924
64894
97259
79202
9242
43717
50552
3870
40830
72466
92223
25194
65988
42376
82752
13328
94221
21143
80104
17763
33636
37370
60782
85219
45222
22506
214
6020
89835
14395
29237
83348
82009
43732
41301
23702
12829
34082
94839
89485
28501
99212
42137
98073
58576
26233
52830
88534
73307
25511
67938
96777
18382
41946
17222
78154
95767
88991
60276
47450
22758
64357
16336
57730
88174
3372
79115
24972
3269
10897
84471
49999
10456
35596
40770
27070
60320
53761
39492
63314
79346
28425
48741
72560
17297
99929
56642
20161
97397
97948
56965
89688
38211
92736
58704
58440
21832
7636
84966
78920
76062
55606
47899
13000
91271
72529
40949
89140
31920
65267
50629
44067
53511
30035
83863
25681
9561
96056
9575
1508
87734
92013
44967
14681
43513
22637
53229
56852
17432
67488
40679
69758
41652
25342
57626
82050
20590
45577
8984
88671
14575
82769
42388
98181
19708
47120
96392
42332
49735
64627
68216
68742
90329
13444
47326
93462
45519
8492
33562
22276
78769
27989
22763
52135
12407
68908
3484
3646
69283
6279
63540
50115
55039
44804
68694
382
20712
32270
97820
40549
53685
30595
95272
89921
54965
63403
11520
62476
19411
37277
28972
47280
78118
2731
12905
46205
41567
93776
72958
79333
80625
26732
74995
46485
84194
68579
70247
21107
75188
20946
28431
33204
45964
77258
74618
51921
91945
79345
2969
91433
69158
93970
77594
18616
53623
22307
4888
52228
52966
74878
93828
6918
97153
966
51775
97087
21532
85282
35024
35409
426
66614
44680
94335
56635
60806
34503
53451
50487
51522
18167
78481
88430
96975
11473
7463
4647
15362
86103
89959
12512
72627
96226
75357
98484
42944
81318
62194
65165
1220
13418
15161
88438
6780
61879
3319
90621
46023
62609
11068
34999
59128
36696
98064
13577
91876
75892
94265
13267
63988
7004
4478
71570
7772
30097
57468
27611
96041
6706
49050
66541
51489
51137
70478
82056
74436
19803
31211
83898
20306
71861
42454
13250
63918
56343
66167
27938
45444
64040
91282
49990
99120
47349
51718
88612
11137
76370
1316
50780
41856
50669
44641
81594
73872
63209
8898
28149
52754
96543
44872
15828
40746
4594
97022
5142
18465
74633
10860
17923
95826
88621
97428
21413
94507
86520
89107
64579
15974
67545
13990
56618
59714
39171
36755
90159
54573
25931
63175
60301
99894
60146
40208
54035
20915
38476
46068
86336
97099
7228
83886
55823
42768
79030
19538
52007
57814
77071
73834
88342
79754
87999
50230
40793
51512
86195
57753
32224
54142
17629
12011
62329
36343
21720
9417
62166
99705
91327
79778
41210
29992
72086
70417
59031
80364
7896
45570
17710
63777
73510
62335
57671
99285
61193
35943
78646
12133
22239
76554
8911
5811
25741
72506
67856
31845
17775
30098
63800
50363
77523
84491
1096
8255
36411
39556
98361
69489
67380
89402
30487
1681
65317
70210
79436
21455
172
67748
19800
71729
46637
2632
12270
20584
15548
71363
57030
80489
71897
94404
19449
80511
5537
73375
2301
91462
71043
8212
17169
56288
95933
60137
79082
5034
791
32920
8756
24252
98329
81930
24337
20715
1737
70820
99408
68808
42805
83256
18938
57902
54298
96517
2079
40358
55609
34904
45528
40339
49858
52646
89020
46212
36131
96308
16095
50041
11082
47989
27247
92930
98024
57850
25023
83210
67321
93862
84010
97008
52604
15793
3784
64121
71602
81392
76221
8655
60416
87443
2993
2792
34317
3948
64647
90314
99170
3218
1458
36219
39861
82343
89658
3475
16588
6249
64399
58804
46319
61085
6901
17856
59491
27571
52483
25350
52442
48955
52255
19314
88260
31730
68549
64282
5520
74611
44195
43141
45782
79259
55643
25879
22393
45537
26765
53058
12163
71468
40400
22367
9080
26376
97709
26390
47761
34257
36810
56003
7846
10054
73556
18434
5625
19408
88004
11041
80244
45060
56529
8277
20488
78426
44786
2049
48432
27655
92053
81768
30099
15470
15447
56186
79047
89713
99804
99371
63839
40585
93531
18642
79869
12391
71898
56116
935
30594
87898
22863
29873
94325
69297
95745
38255
85621
37267
92107
92688
50538
94908
64544
60697
64629
10061
54775
23642
36914
92707
96484
58218
51234
69128
57115
18029
12329
50371
65977
32879
90509
58445
74220
76199
29401
20895
33126
13530
92889
22248
88819
35430
61437
36474
16127
41344
43393
56581
24908
54429
37055
83123
95135
84737
77232
88607
85713
84113
33319
80487
73656
3971
57972
11251
8795
33969
96102
35275
37547
22112
35069
10316
81470
65712
33285
64382
26409
39893
80693
64457
24910
28630
74372
27252
71562
56887
17165
97620
81153
95334
25163
43
58412
2519
7690
41361
84130
21340
47278
85664
70729
99229
93506
22514
5983
54995
35419
66038
67987
48039
63359
34810
30951
80741
94372
94957
93704
64016
90357
73559
67046
62102
49147
59049
3549
58071
76604
35804
24245
84594
91015
42391
81559
12695
87994
8891
9063
66269
40767
77121
65110
73335
70590
23565
83706
11740
94898
92245
12698
37469
32183
46962
46163
85386
36944
61534
16676
24764
39070
32781
33640
93812
6736
6779
36762
73499
24769
86744
55766
53528
12257
48260
6152
80753
76301
86375
62072
6726
22295
99699
80507
17050
10268
86993
34567
81221
65619
20952
31901
52645
83570
18319
74296
51671
11045
45663
23121
69398
42260
10394
83320
58645
1852
42320
14073
21540
89586
61576
93788
6113
53574
85434
50219
91703
28477
29296
13101
96079
96784
99511
16907
42458
53425
39513
23787
63647
23427
85776
10739
79945
91682
90631
79714
11491
70437
39919
73418
95770
50249
21588
91211
22175
49492
82776
57620
40011
59306
72204
16031
56636
46664
62364
23730
81363
84233
86806
94174
34123
96399
60091
98466
85127
67560
27552
33999
1603
49781
25320
39133
58310
71303
52800
83544
1605
44197
36008
7631
51570
2471
18598
76254
21642
71622
11296
84574
74001
19685
9674
95470
14454
2936
55205
2696
54726
56281
89624
2007
41864
97406
68798
47493
61091
91312
27437
25816
68068
60972
75546
85780
58854
64727
96052
51579
80156
92389
76067
21054
50592
65217
60122
95578
109
80756
4061
48553
96819
75845
75050
29903
65488
29936
97677
23222
86861
99999
28084
99268
42696
84040
45328
82960
16877
41037
61369
93588
21381
45547
93632
34620
38656
62215
48585
55698
13232
90732
81047
14105
65337
36384
93149
6303
2506
51201
78276
45446
86831
17564
25533
9929
8694
27951
57292
89802
13769
63945
93778
40411
98004
96239
9510
59205
33765
67763
42807
32735
9642
79655
19233
42121
35296
9463
42853
10450
39807
4936
92098
15272
68738
57507
99668
80017
81369
22635
13745
16796
95919
27534
93688
54391
23105
45637
62588
90735
59009
57409
47992
34861
58654
50462
62586
68326
18777
60501
28507
2629
8427
35402
85739
62655
30758
46255
85529
46903
77224
35580
12588
66753
50059
72004
37637
69878
95560
30295
35995
20562
73390
90755
48855
89604
58932
64503
84335
51677
76764
25259
90196
32358
35956
84463
90418
58065
70869
59932
41414
99332
12082
57627
6753
97929
35660
42956
35079
56129
39337
7282
87322
79727
33336
52497
35006
33703
598
16379
95286
77649
1830
66076
97218
64358
88753
34275
94794
75846
21740
81304
78992
57178
24401
18712
15860
88392
57739
20802
6619
55816
25571
64922
18154
13559
92466
25384
78347
39912
30734
31058
18978
87451
82770
46419
36528
68677
78342
57038
40161
71144
34394
67205
35599
27218
38133
63118
64678
1860
31422
92238
99893
61266
84608
26977
64614
53662
66846
31681
39202
66797
74043
95542
49040
31581
93258
7787
17947
87111
13630
6071
35679
1022
32925
49373
99904
12086
14732
90488
82289
34934
77281
19340
17445
3318
53590
78687
27033
30761
43111
72024
69584
99539
16084
39695
81951
3210
58246
18025
47467
50040
41214
20729
94309
46692
85142
42359
97995
1397
8320
43471
30948
34063
76586
92385
62819
23180
11175
96758
55570
55253
37287
57171
38844
74979
30307
50058
16136
92304
77673
2832
82095
17142
82543
50290
89346
26684
67047
30014
29615
91071
80736
95891
46060
19890
27773
22678
50594
59132
98343
45801
61960
21718
39882
75910
10946
72879
40448
66024
76712
80370
18044
57423
29632
10432
53753
72515
25572
91969
21075
36043
56253
48602
12936
14746
62901
19953
62111
13783
56445
59876
73253
84183
73984
18057
13280
94481
53162
64961
70008
90707
1766
45612
84181
89699
72613
16629
20186
68719
23308
59399
91222
76323
82415
96415
19271
71580
54840
7688
19712
90931
1963
82617
68938
27472
73090
40016
58342
28373
96841
48421
83246
31510
45648
48815
13335
23590
51410
9156
87265
13178
13419
18259
14848
61959
18656
2262
3577
27454
24440
47457
84774
68448
5589
44116
98455
20919
32838
77097
65038
5257
9247
34989
60878
51517
20255
28406
62622
79193
59033
40207
17599
79488
22151
62702
56028
36709
83611
96829
90716
12949
2781
48040
81561
52244
29137
92976
96304
86843
22731
28502
12108
84332
61516
3479
14818
51627
19860
79716
69984
37424
40039
76527
32611
73719
25864
68493
18122
40730
96388
33125
1289
78491
47129
47135
34218
9402
22449
62715
32199
58711
32097
93382
29998
73528
49978
42340
86242
72802
17881
56747
78702
47769
85858
52439
41700
21444
83933
87010
7507
3984
32052
50074
64107
5682
56119
67479
70014
39649
12033
68104
1028
65952
46031
2668
29170
56258
25401
11091
10780
23217
11882
98272
79449
96117
77843
98523
15485
19849
70964
95719
33152
79616
37575
45792
20
3135
34651
24181
72211
68878
37242
15243
67519
43308
94414
73064
29390
3724
80150
36163
2530
30740
32126
69229
94144
27119
64043
34962
97396
78035
98526
78627
38149
70599
26818
85208
50945
39821
60441
98987
15566
26951
6241
33763
48071
28061
10422
66298
83912
76716
97640
80222
44771
18752
70681
76354
75420
9036
67416
97978
82857
92101
82487
19557
87826
44273
75984
86629
95765
39358
67652
83635
52741
80848
72923
91046
83004
47808
64592
27622
91697
53870
67064
482
72597
31805
13624
28538
61182
72212
60998
93992
43620
93940
36831
2112
19316
83850
70689
10641
45773
84269
32948
40678
21068
86994
40736
72646
66443
65496
96358
712
54101
27703
74774
2724
98744
40406
11666
78026
19856
6379
10148
66519
30785
3334
35659
86986
24838
80138
86260
34930
76979
36325
75339
78357
31244
30212
55442
18623
99918
8160
81659
41426
25288
18086
66680
51992
92950
64785
11877
18688
3763
76502
30474
48086
99458
35248
475
3701
7489
41454
57795
32630
39257
59451
20373
2976
18093
80618
98078
33407
64730
22578
60713
5801
95089
53671
59538
94176
26747
79277
64598
54203
1979
79282
46852
15688
58914
39613
58748
97007
47318
43770
37286
51371
38786
52394
72263
8216
84177
10895
3418
69801
89919
349
58226
81751
32506
27197
83363
46173
99435
44882
97307
37602
53131
36661
71325
31284
51350
18813
15717
60886
85010
15450
1368
13941
1388
42423
91483
95175
66528
74711
53086
98800
68982
36075
94582
49640
42573
1055
40120
57012
71232
54271
52904
67787
1366
22065
96596
20304
41410
56729
8826
8743
89832
36017
97757
13872
1068
58483
79684
9313
97922
42729
25353
91368
27545
39225
48345
15252
34643
20160
32763
88557
29942
29083
80010
12971
23923
17754
87495
64318
96452
18889
62920
64136
99353
78980
60228
58937
55627
17248
3400
77943
47060
19423
32717
33223
72706
56992
81943
64549
78570
43817
63117
58868
57830
25485
70997
2695
58158
70924
18031
94649
42472
64099
67357
79765
66994
63766
78629
67605
69337
77598
230
90819
3375
90478
5284
57686
96766
13414
11210
21734
864
50762
57327
3799
86957
25996
30553
9737
64852
31897
40944
23855
25935
83670
23842
42623
93965
76021
22996
38707
43457
68059
25937
22209
41662
20270
30311
24897
48751
89220
90826
63506
64466
54015
6457
34269
37127
14275
81924
28274
96316
71241
45575
67869
44471
2454
71317
74883
89233
87738
16252
16148
9136
55020
89074
17845
73705
31588
83618
24576
88199
9667
72566
78486
10377
66475
71532
92608
6679
68049
99207
69039
99916
85668
34992
87198
51928
35944
91516
90867
30472
31373
12511
75619
66124
96915
54354
34587
98660
8819
77161
70430
60177
59282
13776
30858
68495
46242
29397
79130
95890
51261
44031
66647
588
89648
37616
3108
95942
97310
45302
99988
40166
27718
31028
76450
75460
48429
25083
99550
8998
74697
83321
28687
29104
41333
5402
88805
60948
11286
6807
81884
2360
67892
26902
24453
80688
69532
98421
93768
29061
18418
46772
66564
43367
20230
29864
16238
29073
7145
9660
18808
94150
68139
63803
16963
86451
41328
75783
53626
88891
39835
8073
68974
98399
34382
39711
33397
30277
64947
27885
647
33359
33686
69086
93592
18131
43904
74488
32194
85227
63421
78957
69228
95391
38195
22234
11319
70617
44591
91491
42139
15036
99016
75277
48598
71514
99009
96060
71765
39054
57486
27101
52034
43321
51527
78336
12581
70443
69654
15556
61486
65349
12441
2327
84414
75453
97513
33103
41117
64859
59573
35785
21154
18922
24913
3317
56821
56273
8954
706
65335
64946
44151
5875
46063
12784
5033
26565
63461
70999
43544
32743
76872
47323
5847
85291
64913
70940
45017
82881
8305
78403
95054
33787
37218
311
42258
14947
39636
28880
82701
84162
61695
46214
94509
86814
37368
68545
43734
38504
20717
75360
36946
41439
43581
35397
95292
23612
96589
19681
85768
53380
90812
55468
18493
92156
20143
76617
46835
27642
63237
81629
18185
84308
11063
27359
4846
77124
17730
81499
7920
27680
38433
26771
26497
49052
95335
35900
52720
40509
50908
16979
11906
5545
95414
15216
30060
98869
63127
63107
47442
17023
21307
92993
75794
24352
63047
29271
85744
41165
96136
9202
57930
66363
91661
22463
21497
98902
85730
17387
78635
71239
77564
68248
91886
71520
96639
61833
60540
78136
22745
19309
73108
90975
94631
57021
96825
47741
27260
12031
32473
60838
44672
90023
56259
13359
13771
46537
17604
71772
58073
8416
57124
47000
73098
15233
36275
65309
4889
87003
99641
71275
95975
4150
70622
62143
97493
89665
15818
57791
70480
69253
6621
28515
44654
77357
92297
89846
58807
71830
3909
2073
66199
70132
81667
5798
57597
81484
4970
88288
94409
14112
42503
34375
67316
13742
91762
97971
49245
69656
33510
94722
14682
50910
24948
73348
71256
19042
96630
3825
91772
27402
10360
47161
13882
88053
732
1319
40182
71132
87351
67755
56560
50541
82602
49624
96769
35903
70205
78681
49212
80168
82611
79045
89198
90353
2603
60062
5707
24534
67773
93767
12798
83672
21204
30622
75385
60694
88883
28500
55946
88058
72141
35555
49626
56223
14664
59133
23556
20552
9072
37729
21210
77179
39543
78041
86017
39559
53883
82365
40855
29030
98565
61344
60110
1212
58407
78872
64179
25464
63559
29698
16838
25966
97607
18158
32109
84575
7958
54189
25132
87288
7605
17325
82384
52650
79171
91693
35092
93573
24003
5443
88307
30241
41052
1803
9206
32562
98185
26528
34510
15823
23228
29035
84299
63545
7493
35838
55716
27636
70936
71158
16046
79404
91365
63133
38057
86950
18330
64315
23162
99088
32367
44106
75255
79287
72389
63488
2003
18546
99235
26017
87954
65373
11047
76268
48777
61436
84888
59633
41287
41892
3163
62529
24617
27608
4574
84498
74929
56827
64639
91587
5886
43254
14544
52656
15305
57393
27484
31797
2845
17375
18397
96431
79881
37644
72668
3028
22985
65596
95500
87714
19795
72210
82320
89712
40380
41844
51119
24217
8978
1375
10322
85080
57276
1014
11607
77555
17108
15725
66557
95930
81032
48633
83084
42125
84570
44772
56436
98028
52577
63581
86097
83833
38531
28174
86247
7009
43590
16717
13728
50828
3297
33709
39839
54865
74295
48973
581
47693
4283
62452
99037
8149
36573
73410
55906
42770
96143
12876
93641
64756
66980
54211
91333
16639
32932
12080
53862
54201
78966
69879
53942
89192
99042
10117
31242
77726
26646
33192
35714
23836
30291
94895
48836
30513
4189
6864
57695
46111
66779
16099
79767
98208
79803
7856
25362
13209
11492
92796
66918
53977
68231
91020
50496
94393
40732
60263
1245
78668
80388
41615
61586
21242
498
75683
46329
50808
98414
60151
19715
1116
69056
91719
60668
60845
95655
77978
83126
46982
8821
76802
91246
50325
94518
91796
92163
61454
28982
98188
33354
60554
99160
42078
32377
73589
69243
30625
99236
96410
4241
40079
26925
18290
78584
13736
59497
39748
99676
281
76657
34199
58980
51953
53849
15996
48904
29552
26258
3073
23651
52
84747
99724
12616
38004
91556
5953
7096
56074
82248
18220
15364
12894
12654
54376
69188
1262
59715
32882
51747
84412
91167
56270
97876
84719
31651
41717
31216
86208
60025
15063
88147
46909
80721
39034
16654
48951
87607
39259
82628
39991
35399
73299
67448
72891
24604
30387
97991
54120
78739
43219
94812
15475
94832
35056
54717
70937
77530
58721
35614
42457
52812
55299
74310
33145
31339
45677
67716
34016
6677
21369
66757
31909
64163
55241
13243
67957
20751
47550
11254
49736
96014
46028
63527
63318
90552
24275
32207
97286
25011
55526
62850
84627
76843
14279
59501
98245
94492
67715
44178
43716
9346
72866
17853
45846
92776
16428
85846
15742
27417
88333
95879
91583
27577
38874
6515
4737
38795
17987
46603
27305
9785
33172
31989
28555
26888
37193
94278
71680
87767
38704
85478
40783
14147
27906
72698
2895
45569
91592
70730
8394
84776
78885
79622
69241
50346
47690
12426
10819
64641
15678
97635
88410
18566
93347
51378
93105
53311
40603
10353
96843
77069
10814
49972
47744
40669
35902
46899
13608
96068
76848
97497
69354
98541
17899
65189
66011
8252
69246
76234
51624
12889
51991
92091
71545
12942
65964
34149
39478
33761
56287
91084
29776
10684
62787
23932
22350
25462
96010
72101
25255
21743
92772
65219
7193
69436
92158
31041
64025
40680
74187
76989
51819
955
53533
5340
46304
15452
26470
51393
30803
58752
79948
23921
53984
80758
62117
74273
40030
34469
90651
48520
99269
30471
21146
27732
80582
95645
86961
46288
43504
43658
10107
4070
17655
89810
62414
61689
43044
32593
67746
75942
54661
39106
84760
63929
23376
40976
72831
14509
46501
26741
88511
54253
79932
65106
28400
52172
84830
93312
42872
19607
75976
62893
49828
35096
46570
71600
92538
22170
3281
41320
52058
23596
7613
53838
53269
4502
58028
5649
22044
86416
48049
44564
77128
58258
74766
22469
41093
34480
98765
5061
35976
25976
10508
84377
70412
19895
68450
51281
49841
89731
6609
81378
36447
88076
10323
45108
90157
27287
10677
7928
85518
76864
76707
92147
63582
71499
10526
10355
82643
86976
97842
19049
44381
97665
1430
37942
82847
89019
45512
94104
216
46272
11734
21490
7570
30494
98510
40537
84892
69516
94958
8092
79204
55128
58494
27296
87310
73095
8069
14218
54042
95249
64038
69648
36539
79836
20177
9433
76887
95625
61831
84626
67807
93295
59472
4274
92623
29411
94153
53573
74732
85782
45633
25037
46736
42781
28575
64117
68446
60942
79070
18369
31198
84693
15813
73973
23747
3738
9772
45317
3742
46041
44947
11577
75223
50713
22237
23249
38698
22838
2127
51994
41834
76803
33585
27675
1563
6815
93386
48403
88538
35724
73958
85568
55234
85450
17961
58773
21212
98689
86434
92201
17245
40994
12410
92909
73667
6193
30747
56019
62801
55284
28103
15945
82526
51319
96373
87834
84141
86836
64030
98749
35666
77152
56043
91164
84211
91341
2318
15816
54309
69235
3940
39339
45350
26087
27445
74167
19699
22557
65371
56893
45526
78361
76683
66122
76719
1083
44212
13484
31549
33867
56538
8580
13295
47226
96808
87516
40579
89009
26598
27800
85387
40807
30256
9126
85706
38797
47430
69352
62926
12333
20398
98687
95549
47247
54254
25110
38760
61854
55066
52263
99822
51355
74777
44798
62846
26289
4431
38005
85436
29449
40270
35475
90236
53390
60246
3466
61888
82530
40747
52554
52727
61077
38276
54690
42695
69189
44475
62268
11576
59440
68350
29853
95419
27965
90444
92698
91706
47421
46827
98591
31812
46018
22947
46465
58091
3675
35906
57925
41070
5634
95497
13609
30759
70921
48301
25278
92938
60422
30991
31603
45407
93109
10379
5985
21450
10797
85720
55966
74040
69503
95775
90390
59096
19462
37742
18774
84556
65987
1219
44364
99074
81562
71855
23330
13376
61725
5109
78801
85202
83168
16952
15097
26686
3194
27790
52091
75899
44249
7042
49904
42505
60203
36429
18061
12354
18064
16753
59889
2814
5992
50151
55192
51731
42281
46815
5658
29036
3221
35070
3887
60022
76169
27038
31352
22038
67946
38385
43669
50482
82739
12906
40694
61445
69061
3025
94709
14031
44694
81126
33619
68922
85055
76317
43945
89546
86545
11069
35953
30728
6758
67709
55178
25177
83642
27380
59078
5170
62730
43610
12901
21341
81085
47113
12640
32514
93516
78034
72454
82831
40851
91538
93843
72134
2472
12886
50895
91677
58982
85018
34830
26762
74512
84081
2285
24746
90450
34633
54651
88098
28165
71237
76521
4604
77879
92031
84004
13616
46022
57733
94875
84318
74836
38801
55032
21870
62769
31528
81824
94933
17070
94177
84677
89905
92912
73672
66446
72814
72360
21226
50768
75781
15532
23394
46012
50965
85640
16082
25027
27849
41480
27923
34658
78124
87353
4757
61776
47499
60541
94564
81989
87234
43488
62841
56785
76298
75991
33046
50702
19424
6076
31890
15185
86987
90555
40626
42106
58577
95350
98706
57066
74408
30578
17869
64634
73322
44764
27450
91115
36808
19150
51448
53359
64262
81065
67571
95880
33224
90161
46538
60473
73968
36467
35055
98559
86784
35517
36833
30715
29494
87267
27269
47150
56291
71178
11970
42669
91679
59416
4742
6410
60409
31065
65398
77967
46358
11605
50378
68980
17382
78968
86015
83423
19094
30095
898
94189
48738
35816
40364
90305
55007
30003
92920
23199
92704
15834
21632
99646
49484
92517
69385
22422
98359
52644
62539
18182
83862
48131
11788
23641
98459
77084
21085
75980
42970
26091
82432
28803
30467
80145
47412
6944
11670
97886
73526
3058
1532
3893
34792
69414
42525
99768
40818
47530
88143
27182
37911
28626
7596
35811
41015
45778
44143
89617
31802
2906
47592
7863
83582
67329
84000
9934
32108
61699
80864
41535
35996
46424
22727
89285
67850
26146
5090
17707
96972
34096
89341
99708
99314
11801
60244
20137
12105
84697
47519
51386
11615
69842
19110
69663
94061
42516
36605
53171
22204
25418
91855
454
34637
35949
76333
83399
58495
98701
7774
65123
93739
77812
48423
59387
16905
83453
45589
14944
41288
64272
48809
19242
22171
83122
57338
83690
37019
69569
16687
53049
65293
37685
4992
59355
53666
39785
50784
3543
86760
15832
67374
66579
6181
49123
34397
737
38186
69559
43677
32002
56558
33828
34388
37678
31104
88354
9879
16339
16449
65182
2865
52008
13189
60090
8648
24299
72638
72392
6456
58114
66500
33918
65517
8562
2504
30957
6427
19253
95058
14706
61132
15953
18384
75097
18608
38498
29735
37692
79523
32654
24035
81796
246
60989
34942
41348
18389
28428
3321
61443
43441
92754
57009
33837
36600
11327
60699
94739
90615
13171
99825
87070
59789
73630
95671
35909
56880
8204
24701
3416
21070
33299
94857
44879
83519
88592
19402
10173
84777
16527
18983
53092
2243
71354
14006
93180
94337
54318
67191
75293
86376
69881
53271
43299
95953
69633
88505
37912
48114
34255
13213
27602
2796
55843
27836
63246
14654
95716
42698
13098
67749
8327
865
88932
29953
2748
21692
90644
47970
32954
10058
95328
2648
9531
41823
96501
31013
78621
10490
85580
92187
45888
9154
94547
91490
19625
61282
91039
52338
21556
78351
46056
32346
33289
2209
91720
15785
10584
9946
825
93076
88650
91702
53642
40022
69267
37142
7763
45021
36814
52513
65687
70264
90099
43647
65604
71811
57318
7929
69775
66117
96564
88748
56140
30789
89376
98527
83666
26013
35567
89060
88062
75457
62447
47338
89321
70794
75606
5351
33696
13631
10371
9020
153
29188
91910
80408
75226
70123
701
95541
48576
21646
70472
79683
9005
63309
21962
95499
83204
6283
32771
33910
6141
22375
51557
45740
36768
50083
6060
32574
42647
29842
6282
44098
37236
47677
78148
90385
65937
81141
3892
46259
56832
45562
88086
15798
71231
36540
45234
22217
25697
12658
28124
65195
30308
75773
68134
46958
2404
66897
45994
97586
85973
94707
522
4861
95571
22068
56278
79419
41694
87509
30444
34417
82102
40955
70623
14992
26144
66785
18194
86825
8346
88569
87051
67980
94667
9530
51630
77645
80025
85141
16235
78427
63964
1138
39452
7526
99426
34975
50932
78277
15670
68293
68615
70482
53926
79976
18596
47308
82167
45686
26001
41204
51091
40627
99317
26637
5585
83135
47514
48185
19819
11785
78658
63121
38576
80422
99008
72319
26897
38353
30680
22453
68507
88633
3933
61334
94461
14035
46456
35963
60199
42798
3737
14976
12294
89027
77020
34043
96946
78865
36457
9994
35938
92130
96281
45334
41555
87830
13034
11075
5597
57359
25263
93447
91973
35723
75271
51918
67662
34842
74254
14501
38079
74987
83875
40324
59000
59868
86221
9468
9093
75437
8892
39972
93629
89004
34370
50869
76142
51754
12003
25499
48526
46816
18689
22584
40945
40078
14963
89490
13456
69434
35184
14737
75237
71625
3408
56023
59162
10618
89030
62869
10700
64643
23884
40297
48060
58829
1328
58168
4343
15242
74427
28049
33660
5042
2888
90068
18424
36307
9943
12099
64325
76757
79303
39778
7150
80840
75346
73200
3775
57240
1868
94916
15455
66279
56049
80742
54364
62561
33714
57891
89606
18899
26523
48733
29417
98274
64356
2095
71066
62288
22808
195
38147
55267
5476
97335
80689
72953
26703
73068
31523
57606
61698
24284
39073
11424
24204
83819
20279
35591
86198
24034
27525
11328
93222
52991
34754
92845
23172
32421
80208
95623
65938
58916
73073
91404
61498
4761
6805
99599
11532
14015
95672
72260
39327
71415
45899
58669
20836
88514
3517
62972
36841
69265
65260
63015
77678
24772
8666
76128
70248
91712
80202
15224
14450
30649
5543
87917
71393
59794
28733
71282
59329
17634
63788
97531
56316
81416
8933
39091
88142
59526
29285
91371
18834
25235
93526
1143
8582
49292
18589
68940
38119
10764
76754
63542
85320
33471
40404
66575
92832
94270
34980
33915
99416
5720
79368
13294
25117
38431
71205
98134
26782
20067
53902
94802
80685
65601
51605
7694
82341
67400
57723
50550
2060
37670
44485
43185
92708
21078
17523
19029
42035
81801
18753
75599
20375
44614
94530
85831
19381
36144
54785
20835
72972
86937
6496
92451
67344
7675
88714
76516
68132
14209
8048
60977
67409
776
53199
89497
26339
65089
2470
18898
51428
95909
11039
28877
33579
59894
67804
1277
16797
80467
23686
90543
87876
66953
10424
92104
20977
59723
72567
78234
17824
14922
20468
79657
72253
56677
92473
36288
10716
1069
32884
75940
78896
55727
41234
13604
30397
96852
11199
49170
13562
68405
66460
34838
31873
34381
73212
60639
24159
30768
52928
34223
71148
6671
31765
12036
88033
24650
81904
23945
50765
80353
52247
39728
89638
45710
56280
86759
17943
68921
82969
81754
63783
56156
38366
6209
55636
49588
27785
75424
48272
67826
77857
7680
10847
10387
69469
75638
13130
49120
64884
70636
50912
56131
66227
64929
50537
51047
70459
39105
45948
90158
38390
9469
25975
4585
24011
36430
68358
50761
67794
38170
54966
74392
29504
8284
49099
14107
48902
76098
21823
18681
30048
44987
80737
73570
53289
45956
52424
58392
56851
63748
73518
93626
11912
85885
70528
22877
41294
37770
90119
70990
5383
53459
29668
8280
91500
77995
15138
16968
72580
5683
71859
41314
89275
28138
7778
61700
69155
87722
34906
32111
6542
77052
58109
28748
5446
70439
24777
25796
40263
24799
81279
67664
75968
74843
47844
74982
60973
20518
47203
7109
53213
31896
39208
45758
44778
1862
9962
33662
50738
10211
12006
46833
42752
8090
73807
35187
3386
67375
62320
74210
12292
64942
43027
7715
18161
32133
54803
40563
3265
83042
61169
65681
8625
62455
94729
64437
59447
42801
31916
90490
51429
79396
45461
20864
15223
22593
15381
1970
22194
3727
46224
67036
31575
33682
31135
79981
87635
30328
76845
13708
86733
3745
56089
27991
40838
3034
2606
55078
90719
19343
156
11390
44533
43731
62780
85356
23805
51326
71056
96871
12183
11178
65787
51597
62173
25048
46484
65102
77866
65934
15236
4958
34679
5247
38630
35191
16824
4850
93326
60512
39738
10838
86193
3329
95347
45397
77556
7483
65009
81887
31544
50685
83466
17106
59985
36376
60544
22292
36386
90664
46281
60659
57879
54999
33432
67308
24060
11425
25402
34435
62376
20572
53672
35703
63734
45155
55758
24046
35463
19904
15609
76077
88395
9466
94203
62362
44777
7861
41004
92128
41748
39908
88217
63687
53134
11883
74212
35034
95824
37472
79579
52426
57042
33741
80356
72295
57604
49955
76131
2203
55357
85104
88128
53734
57722
66134
76829
12030
75889
85496
18352
27028
20051
52493
4898
21986
74014
21587
59763
83317
80064
21581
20451
81697
66062
41167
68117
8208
63486
69506
54560
67562
33346
543
42418
3831
31880
40675
8362
11446
39558
37490
75539
49367
94067
67149
97464
48565
62231
84533
91316
65555
49146
89251
18309
40151
74855
21768
27999
98842
26167
73475
36353
71311
89616
50104
5542
41716
41828
26232
55669
57286
88997
17945
27508
47210
17690
4369
65205
86983
13437
14831
55703
74196
29092
43591
36094
22264
70858
79493
98451
39038
88794
91891
63623
85945
27505
72864
17995
33005
92537
81620
46407
66142
89812
70190
49309
8483
22984
93089
60848
72185
74140
41297
66047
18214
63565
46336
43499
61156
14699
38444
5057
18751
13698
19978
98952
27052
6650
39460
34926
80981
40772
89154
54715
64636
24112
56392
43047
50962
1575
66366
76510
41109
29087
99085
59525
78723
89941
94560
68219
12395
38284
22323
44617
51178
68651
50297
76511
84393
32339
27298
5783
75324
27424
19542
83604
10837
31452
92190
67655
83918
67975
91992
63111
80226
92582
18361
65027
59503
38201
51828
11764
43100
26116
21253
3327
25333
12037
99489
55425
90038
4383
51417
48179
99956
60039
34427
26700
97947
15849
67625
36970
59227
22486
65034
40092
1208
9897
4176
62863
98560
11128
26261
67917
40871
49391
81807
27449
20136
92613
38709
61628
46321
63335
86737
99728
36054
80419
14909
2413
83219
53581
25679
98210
39510
32647
24834
91301
84537
9057
13791
80818
59613
90545
55086
26814
69392
28382
90322
34045
90921
8203
63596
83800
76110
1448
36676
71193
20125
20672
39480
41959
90577
14133
25701
47004
11649
31566
22495
23206
20610
53416
39369
5626
74209
49717
74978
93310
62198
34554
10703
86392
91214
9458
83775
35462
92481
1363
21649
32863
1565
5986
70262
60546
23442
88401
36583
32393
23544
36199
18767
73483
2802
13992
47929
18111
13955
84666
21309
63602
70289
28692
18298
26269
95105
4544
76155
64870
41157
8774
12934
91120
449
88057
15345
47745
49627
52234
66297
62932
27240
35530
34876
71414
49778
15954
96644
86028
94912
43140
24794
83033
90681
77815
47905
50764
74800
26642
55599
37051
4351
37603
93820
97446
11391
37817
30136
29359
22875
51292
37716
72709
53790
55782
10554
3489
36725
94554
9311
89748
36531
61803
89593
57289
19707
34665
64736
57148
61123
21993
35904
74844
42581
16276
48658
67872
55811
87842
6406
62405
81276
52893
28326
41670
75009
43622
41561
93553
30716
37950
13162
3070
97291
21243
282
67537
30727
41578
44891
66087
85805
74848
16888
27735
37209
58197
16003
33057
85521
95947
1988
32
49620
33540
55412
78437
71704
32265
1597
25459
87968
36441
63260
82489
6342
74533
36731
16202
82642
99156
10636
12240
1800
2498
93352
54828
6672
80562
42052
17271
70989
1758
60299
45262
18519
6568
8765
34947
41397
42753
26237
40561
59150
56733
90168
84267
34846
36688
21817
79137
24973
55177
48810
12953
58605
69106
40605
22955
77153
72603
46299
65187
88210
54612
42953
83481
5988
20388
15092
48294
54941
47401
13994
95800
88303
67039
86699
76482
63658
73920
28032
49436
61653
41048
70618
83302
9149
64371
87365
73985
59666
19733
50055
36702
37681
91532
13715
11416
98280
90373
56336
38571
82823
15457
82369
55745
19842
62743
84538
28682
91599
6994
51946
64832
3826
15508
91920
8167
33646
68173
33427
15560
81297
10748
68669
82374
18953
31570
16021
57222
72302
48276
38857
57278
29215
45426
17838
91313
20163
75110
57385
59589
66360
55748
30384
29915
77875
45009
14928
85424
48392
25447
99452
55186
97115
50794
1625
86160
93389
18880
7317
82448
25323
38311
71478
72040
94975
41875
61738
82621
47654
48770
46990
96325
2147
38714
52755
32042
20002
47994
9252
33269
29979
83971
47286
8595
16886
88165
2877
7116
22887
91791
79351
86069
5605
59200
83091
86519
41825
26324
65720
23980
17018
25978
33590
87540
84164
90573
78943
45783
78539
68979
86137
51954
997
57944
23059
11352
74870
57927
52428
81243
79113
5648
31933
12873
91882
84544
97223
67899
2148
22102
6059
44625
52916
47837
10095
41068
65445
40212
43477
92493
2778
25891
40689
66105
46701
81798
28871
31255
95924
23940
73738
73998
45080
41459
23455
9578
73712
95216
38134
78654
13334
66035
99303
4251
62086
48931
92797
94673
28212
81633
98839
53749
4905
67517
39971
79098
14744
31007
89562
18811
59302
70890
73362
62351
27620
3257
37897
71009
9947
74879
16930
18414
11591
88145
99895
26115
22091
72351
99046
66359
45696
99255
39941
58800
8457
54441
57054
40498
63772
5601
67184
7173
90420
35802
20553
87998
6745
5716
21247
17894
93830
41007
82811
43671
57609
5781
69402
5607
96221
82550
32756
46773
96070
62089
31541
54446
12249
85524
36398
13844
8228
16228
62906
98264
65399
80184
20724
83346
46343
67733
50757
26012
74094
61008
96586
56531
84057
5474
49806
89186
66459
38065
38472
83225
21552
28267
69606
25076
98066
19120
79630
26824
25309
10666
75309
10134
57887
87519
96892
83432
2075
82037
43302
83942
96709
81758
14528
17643
16502
7051
5412
69456
8071
55577
1588
86454
57250
43234
58904
68460
14401
74665
54165
59026
72131
16884
93216
32041
8814
65597
56631
49555
7569
4681
84903
93617
66018
41065
40470
42658
29095
51970
75310
1619
17107
87378
9977
61965
46801
68354
33801
76047
48511
98325
30354
55396
66068
13005
40003
57910
79681
56112
39300
1076
37665
55883
81870
88777
1636
5516
74569
34698
51215
95773
21399
51863
37966
13674
4886
67099
92676
87229
30733
58143
91118
83776
67251
29943
4823
75618
91105
50320
86697
96083
7761
2191
6337
5806
44322
92069
55449
71641
35579
8829
70041
80781
83732
21576
23120
54530
60599
53343
42891
84973
25740
9269
80654
32883
21031
69322
23200
22504
59734
15012
66241
74503
56135
17166
31663
42699
36162
93773
88094
46486
62333
25882
54488
79492
3650
27426
40695
45651
33513
93866
32276
89361
46382
17589
13787
10024
61673
89814
73515
78686
60329
68395
61144
64303
71299
43577
21777
15412
54002
88175
22148
37334
42085
58
80058
25351
71042
770
3828
48184
34237
65322
95045
4155
33766
75157
51048
64728
36251
31582
92691
8615
23658
6408
35541
29719
32077
51061
59358
60096
65898
1736
82549
24956
69112
70847
79213
49742
52517
82484
55340
53251
55344
24376
43626
98930
46924
18312
27495
30840
77158
51526
87151
73969
42803
42846
67421
64606
84058
17949
49356
94406
45641
19134
90237
67489
72594
51550
68789
54989
54973
12203
37299
62227
21999
67151
63222
6137
36125
70539
66880
33372
58650
27811
7551
2561
12334
98284
86801
16118
18987
9802
10787
99697
99808
8791
2662
66225
6959
62516
46864
89747
24350
16115
94191
53496
78106
78580
29341
43832
98906
1211
65606
19417
45395
58960
10166
75059
74521
30783
48490
56227
85866
49613
27412
83615
83717
61012
84740
34481
1672
15714
69399
54507
51999
96006
18396
43222
50795
50331
20295
74465
856
89165
91798
39938
12324
94719
84599
37357
21145
71719
46675
93794
66168
54072
70207
28280
85277
61377
64936
4002
67862
22193
77129
63912
82165
79518
60958
68695
27478
42314
53478
74270
56087
43374
14017
76849
15760
76816
6278
14046
70609
2174
71628
87220
92327
6955
17103
49970
12106
18633
99774
72666
88637
87287
33641
90973
31023
91410
58058
38123
50727
49101
2139
96299
48361
16145
47360
7015
98298
36537
67083
28206
39913
5575
13520
31604
73137
18658
6494
31934
97487
24236
86133
42604
86885
23646
86913
74245
70285
19013
42748
39603
19142
431
12339
83722
57299
42414
45892
76329
17766
96219
3382
50754
4802
91829
1457
13866
3463
18149
28222
67014
29475
13634
56991
43896
7537
30719
11008
24748
37499
45690
32176
63066
78902
63521
65632
30593
70015
74249
2445
20358
62726
72932
95605
75865
20339
9669
29657
97220
18171
74696
70753
13132
14078
4814
81335
31817
44400
72782
37963
84401
91875
9791
54131
9238
67730
88497
23338
17405
98076
12743
68558
29198
41687
22718
83369
44001
74789
54621
1878
61095
28053
56830
11959
19859
16097
83024
46156
21568
82366
17354
72586
16724
37831
32142
99567
9921
15419
43411
48659
83837
35931
71189
25625
18296
87333
88166
2621
72105
52457
20061
62857
8653
33953
32671
73662
28609
26062
83298
75317
19047
41525
84908
94952
36530
55722
56590
23437
21520
49093
2664
11845
25369
84005
28330
19980
97282
56075
66149
39576
98589
24641
83270
55439
80720
38668
28628
16627
39546
1696
8464
45596
50620
19826
30971
50533
84288
38967
79411
16560
49630
53101
25555
51232
20353
20704
5237
73471
81858
10785
37765
81603
54293
42633
14008
61741
42194
35286
24092
58305
36732
24590
84153
35512
62949
48692
12969
21533
80271
29143
772
18505
35800
81567
34151
15142
96792
66467
94686
41671
62596
18994
27262
96511
59956
6189
14437
22721
60853
42058
77859
45013
3076
72042
63684
97655
38456
70535
48474
76207
63061
13327
77241
52083
26055
89637
12879
77402
68268
36805
63843
22494
3148
61754
62316
16868
64750
57281
74974
13487
82359
66679
72662
59312
89690
40491
72266
26826
71492
3212
16912
88446
19635
8138
42285
67641
25628
11556
27212
53336
77871
32664
66263
76209
89667
8000
23645
23453
21069
72018
70057
4597
76469
40198
43767
95697
23903
20472
99616
92764
77061
91731
24324
1415
77797
84924
11240
4411
45598
58806
49022
33688
78638
69286
22642
89188
35684
46901
44500
95778
31187
1729
8856
40863
41403
57081
94574
44603
79525
71691
9572
85380
9488
73230
7594
21434
18998
32836
63248
28539
6261
75120
98130
1299
51945
39616
36666
26295
83779
80982
89223
54968
66595
23035
12839
79521
58866
29322
82604
73356
29105
31784
86907
34150
72026
24015
40116
15292
40696
61949
42495
88647
39280
16322
31212
3683
41599
65413
18856
65312
62348
42101
50293
2859
6276
89120
64268
21029
94183
73240
89773
28360
58912
90121
23534
60160
59255
64417
57028
40545
87412
94521
29491
41614
7956
25059
70787
13222
19447
45906
14946
96230
43502
89892
69582
46105
98191
19351
86912
81710
46802
71606
50617
89156
64425
53399
43664
76132
13666
12866
37907
2508
37518
57015
1164
69695
46347
28578
65927
95935
36046
15159
72943
55441
74579
81483
76900
42476
86494
39799
83257
52587
33858
60586
47263
90995
80560
97449
7747
90892
81849
13756
60059
82368
95532
46311
22488
65911
33538
41684
88832
43466
6119
46622
85164
12528
39671
5018
16667
98498
94254
66203
3237
18159
99481
79356
11014
5262
28221
79021
16554
40435
35690
33713
3990
65538
24419
4462
98380
9532
99805
10141
4743
94438
52934
89557
23703
67123
2156
98167
23827
5332
52112
71219
39176
69669
87511
39085
70320
60714
85306
98108
72585
38605
19824
65773
19518
84439
38490
85803
38612
51804
43552
47052
76299
66353
57593
39086
86452
40604
10974
94716
88884
8629
47330
44366
43113
88385
43448
86275
36119
41484
81215
30699
39111
53543
28563
23408
32269
96363
17384
64704
49724
88277
38214
45356
75039
40660
11582
49446
66290
53840
18556
22891
27217
43439
56039
91921
39819
37592
89034
48550
40044
98146
14525
46165
74770
29876
3884
99102
58975
99892
17614
89910
73060
91431
22456
10237
27330
12634
61242
13278
21841
13615
26223
74424
53193
25967
59549
19705
59215
97918
3304
51912
82809
71335
99432
63628
59993
79726
66786
54495
78328
62630
20039
46466
26198
45609
26238
84096
48013
34461
62041
96292
90189
98873
97385
88215
9829
48009
29610
73710
38648
74596
71771
16776
46878
59866
38746
81963
23783
76295
44981
62014
29377
18393
17515
13136
30161
75416
22438
86616
2076
95981
4620
13103
19157
36645
14866
59179
67085
26102
95012
5240
79377
49797
70759
62379
61735
6654
45590
38013
73414
30260
74687
44027
42199
67915
80039
71928
32222
90766
62433
4421
26274
29554
7889
22156
3057
23525
30946
81521
85602
14649
96346
26658
84658
89408
79141
72851
44092
88952
75087
50359
18706
57737
28785
29775
83630
22286
58725
18551
80614
75027
28570
73196
84327
31305
30016
19554
2950
35777
71344
86421
97576
84865
80502
15680
24265
84136
11395
28288
21898
52740
71965
69764
80620
14679
69000
63722
47967
53367
53177
45028
86368
78972
39047
38452
20558
10232
6930
3252
1337
52971
56881
82143
35480
5880
32848
26830
20719
36290
18643
20090
54551
65003
64806
90206
91963
66922
9594
56720
67406
63649
11623
98322
17892
40431
6539
66705
73309
64985
60604
39174
78084
77311
89589
58743
77454
55092
10428
79739
90144
50542
34523
9620
59059
78593
67437
82388
41452
73072
46462
59859
10352
17448
86803
77422
41042
79077
7901
76548
33059
8496
18694
85498
71713
42850
4779
19903
81869
77451
21920
464
40061
31884
55538
17988
47182
90864
82488
55217
97174
90796
66176
36032
75073
76792
10154
22559
9477
16536
24389
99028
77626
9900
90220
92454
59224
10275
89963
34012
24949
82672
15711
56026
2330
64763
40960
79703
31325
54302
86713
43214
82835
32138
63277
59444
84968
47502
98605
26878
68587
54712
11093
63301
1955
15011
56800
8202
96821
11023
62524
72771
15093
52245
34514
54653
49474
94410
90185
553
84944
2135
97704
34448
55053
52176
94363
65339
39455
96999
62360
85213
75290
3747
97357
20034
98450
69741
92495
18531
86859
66101
46266
76036
78386
29469
31639
35960
17485
18793
40189
40969
99596
3238
75538
10111
39215
58680
2657
50478
41851
65299
3802
53748
49891
31157
39845
77786
890
67403
24218
73211
17877
45084
6821
50093
3730
32217
20887
48259
92353
52821
55107
17711
98135
49328
38936
18408
66212
92089
6682
1199
92166
11691
3151
20217
60157
90816
36580
57297
19987
27275
95381
84893
44336
29970
94026
34763
62074
89554
66697
69186
80020
68172
78466
97111
68260
2623
42622
30264
44033
5249
50514
17820
88150
88185
57816
75917
97209
36265
421
79674
5175
68691
70099
31813
72331
31727
87910
50668
24307
76083
9902
12241
6819
53178
7332
32492
28381
63041
44793
76517
42277
32188
76883
25810
81645
81370
90583
96135
87640
2334
80550
61505
22712
44874
71507
89694
28905
22339
90513
30489
19905
28777
69549
82778
79433
37256
41043
16972
10091
41492
19290
41281
28320
79551
559
54789
90313
29317
77296
73777
43600
69368
58962
84065
6017
83533
89441
91653
23874
50740
27514
19746
49855
53145
13629
64354
99146
72629
39224
95618
3965
41791
51226
40763
79927
91997
11617
84890
65530
82554
81736
48080
91272
94291
62870
57344
7146
39674
25682
72936
48367
76272
57798
27075
40394
54055
40265
52908
68072
16121
47255
51049
82899
29851
4067
33173
38598
51974
3546
599
13089
81199
40067
46733
20568
58006
73700
75719
86710
86153
91251
66902
90725
89167
29619
88006
10429
96389
48734
40999
47890
41347
71542
66442
37923
86619
87354
44198
10545
62771
60181
33121
4624
29231
67736
66640
98474
4735
43035
73158
32086
67026
13161
16861
96584
7932
70712
64015
69092
70706
80678
96502
96693
96682
72965
78464
4731
79485
76130
39606
7616
5152
17364
18438
61729
38756
12638
99105
7326
35840
22214
52240
66693
68200
4118
20899
66441
94893
15666
68768
52605
16187
52948
30379
35090
76148
10264
70892
24740
43783
32480
41115
26201
53963
28753
94548
47234
93062
20696
27099
28761
54922
19209
64322
65422
52196
85900
24501
79612
96700
7779
23158
37378
81184
31968
48514
12440
51455
34506
42996
64960
78534
20641
43385
20225
46662
34252
72898
98638
51962
88898
20196
24359
12464
18003
76970
13937
85654
15134
78729
16034
27578
29356
86775
39878
39195
23523
47259
96021
73671
52775
93329
35002
71188
63375
7311
21874
51983
60606
74627
56537
6340
38597
31677
81317
59844
77211
88698
30084
52884
95642
52570
35015
87554
75179
56910
99636
53828
32049
9752
19740
55967
57905
1549
16864
31572
31046
7291
17855
17721
39306
24335
50000
22265
93207
35265
60026
66854
43165
56387
61539
55680
2545
47149
72388
63412
91063
52305
82191
36813
98084
10836
15952
96717
86070
78448
31226
98262
49405
29424
30078
94079
59266
3131
23179
64487
95480
32450
80378
73840
44679
89950
97745
56486
66512
5068
69965
11027
75136
73905
99461
92873
69830
77905
40047
65675
53035
98739
93174
20933
45913
64452
7357
23928
10262
43584
41711
21970
95611
83353
72825
23618
29389
37108
26386
30902
29933
38156
98604
84089
46236
52048
87630
22705
88646
45771
11488
81733
32201
45765
79083
70628
14198
29351
8095
54617
20807
96823
72569
20637
64472
60913
31387
14103
92328
27731
90187
19299
44271
9842
15787
73561
99311
99587
1054
76362
77272
68015
48725
28226
98299
26370
7686
84678
35712
2615
57582
9296
42825
42928
25612
69970
82059
22673
50734
68769
8051
77861
9323
79925
83212
98571
92713
98315
24657
29881
88797
73317
6192
74375
83526
52699
36367
31679
80041
97281
67682
2356
18864
20443
85762
4168
42710
23203
58103
5343
75768
71820
7865
94749
96161
28057
1522
86568
99642
23128
58243
56329
85377
30218
32440
7350
35149
32634
68329
54121
47125
80316
95430
97271
70733
67765
88365
50022
2882
99340
33902
58063
29194
6083
38906
4231
82211
69353
24914
43652
27474
80697
11229
46229
45455
81673
17580
56500
12416
73218
97627
66156
22804
14407
56904
52684
86467
12645
67441
87307
80676
53858
53831
17144
39002
90452
17967
83954
66103
58406
90566
57323
9377
78046
71441
74350
11728
39069
19459
43171
91148
97998
1119
8129
91245
32832
36621
51277
83262
64429
32287
61973
40484
89335
40090
96291
81391
21529
74152
87965
42502
86526
62615
31819
52023
22983
70096
43532
41909
64511
67548
23262
4169
80338
53453
65636
2111
524
84726
7275
7277
52360
2031
51305
82375
35544
65375
95450
63900
8080
11275
83222
87463
39942
86035
15794
17373
36225
71262
6411
58465
90005
52388
49183
213
85274
55947
9800
4550
24201
38602
46394
10712
92119
13766
56535
61687
952
81623
94285
66173
54605
55809
82637
81157
64193
59678
1580
1594
36710
87248
66804
21398
66448
69087
64118
54411
94627
59810
62875
10317
92230
33643
68925
47847
86129
96043
94750
12118
72172
60940
84291
34905
27781
112
83053
65403
4460
9006
62928
46208
56202
18056
95878
56372
30502
59076
41280
19097
97573
39597
81896
87863
19372
48072
68485
92142
71092
74241
23075
47685
43425
55103
34048
51538
76776
29618
85297
41563
94070
78935
45430
27837
41366
44927
73972
36763
59878
36809
37160
66296
43353
71416
53218
67435
12779
36972
75161
6871
19345
66676
10710
60968
64644
68963
40165
8339
34323
59160
69187
47142
80993
4549
55338
26254
37165
27259
36723
48063
97711
20942
38815
41104
14287
21650
86190
47186
38859
16056
81455
23069
69423
56191
44867
84279
43813
19706
15125
8703
40142
45659
61010
66841
6110
17366
70136
44570
69176
11779
67502
74820
42031
99840
11294
18289
87148
81581
79789
69683
49090
24178
55925
4327
70069
47684
97017
78243
72556
2541
11245
56364
45669
45418
58450
17251
97740
68215
85628
33672
96560
85279
37102
47329
99566
15327
96738
74065
96405
39560
55321
47614
26334
49975
3531
62246
65692
51509
5596
64940
61067
58501
65754
2719
9157
73359
97901
63877
65105
39468
34944
35844
95920
76513
60795
25297
75621
26188
31929
72513
28754
91177
60941
6111
88477
98232
81487
52679
45825
61675
40551
46573
25570
30242
12275
72453
13081
56176
97701
40146
70191
79733
56000
37843
40405
37513
49681
78500
41574
86228
88378
14598
7705
96378
2257
89986
91955
94982
14692
46149
1650
16366
81083
3347
12421
53191
50610
82529
48125
48887
12125
27193
55871
96175
77964
51132
26445
45319
77055
99136
49965
14206
62745
27319
92592
54644
66862
59118
50776
75455
31459
12365
33878
92301
56265
55870
25771
5322
37875
94888
96553
8489
77315
11264
8597
94672
44956
60906
95232
18444
79982
42361
39439
57350
46191
42110
15633
16719
32033
15690
26303
71646
60482
77573
42705
1750
15102
20455
26853
12403
17917
88237
54951
8804
72649
27903
62233
19853
22599
1648
28678
8222
84779
59443
32988
89551
84783
8038
97663
70642
40126
77511
67425
97002
10509
80755
22185
94342
11629
44114
57102
6920
327
21501
18527
79309
88360
88020
366
78780
81732
26874
63911
24079
51650
50509
34279
69016
18605
85852
9762
46868
86826
11687
38118
30751
26504
52139
1635
67404
26030
54632
37696
19700
31597
9884
71168
26852
87709
77763
67070
10092
65559
2981
92936
57343
73847
41038
69
73323
9182
18584
31645
15877
42294
25229
78363
4968
36594
93143
4455
78384
4634
94028
26242
39784
37993
96320
24823
10350
32079
9927
26537
81907
57656
90281
14844
76379
24061
74433
95601
54650
72765
83379
27389
14110
70258
58646
3062
36964
99144
98046
61456
68851
23545
17409
9280
71268
58954
99004
71763
61928
13108
82844
19988
98941
62493
94115
33161
13833
34100
59116
96830
19011
59296
98370
13104
82652
11183
90439
45351
90401
79965
98247
99790
33251
41341
69684
76646
56792
71549
55242
46541
71052
63961
58093
42156
59849
39822
7298
62261
77173
87571
21347
5301
22431
84076
31102
88005
91069
65777
18651
77979
8499
43272
40972
68291
31481
89501
54174
6873
32255
77316
24315
81537
19109
1876
36908
15960
90105
56706
27458
40071
46448
27639
13612
6596
72497
88530
35378
24544
99412
61931
82536
35194
99914
12144
8585
5958
3263
37913
32895
11710
59211
16787
68065
53547
52795
93932
61398
49691
306
19156
15232
99467
62458
25205
14830
87238
61716
12282
42484
16942
42508
67950
10100
32544
50984
73453
68721
19296
25709
84021
99992
96309
18792
65510
95867
29090
10586
18664
53437
10358
42539
47577
3844
8221
45322
84281
61808
79930
46838
44769
93132
89345
73554
27244
40774
1535
5878
57625
20926
3477
44346
75755
57839
67313
63278
81183
77931
47802
87950
22135
73424
90605
52877
15300
46250
7721
82654
16144
91228
67573
71449
11339
48195
82923
12781
35866
90344
67113
36962
33584
81169
87980
91820
70745
22913
51709
61985
45595
83546
54362
36358
499
99927
15112
66508
81874
97015
60278
90040
57528
47158
61848
47667
70586
77135
42143
87432
66682
28233
94377
33114
41463
47983
13277
6448
81871
14091
25493
25541
81366
49763
18461
49548
72699
90866
34872
14404
79768
57971
97149
14463
22397
80778
44302
55987
40451
87374
96697
58319
41533
30458
48124
58140
54491
95035
18210
50053
63957
32681
43460
48493
40308
34219
13474
13257
77647
10679
80217
28333
63251
60419
27684
39127
86437
97280
23763
25051
8835
44759
8937
12239
62312
99733
77608
30132
79085
13507
8336
21641
40876
23506
33205
14270
84100
11282
24353
39585
86474
51038
83061
95431
68050
95588
36212
89455
41254
45092
51164
20720
32994
57383
32687
13856
61023
90389
63184
80807
85944
6200
86139
75474
42942
9235
8552
65447
19584
14289
47102
42049
30208
11856
47507
23790
36392
88948
4940
36495
48286
24502
14970
52063
38738
64800
24817
66492
31646
92716
1935
36482
45961
95302
19654
51873
99578
10661
12131
41267
3562
9591
4702
34571
70778
34788
87846
55450
65024
71283
26151
98149
76058
41431
8809
37077
52777
45530
31201
469
76001
6510
40765
22121
62755
33122
15921
36314
65091
83160
23148
80021
79772
37776
80062
63747
69185
70384
89876
25007
40369
19889
19342
45591
83696
28478
20482
73118
62793
72262
2723
11056
59393
33050
16257
35021
75798
17206
81228
54083
14636
96048
99165
7003
10434
12775
42796
6786
65485
70238
59902
30460
28374
67087
77942
27408
28863
25125
14247
60410
20741
88758
50285
13425
39724
59208
29603
65894
85770
10756
52037
91053
29607
91976
32103
55110
82445
48911
66419
25206
73186
65304
29130
50983
12479
40218
84649
77405
20403
94965
49213
39370
42181
49700
9027
82599
14990
89171
8913
78831
65775
37560
7933
30545
29829
83403
93453
49140
65174
44624
58816
59817
42927
56153
59039
11156
97794
58587
21141
65045
85084
59165
59891
71025
99044
74807
25747
3898
22297
34261
82362
11547
58666
86837
83495
24036
53730
16658
11061
35160
68092
92224
422
640
16435
55944
39757
40221
54382
66348
9098
25969
82596
47422
36784
11827
71744
95151
13386
91983
3094
87881
56933
50438
40332
73651
10570
65797
94179
8053
34173
67852
55465
72075
19220
27763
48613
97748
92770
33202
58538
6201
27873
29126
10558
44761
6138
91521
5900
99265
37202
16887
14611
41589
90996
33107
18504
94900
87466
84620
28594
46206
71688
61162
96768
30846
21806
91561
9267
45336
6520
78174
21915
67857
59688
48625
85594
11306
42533
14851
99660
59673
12560
59659
62097
96011
54905
78581
77976
79731
95392
98954
57797
83692
93
6468
56703
51798
35508
53584
64236
33592
56434
5156
11689
84674
68300
5354
82941
62195
91415
4909
54514
48582
68025
53551
49255
6601
15863
31458
60919
59893
66502
89841
7914
77559
88317
1892
78167
69800
34634
41081
19701
62682
71367
34032
90046
49710
47705
53766
14853
35999
9983
90063
19225
35349
56371
17303
1695
31950
83047
52377
80973
8334
20714
74717
56282
31002
44863
86031
4104
59415
29999
18136
12835
52602
8719
40854
81216
20680
35152
7591
87115
88478
2526
40186
12861
52268
63928
32151
43017
61966
81921
7486
56064
71722
24979
21033
79815
45104
82079
52488
96782
60646
38653
23497
14192
26006
70149
86923
13016
42871
33240
42473
16989
39526
30263
2938
71194
21303
33170
37097
41097
5966
18819
83567
61148
70398
40273
52393
91235
91879
59820
48237
68584
89114
9039
24463
61432
5848
33119
67281
51675
95534
85176
71131
11977
92557
20726
32056
11289
58346
86117
30373
6835
14900
41704
92848
23006
54212
88689
85370
62205
45045
58066
34768
32015
38978
442
52069
59639
91854
37070
44878
94361
44673
99336
87713
57188
35438
42167
28104
39329
46964
76761
84264
64243
76057
59196
84870
57863
75609
9088
94188
17275
30171
56788
41490
4149
24296
44831
6895
49971
55788
48920
66787
59086
44842
26520
15618
83734
70428
40310
75528
50214
69862
5107
59665
41857
94657
84442
2649
23294
6934
71889
80648
49335
46262
10256
61664
31910
51154
97400
32104
65268
28861
30998
13599
71126
32874
3985
13410
7128
63159
37772
18233
26128
47531
12599
45704
30883
15645
14297
99650
8198
21765
6917
51872
92015
8745
72762
42563
27135
42900
8831
22681
91133
22753
49379
61259
95383
41974
1836
69777
77496
25773
54048
99850
75933
36015
83749
54931
22507
22820
82351
81784
98033
16280
14489
14564
80251
29696
9695
82421
63484
81957
89469
80479
69792
31406
13038
33243
24490
42745
63179
19106
69705
30572
5208
29135
80762
97760
20187
55713
50774
31097
3696
19206
45193
14625
22094
82748
22246
56640
88554
53217
26707
3330
66696
88265
86903
33213
28228
24893
71476
71610
20737
39755
13012
64407
35880
25184
95079
71286
59476
74035
79211
62065
1098
66345
53955
93244
54888
12487
12567
44484
3383
936
8150
81185
28271
37144
68323
72206
45579
55817
80629
78963
12193
9055
97435
4359
41763
13350
11589
75730
54132
65326
23147
27155
87173
63924
65765
7770
93859
28896
65998
39653
72246
6488
17047
40965
84190
87928
74004
49088
90958
80485
70898
1505
2554
37999
37151
89250
90136
60013
56772
50044
96520
74102
92260
58270
40946
62970
23212
14254
66465
29825
62626
45674
58594
81460
10702
50360
14755
90445
79780
9243
32107
83017
38994
56956
46207
83442
18891
88845
62519
80394
72510
33162
48549
38323
70848
97417
47805
1832
25754
15789
64539
57668
96666
52137
1
82779
16224
80896
54688
55113
6777
35225
27171
68401
79067
95971
22653
15150
82504
95928
85553
33495
49221
67317
58274
65134
51087
21019
87260
18665
4928
24940
62052
83924
71871
52629
58659
94235
60910
63813
73682
28842
92991
9460
99437
11350
37619
44118
4895
33257
23722
24213
5743
2747
90396
39766
21511
95042
23181
18323
31643
16853
82534
15184
44369
98984
58240
11413
51893
47163
32380
66278
5567
71960
49315
57073
90781
1834
79919
86683
37654
49786
38000
46017
29939
17828
70932
41539
37176
97646
45679
85536
11965
3222
23704
69064
61877
31014
68013
54195
31147
52969
80825
35219
22077
43795
83487
77590
3313
92042
23421
62349
64120
18796
63199
13392
11533
34321
10273
55380
21686
39533
96044
54614
36045
53784
16630
59732
21971
70422
27256
29420
81999
53711
60427
23868
37538
429
10383
9221
71906
85318
75132
99132
51032
89529
65081
52717
57755
99678
37119
55738
60163
91355
40216
13724
30207
74981
64630
9026
4565
58874
66416
1345
64725
87743
75722
13205
37990
78740
71228
9853
83574
33736
11836
32621
635
41360
89904
24900
20085
94859
12211
42228
50361
56609
31484
35385
9108
91367
19517
40560
8606
98649
99993
35992
28447
85826
16016
66198
21804
33851
37040
18151
51439
778
41877
41220
63707
88234
97545
80908
47397
39166
63153
20292
22503
98659
92178
45838
70108
65397
22565
51899
34309
47562
44830
742
76796
47364
20184
11857
12521
38727
14659
69556
82866
72367
4499
51781
83286
95652
1036
20695
35652
93407
20305
30155
77713
58373
19030
8787
29251
13207
31141
38580
93533
46309
94122
50280
92860
27345
60280
68498
42237
62628
97077
16737
19116
46348
87557
10715
64086
23821
94648
6594
1141
67121
13870
95153
57058
42688
72701
76129
14697
31642
73793
92787
24558
84441
94681
61828
28352
10976
23784
13397
2604
57623
64061
20666
44742
2206
51941
91356
51808
96679
28041
81306
21123
39463
95250
78282
42718
39035
83416
7315
63023
44356
9066
52945
7380
88121
35765
36853
32219
85837
49109
358
86853
65148
92111
77778
65685
56442
72155
50520
34499
62950
12154
73434
65122
90891
8195
98966
16514
50394
65819
78900
51412
51294
29029
68121
54368
13547
49756
39110
96552
31717
59453
15786
8478
10822
29412
15632
32554
56572
62282
43491
97877
19692
55789
25959
83238
46568
62180
18859
76107
27798
26776
50473
78306
49288
61245
87588
85483
60737
66549
50772
28643
31332
6419
51262
87367
16417
69701
33296
862
29363
45748
30402
59174
84997
1105
36566
642
94358
37705
53975
14984
26737
60902
45728
72621
35351
53755
7986
2487
57450
22964
70613
35004
92684
57144
52504
95574
52261
15083
78171
27025
23743
3202
22933
34899
93296
66509
84387
37791
9004
96270
65338
5691
88930
26990
37207
85986
2342
70208
29182
52947
64554
69710
14057
58713
72349
44977
73649
82548
57107
52125
56193
44571
77961
63728
37405
36795
56313
70824
73613
71211
3499
46728
33281
92705
41108
89647
16188
62574
3120
10205
3789
80127
89719
55897
11780
25183
5111
11924
17925
98586
79845
7431
88119
83016
97503
74672
71061
91904
76971
5959
58740
5464
7248
47537
7827
99589
31733
72080
21584
55070
39104
6441
32803
74725
98424
43018
52565
92528
21478
81617
71098
68115
67995
34762
82441
24789
56088
76987
53136
28303
28097
52212
23720
663
35363
1400
61200
16568
58476
29386
70295
7603
82583
51338
91151
66262
62565
21190
43459
60881
40128
89039
68855
14233
73020
4481
19544
95902
67877
62672
94799
81500
19582
81121
66999
84426
27064
89017
67196
83870
7833
97777
26777
97937
15956
31766
69180
94355
27299
88825
99011
13551
68812
49733
83248
90045
44251
94497
34414
82956
35738
36044
72013
92491
14964
21203
54810
48288
95537
3378
58552
53225
23889
50875
55417
77012
15281
24784
78005
90238
78053
20389
17503
78925
93370
97238
38999
33083
58104
81881
71854
45640
57032
12763
63806
2481
21527
89385
36428
30452
60675
99443
795
15319
24026
97830
27864
74790
97554
20885
90173
57024
16483
4044
46707
88826
44745
2337
41936
21186
75825
3342
73673
92811
50666
95841
86870
33832
95528
99775
68341
88096
10645
65128
53773
52162
37753
91680
87520
99990
76584
3915
60551
94007
40776
62286
8781
35235
43369
75852
77022
98566
35601
64945
71451
37141
77155
27281
70694
11642
51066
86237
43575
42188
51207
55496
33021
16792
21000
74113
84517
69196
32299
39769
89681
30772
77021
19282
82002
66079
15002
71059
11985
43848
62078
14284
98338
16990
89479
14411
9633
56968
29850
88678
7822
31876
40726
32099
26072
11433
49280
28019
9775
13116
35636
50773
16186
16908
53374
25846
5671
5445
66060
5005
89159
19104
71654
46171
7968
76203
8455
58022
47336
36247
25498
89057
55596
83772
10056
5822
48735
72301
20119
67069
68324
42189
15461
47839
93443
58146
33376
93936
60461
16896
56374
32829
48533
98027
27538
46061
54768
65668
11992
81158
39373
13843
34990
31543
58911
34101
6638
83580
13039
96015
26477
2910
68303
53115
5802
93870
23925
19750
90976
9403
38649
15744
4586
58210
55230
21370
19539
93934
69310
43976
82725
31294
31736
55982
63738
33246
96611
85843
61130
62101
31184
99328
11055
80354
38761
34351
69192
18988
71417
62363
8637
82703
38759
98727
50743
58841
15961
6396
68062
8102
78851
78349
28700
20335
58839
80286
3821
30986
27421
75840
616
55313
25562
51696
32752
46639
46509
55705
416
20736
59300
11035
24208
60085
24737
39273
50717
74475
68816
41625
46923
47086
98393
3491
61882
35129
65014
7728
91639
4524
61225
77708
52057
95305
96524
40272
28220
76114
82121
32315
60398
80963
67500
42466
66004
88827
78173
91386
86954
38182
51365
22866
1779
5579
22583
23460
74898
98032
72046
36865
81204
5742
62461
50484
65853
71509
1542
18117
8258
12801
47543
70349
39792
97950
66604
26993
27060
98302
98178
50347
42396
87270
28784
4235
76809
85896
76531
8242
75887
78642
91689
68237
43449
20683
68492
2782
61979
27320
52144
64052
2068
37935
19729
77216
51301
99225
10465
93712
30504
65813
63369
35039
39848
13500
20303
24651
30798
51659
20185
53165
20828
79299
9613
73552
51438
91966
13324
40115
13749
72973
21670
3242
94619
96361
2515
83372
8511
42364
66234
66295
85197
46873
35503
81270
77889
83188
54326
38192
3428
22462
5821
32898
52751
38689
8830
15992
68307
93620
78648
37310
61153
66160
81137
69200
88970
35040
30305
21074
2968
35535
21445
3996
82272
61593
54331
82806
68544
87279
1957
13379
76218
6525
8990
51465
7121
75241
60836
56908
18006
91932
9337
31080
94853
27696
339
10293
57127
1085
67835
82802
73374
57288
93541
82775
66536
69935
29985
11806
31027
69242
16513
2242
51647
87608
74826
56295
22331
77106
78710
84746
69203
83529
7240
81344
66324
73732
80574
8057
16240
10370
18807
11247
33463
96376
38481
69991
4313
14156
95976
7729
6265
37763
59218
18207
34465
4520
48177
86669
27150
93671
77117
73947
86108
15868
98141
50225
13899
4038
23321
58125
70845
2898
6035
38387
48109
36294
59007
37974
33698
47876
58009
66293
43318
34811
724
63640
87141
5726
82226
81019
6567
13428
83783
55043
81325
39564
87760
28263
1769
61255
19979
89821
91884
30616
39302
39344
43085
14578
90415
87059
57136
297
6343
28322
21126
46245
96264
67378
75171
29257
10037
88131
25671
48443
56433
17941
84655
23463
42936
11850
88517
33301
42400
1783
72150
94030
46907
17985
74067
43816
91442
31633
49082
99548
23110
70988
73943
28949
68044
93598
60741
47841
44595
57934
7018
54432
28618
48875
80635
86553
85835
54736
26365
2612
86179
69616
55516
69080
60149
53540
62206
94782
42086
64918
2823
45767
16997
14751
42004
13190
32012
95476
94145
8516
77066
11618
83439
90456
97408
77802
36372
64415
84754
55140
3244
10648
41266
6133
80787
35663
20839
29558
10889
90345
61641
65904
49411
23511
89036
61508
59884
45636
27517
69118
9973
33022
84863
24451
80047
1327
70052
50291
23885
76167
12371
71438
19405
29144
29446
12312
49656
86844
54230
74089
72950
94917
88398
58652
45493
22241
59998
8274
69795
83499
2328
39633
87153
52241
93251
58859
75666
82253
58060
92541
72098
6444
78844
88442
87134
75504
55464
65316
13922
55658
84446
83009
87837
76341
6041
23577
88785
90572
92864
87163
89043
72027
91940
1261
59053
79121
74914
66899
60319
44073
48346
24553
49832
96381
62973
73938
48525
98915
11273
27331
54772
91461
32794
97369
949
88666
21797
37566
71301
52337
60590
91459
3627
6678
58535
79412
27515
42747
23103
12157
19202
35589
33035
10725
96773
11483
736
96451
2505
98039
54830
6690
54928
97776
74944
44935
69974
23535
16800
117
69939
32119
13184
28765
72732
24788
64370
77010
6649
18047
96272
21684
11531
85677
50893
95316
18351
37783
20705
23515
4401
57897
40197
3401
98555
75624
82984
240
74205
78916
96642
62020
18229
74002
18091
54734
83648
72746
46658
78178
11086
65968
71848
63838
47201
61951
16066
89976
74201
55416
50969
83804
62999
71220
58502
12996
46555
49501
15998
18037
83719
35773
90660
38185
64820
38360
15194
1280
8229
15366
94634
81903
53492
67691
4605
20760
89842
24601
90586
97975
49396
3938
18886
62918
79556
56874
64848
62371
6081
9828
32399
93142
3803
1168
45724
55955
52833
65653
69168
72265
85851
86074
25227
48353
7183
43440
41934
94142
96400
97462
6783
35583
27992
44105
86924
90496
67893
18142
67246
82584
53174
75756
28402
62483
80249
82413
61981
33657
53690
25146
17793
70553
27851
2458
75291
83041
5622
23256
64868
14291
13446
89366
52838
29014
67805
29064
63250
59826
63830
36832
23809
49883
19386
20366
11371
29236
68678
58122
98418
63217
7094
64935
30057
64944
21437
21913
10292
83496
54486
9565
75450
22922
12122
44256
60175
37134
43347
58337
22994
58922
5186
67685
96567
65222
58935
65621
36941
52435
76010
19280
87233
80348
36107
92808
86264
79817
15084
47504
78121
65850
4635
71245
78546
59569
68890
59225
23409
29556
97754
99861
42751
98788
92334
95434
3283
90888
46803
97120
45982
89901
63328
71582
9870
91089
94273
59901
10376
62844
8331
5256
50814
22737
72547
95325
67933
39867
23957
29899
9286
93309
46434
66372
45655
41349
39948
60098
70701
7753
97393
21647
44521
78858
21858
72933
1142
20583
29496
23177
84696
5037
41033
85874
39673
61836
29518
64103
66064
27865
22912
7027
52985
76147
60467
92527
66490
68583
72228
91287
85444
20908
17590
18372
26033
31936
37825
8391
63093
92969
71924
82453
38730
44269
8485
90518
84381
50329
56228
73742
35136
23312
95090
83900
81178
60366
68317
11317
96753
7655
53921
15377
96038
58491
34068
72463
67509
14569
38703
65822
31095
30230
25180
90532
24750
79540
79005
42128
64825
89981
22975
42037
16039
65232
34790
59954
10979
18395
25563
69102
56362
6860
96208
92729
64621
44568
26169
15652
7422
33210
16265
65624
8451
68181
95604
54731
18607
25573
87818
91810
27685
41950
66440
56279
56356
79937
62707
27419
1483
30642
62397
75156
94601
6207
50370
42088
87388
81501
50567
31126
3919
72087
28783
91993
91421
89111
16060
70760
37449
96591
47982
26214
71209
67534
3676
13245
47831
54763
3913
34423
20116
43765
28853
13767
76860
17586
55352
61466
81515
96986
18468
68941
30601
77307
12325
54630
2090
25361
8072
20165
15783
81818
90502
2930
23935
46232
53896
5666
93807
55506
66410
43528
87781
86174
71886
47678
33088
57204
98612
33446
24366
55655
28482
41523
40645
50211
62317
7197
71736
9966
59832
47605
89827
77065
96040
96438
82905
6103
20827
2889
75510
14377
35083
41000
42337
38496
40998
39249
30071
74739
46651
59189
54220
45736
30369
27511
51698
27799
95721
27866
62505
82186
48175
71714
59506
95631
1263
20017
47310
62665
74776
89106
52155
75573
26750
61573
34684
22841
66161
3178
24013
82840
50372
52922
73042
92329
585
76436
40004
41796
43145
67073
92763
11536
91381
52792
98089
35623
46970
30416
78673
77131
36807
5501
37625
35557
22080
98160
36344
47512
67241
98961
25247
69717
24122
11110
84407
38040
9742
74764
17617
31506
7264
41903
26333
66147
87900
15481
7742
26584
14263
57086
72847
22641
35754
94249
64967
73111
7466
76599
99449
60815
61383
24432
61407
23829
85489
14738
268
12180
8972
36109
61999
77781
45725
22829
43279
51304
97205
27910
77046
2008
84868
59385
93091
69232
25836
51534
64862
93093
57274
42389
92196
93886
80027
79956
16813
72047
81576
26476
3725
71964
66224
55934
18340
24292
73138
18559
8487
3743
48588
4229
82129
88846
64464
39076
87854
69870
91295
53446
33631
88566
82223
6476
42325
71809
26158
46390
4152
79466
39918
38651
87242
14548
7321
34345
34986
43049
53517
93604
81194
66817
92728
37872
21076
17921
35426
72974
33650
72404
59146
48827
73885
53272
5430
89440
73547
72983
80715
39851
51742
47687
57768
74735
6998
4151
25615
4588
21502
72479
76874
90699
52362
74146
25103
98815
71846
97804
88823
93301
13193
8839
60666
57571
6761
62155
43596
48947
902
86652
48285
6339
884
76729
36303
90948
1466
61855
27949
46083
64538
11799
44206
54232
71474
21590
96204
54374
62462
24163
57165
83493
78841
83093
43981
62026
44231
18885
96873
9494
76189
4973
92050
17130
84109
75564
41150
28799
11831
41256
75673
68605
10752
78267
96203
30570
88876
86862
10113
74885
78407
30669
42615
50710
75761
45174
23306
96747
583
5924
46902
76509
41116
92957
12525
87373
43905
33770
18377
76735
39662
59158
96480
57039
65919
61265
47348
48441
32093
70168
33677
42326
77167
204
20740
91924
11011
71774
15397
21688
86562
97865
53117
4059
78532
77551
63284
76356
13818
70627
25135
26953
92689
1391
68934
8735
63862
58939
3955
70807
90632
22388
44380
15796
24053
80433
37149
64264
46927
51656
62427
34247
62490
98099
83105
29816
11508
84062
24596
93238
17638
20688
8697
40898
14895
11145
5617
77974
74268
88565
32110
95774
74574
48866
25494
79007
23328
26603
6123
31521
4682
82538
72643
91480
93249
15489
87549
89743
94219
90221
91113
11721
38928
50175
54084
15231
89448
98030
32261
77960
29387
58789
20992
93305
16447
62431
48717
51871
65682
48528
4559
71424
10883
18299
50624
30441
19818
75151
17889
48042
84920
81860
93545
57551
17568
93172
94452
17067
96702
74198
79512
82585
23044
54659
30882
13097
2607
84175
660
7592
48890
67718
25865
55322
99287
38587
12263
96840
54640
24585
47921
60369
91051
30050
25385
34856
37486
48631
24589
22308
22628
91760
97122
11900
19960
11335
42329
76693
31686
35367
85647
36135
30102
9838
69591
80389
63976
50259
92761
74998
83997
82276
26544
62576
71021
54700
5232
44089
36713
52141
92049
76884
35167
23045
86328
58336
46539
57589
40064
51349
71091
42024
31771
16557
48183
24095
63504
67098
3731
9862
66503
53031
17808
11872
28156
11997
95456
71482
62053
96512
56694
59474
15169
53407
20240
27762
73058
47084
47341
7151
35464
59130
28328
8652
53591
93494
87117
32487
54858
75343
93550
74390
86164
16048
48910
13467
61806
94685
55497
51599
13970
59153
53803
9490
62774
17771
42980
97102
36503
60510
18155
4946
26616
96191
48835
72997
3880
13482
26489
24984
63288
5471
42708
83149
36292
87021
15957
54552
26447
84283
54909
27646
78566
57077
71934
51161
8137
58702
60132
45855
65841
53906
61104
72198
27469
99523
81704
13950
50199
63319
13721
75352
90538
60449
84397
49798
45834
38875
51208
43619
63031
51060
45821
88625
77460
78764
38180
70933
83486
90677
64027
29413
69611
49107
64924
51699
6688
77420
6167
48981
14662
76746
18907
58555
92625
25878
42663
24946
74794
10732
81794
28062
28548
57157
27307
36406
52848
34921
49662
41924
82138
95812
80853
5824
26664
44767
71003
11632
97185
6254
20883
63854
89146
61458
66661
2283
79660
67951
83536
98867
92978
21543
52469
87435
70473
20517
82880
16182
62685
81256
24444
72169
6841
15356
80450
66925
82868
61897
67947
74247
23385
86830
85917
19899
45272
49427
38412
14331
84479
58558
47700
72104
59870
39334
71094
15599
34201
6838
20744
44120
24540
97517
65246
8399
58792
6240
41021
20576
19158
78319
40133
485
41843
60704
72924
93033
42536
37154
48218
53091
13898
53979
42076
93738
99429
25781
86344
28739
3273
9707
53696
59692
14651
79352
95664
10916
46175
30655
48556
80735
4976
11514
24068
37257
6506
52835
25540
58784
9453
66534
41171
35157
4325
3119
13068
99617
35633
36619
55512
44190
70319
26594
6450
8923
98714
59557
62558
550
54733
70498
79472
22695
32294
15730
66974
90734
99150
18462
92153
51931
76680
19213
3755
21829
8205
81005
46059
26270
56724
30928
40652
95103
86528
24514
71130
33364
17426
6636
46030
90258
53820
5871
44444
55602
73201
22143
46717
26124
30749
13459
47920
65550
70322
55532
9893
78155
4197
3700
24915
59922
29432
69404
21824
52138
65462
88732
66266
998
74022
8961
6765
90361
8783
77368
38321
52430
6366
96262
25328
27183
55729
22634
15784
89267
34527
4452
45814
66927
92428
82638
91579
19736
88137
65225
12586
32363
80239
96894
75640
11715
88618
85048
87286
23711
19443
86694
35246
4996
66542
73119
6386
69084
17232
55740
99228
85457
22539
55027
73302
47409
86231
72888
85301
78874
72778
21414
79970
3189
48095
82639
58316
19036
68884
91761
67570
7353
57546
94226
8453
34715
35109
55121
1093
75721
9315
28928
38606
37948
17532
62202
94620
36899
46114
20189
88108
87369
4306
71742
143
37421
20565
8233
9808
37636
24681
10013
37364
46086
84741
52901
83125
35336
26627
42450
63534
82260
88444
25725
53119
12657
69678
52556
44676
43636
77180
89187
20989
72249
65882
86835
87093
12983
7420
90271
6874
314
44199
57588
66577
86008
96380
8714
44139
28125
95168
61037
19060
37444
59386
75929
43202
72378
67644
62908
58290
99815
44312
18627
62419
9891
94027
50205
61108
26174
96787
44992
41787
63360
37446
46521
22335
74939
25176
59012
82011
72020
98215
96696
84082
81149
35877
44270
50015
12142
70683
59475
52813
43203
98270
34055
43640
84785
44544
5075
36126
22544
72840
33651
84875
8421
28168
10600
62813
57386
56450
57293
74446
52732
42099
84545
6465
68426
81569
72337
21320
30407
38036
8963
62307
1461
86636
6028
11133
13387
67176
52369
34344
82563
1933
59553
14347
37035
7450
13363
19152
85956
73731
10643
35658
81106
8148
39519
70509
2925
61977
10572
77767
23536
74452
23139
94730
94993
88388
6689
12296
61740
65665
41098
27498
41448
43847
8116
40522
32405
92485
45467
53022
25081
22085
56404
47473
9834
74490
54227
4378
93854
86506
63553
1079
35317
90710
29605
89439
38919
46540
66090
94771
89417
71633
11134
31785
47675
58033
30007
23762
27895
8125
60272
64329
97203
23817
48227
30010
68026
29430
14173
23671
68318
76125
98420
5688
56113
87661
81888
65646
9349
2556
82326
73709
21786
15726
41842
11904
74580
17290
4738
65577
19032
10327
35704
67115
71956
23774
58775
97030
40012
30342
10914
43856
735
65584
4818
27370
40671
43095
70359
59677
22394
224
62197
30949
44983
44834
29094
75913
62806
89650
75876
54447
56424
7386
12814
12558
30561
15994
17319
78903
65327
21488
30639
34023
57873
202
9361
62833
64560
81534
39277
77039
93837
66010
96794
13593
63495
73015
59981
67929
50722
75532
15872
60935
69802
67886
89848
20656
71794
38213
37881
38533
59957
39338
36349
9895
68334
66408
26516
59812
81088
33168
52863
50413
27016
46683
75687
94971
80656
34985
87315
59584
2484
52921
98426
9194
91530
99357
69116
13739
39607
41627
75066
94224
78080
53196
33461
56825
11211
99084
9511
59738
36892
63170
47956
66544
77018
26148
86040
32575
70381
74258
96252
25340
33157
24929
80100
54655
40109
62796
88061
47313
65612
37754
69938
4208
92672
89372
55943
61349
53156
76639
67490
46895
48008
762
16195
81502
71420
14012
46035
87263
23194
66727
92123
70625
78372
59249
21730
29441
78609
11712
28878
21245
53557
93157
9514
98443
82579
63639
43208
42173
29981
49757
46737
73647
26728
92695
77702
65541
12966
32725
63589
99175
49235
68617
64898
38136
48943
56736
965
4913
50226
74835
4097
71088
33193
65870
45343
64926
33943
53939
29003
43296
61325
95114
72988
94420
44399
90842
82754
56549
82761
99730
97643
74859
95136
97403
91087
43639
85509
82310
45536
97778
18873
49678
11243
28816
94786
9185
66759
2978
51323
54186
75422
45006
58085
72005
28308
85343
60363
90744
8041
74932
22387
50033
34662
75482
49058
81696
24857
83142
18379
47719
88585
95729
64724
85710
27652
25622
12982
68234
41120
95848
30885
16653
68436
91344
58990
10153
46420
56806
19792
39676
10398
45630
49897
55062
48262
14273
43311
44655
5685
47573
28629
60161
54936
6286
88549
78224
81173
18506
16378
36142
21535
91366
79735
64035
29704
80016
10943
48099
67449
30326
59753
83435
52180
79851
19015
62691
97855
3853
18067
43545
94087
10994
85583
72942
32228
83794
85942
35572
44253
97082
59679
33462
89502
47917
84150
13796
61375
4372
77448
73615
29072
99778
11482
33457
92620
9610
29484
42280
20266
2773
90904
93128
94164
41880
21422
10417
86011
54994
53244
45157
63489
65252
95471
20936
42416
50264
60131
87201
83539
54328
20690
32599
10936
10830
6328
60315
8775
60362
11597
61671
16899
22485
27968
52095
55517
9521
4392
58843
6314
68274
50158
79365
51491
78644
36483
58108
95206
9393
16381
76032
30294
51668
93225
85764
59287
10079
98020
70376
94208
70229
8352
81750
26936
99395
76771
77185
92081
78678
47598
57272
99783
47793
43951
46268
13679
12707
15904
67596
48116
68419
31051
98603
57455
7773
78504
76393
83680
21861
27532
92561
95403
56998
43322
38361
95034
49675
40316
31139
75769
15444
57351
3936
44040
94735
56873
820
73743
93911
16664
94187
4307
89362
52308
58139
98038
48444
10776
97404
54553
7104
95587
10412
40249
41972
64744
43233
84529
97504
98104
75180
97924
45915
8193
7802
44951
73113
57985
66436
61308
15211
92415
66710
89170
22337
12453
94852
6878
69147
99193
94160
9331
5045
71874
91835
30479
30174
81914
75724
55482
51484
64458
94251
35396
23810
61681
48673
3402
21624
20727
61553
49124
4159
74892
12088
26680
41086
6172
69442
12497
79010
85667
1974
8622
17601
64288
58967
85824
88383
25691
73467
13027
8010
25458
59514
50866
53567
18244
29997
27019
28210
90208
1928
87808
92228
19172
27439
18610
76205
99553
53965
37572
59091
4783
90167
51764
95341
51043
46705
60495
16357
86332
22973
58862
61627
86867
62472
10789
37309
80173
52383
64071
50756
38865
84817
91209
75717
27741
4971
68135
85206
65821
70408
78232
24429
71652
58271
97556
93656
4472
55620
29460
20910
80340
43723
10639
17004
99056
80996
71503
98756
69564
97782
63168
26561
43497
64190
7847
9599
36694
4655
3710
84425
80531
57699
87103
79742
78591
73537
29425
3061
90546
12189
8201
35705
93912
39082
78705
10415
39330
53968
2617
70962
25174
30835
36683
3458
20171
6042
59177
14252
45026
51555
62797
63405
11983
37611
49696
13712
13707
99718
22200
47853
47040
86518
67791
24076
8645
9390
15654
17481
24814
44220
80445
94647
65179
43356
94538
11163
60742
75793
73460
72032
5766
63190
1479
66584
36856
22181
298
10137
72970
60748
33266
32428
80646
35504
83260
82867
14
5494
65288
58479
31367
4579
78861
18106
33531
79367
4034
97331
72528
4590
31158
78313
69074
88479
22416
11562
92426
57834
87330
98953
80223
55457
97584
75452
16015
81266
80692
78836
77151
26392
81410
86393
8589
73511
58484
89061
81688
35097
3016
91669
69629
16374
60121
98521
85078
96435
82112
34206
58989
96562
67003
71405
60991
94689
79025
473
87385
58273
63365
76847
44170
3374
17381
40531
76976
70854
37388
23737
99700
82377
18501
67352
20391
27764
41538
78986
729
38423
60525
17239
56301
17115
63871
37489
41967
92619
95556
52409
18669
40769
49661
39879
32930
48579
3324
72220
51442
26226
24773
23761
93819
11539
63526
54365
78713
54445
31974
7831
89893
42773
91144
32579
10962
62137
41846
91832
64779
9961
20450
84070
28897
40802
65975
2105
83925
36302
13455
18602
92083
67612
78683
74964
81235
21553
27524
78700
10255
75965
9871
16524
20224
1090
16677
1252
54477
92043
40844
69613
19548
81103
45802
35423
46437
1604
427
6661
11152
6699
14696
91794
79401
19643
2564
3709
21354
34060
6473
15675
44950
50622
18625
98865
72918
1433
54053
25869
47361
72795
19874
37219
17974
83586
89480
41545
64753
68933
30559
58178
59131
40528
19453
84128
23310
70346
52105
58153
52216
66347
356
52940
79755
52676
30823
69652
21371
91840
20332
92748
23054
71817
11122
65718
77801
11786
27168
70212
39310
33730
92283
6367
62935
32897
21627
42662
26807
21196
42926
4054
68833
26120
53431
91914
9980
79595
5885
1002
96107
15591
45346
77484
36742
99819
91457
8663
62266
85926
36001
61207
80958
3612
77793
64876
19521
82192
39746
49206
98664
26236
66646
72541
75364
97330
28985
74049
96486
27914
41169
68939
16251
40547
63779
869
52816
49657
25133
96224
37649
45143
9232
81817
53920
86269
7503
45862
48964
11837
39625
58013
88100
17288
56556
70903
48894
74131
44414
45442
20372
92308
33527
87632
74019
92463
22145
57856
17618
77856
78652
65257
77909
73092
61463
12583
15009
93876
21620
69596
66919
80453
40294
5808
4418
52723
55082
69449
6869
51366
21342
86038
34857
92348
61328
48250
89135
44666
83960
34198
4183
28746
65368
4443
99945
41121
30566
85561
94296
61598
34014
3977
54737
92192
45288
74935
62247
95348
18094
95989
11233
30987
96266
90990
1572
47418
22869
61923
20768
8884
34803
97024
18337
81287
97742
77017
32102
41730
58350
5017
23327
47935
82227
56875
78800
41734
97983
52820
82749
25733
96530
29691
4053
39646
10743
51586
44494
25659
38246
73312
58746
17427
89829
12768
72678
7160
41464
66615
96094
12148
19702
12850
27561
93441
48758
3959
40340
55406
44558
80174
48578
65864
20865
14592
48543
62375
36413
66600
5546
8930
46672
34425
87600
28398
37669
99756
26929
41170
26052
29259
51308
20671
71023
91948
25063
29680
90431
82619
81435
91163
93255
26276
17295
91420
74811
52062
38088
77692
92399
67359
95106
63621
43761
48283
75402
32927
58375
37223
60211
36327
68765
9209
81643
21835
80426
91540
56298
66412
58383
20694
74786
87764
55778
24494
29926
9115
16117
99195
12718
16817
78677
84672
53184
93124
12824
34966
43805
36395
19088
26530
26150
97086
69736
12539
6947
61167
64909
77341
26942
3567
91399
84200
55674
26729
63370
28924
53938
67628
31182
4003
69008
51077
88035
72003
21604
75583
70507
81506
59011
84147
20026
45145
67816
82063
1995
43226
53880
96317
10063
24390
41810
56680
87960
47262
84702
13432
51149
52113
12055
11036
57591
829
97595
6747
6740
49476
24806
75111
76736
81650
42489
49
35204
54893
50684
13246
76296
25908
94896
64900
46778
41154
97774
61902
65655
32305
71340
10305
5539
99051
3381
41245
93691
53625
30821
6915
90942
13893
1271
50862
47664
89169
7824
1932
44
80921
94401
93392
18895
18385
94156
12590
85593
70776
33082
3106
3196
90142
12935
92948
29435
26377
17371
24595
50881
68550
93399
19437
96045
82043
75445
68414
90256
76594
75672
19076
7492
67356
23422
1240
55961
52490
96108
40476
43112
70142
63822
16728
39469
83823
34801
59067
71724
31768
87706
15967
69164
12827
64706
15431
30167
27712
40247
68276
81
62946
95096
24541
21463
38777
16746
14416
34912
15659
48414
32143
7966
45757
10405
97293
65689
88075
30331
94616
74235
45877
87341
9023
22232
19027
36192
24683
34635
37121
33721
86680
23522
29766
46750
14630
26822
81753
94010
67171
87075
93060
27737
97884
67798
75513
55690
97167
61941
67270
73384
29913
93536
17693
58777
98119
24294
8479
39483
17174
42732
2235
24735
46551
56071
18789
5406
56021
23470
64156
71326
45492
54490
73805
59001
70180
50850
16745
66318
25169
37788
18768
44774
63002
49326
55401
42007
75194
12243
73555
10310
11046
4506
30909
91935
28493
79170
7460
54897
25964
71673
75804
85946
50050
68235
82408
32533
81129
17758
63162
8734
92340
7195
39620
10485
17280
81371
16013
38579
84310
87442
83718
98916
28939
94239
86161
63518
62006
76160
73861
96037
47325
60030
70355
3254
4614
68981
32162
26744
98809
33793
23674
44175
44086
40479
22836
56781
75842
96595
36301
35728
57211
42482
73644
54770
92177
54420
2903
29240
3017
21249
79482
43900
30276
99563
15906
18165
48456
69697
38697
52993
23934
30493
61496
83277
24630
31668
36258
64261
95025
15370
22368
30923
56101
70911
4960
70298
96256
63997
56585
66966
59535
10486
3968
92652
49161
15156
67998
2091
10547
80253
61189
78402
90515
98532
35743
95273
10302
16468
95912
10391
45471
50309
83601
40930
27736
18555
79527
27805
44397
92381
86813
96129
12729
64546
25366
2913
66020
76654
53457
82250
88913
92854
48326
73702
63586
57752
15402
9161
37738
10507
18786
81147
759
2021
74933
54259
61832
96012
59906
59839
26863
70377
30541
95158
27589
82570
6894
73922
15750
32388
76008
25892
51245
50143
47665
35429
38106
18592
34785
77557
50499
98568
98678
28366
55625
55474
55836
38869
46976
95491
29697
40066
89906
81838
16488
67855
57844
33611
27794
12039
30985
81979
33212
94629
75630
70829
20629
46095
11143
75637
88730
35951
85221
88253
39001
75105
72139
85041
26304
91464
33537
5852
72345
17176
24978
65321
60645
67263
94131
42543
94850
55037
50543
50258
95777
18928
43121
21651
68926
50635
15914
10491
59044
28637
45216
15972
96071
11729
98795
84532
83895
6960
64422
61025
13117
55977
76662
32940
13583
93398
92424
19484
73431
22589
12480
54543
60259
39301
19611
66743
22744
21277
94057
62416
163
39206
23031
67221
70049
32253
53017
71880
46345
28255
66663
70827
40185
25814
94168
19222
83782
75696
45664
78103
32132
30087
97155
45517
79975
82693
86752
98082
10409
91647
97436
37819
80481
2957
89669
54086
38001
67675
23955
26094
31501
60021
47212
84249
91007
563
48666
63958
50502
31607
15210
89584
93153
31487
9776
75432
79307
74639
91416
69044
49333
60335
34472
79168
5820
62164
62044
48148
72252
8878
51887
29342
25378
13405
95893
66422
60788
29145
75646
87252
22618
28203
80155
48404
88267
51104
86333
19270
28269
87924
75292
84964
9678
2907
65001
43105
78493
21573
67272
89585
99462
11506
66444
53075
33892
1009
66215
42351
67679
47735
68971
92937
4162
52458
97285
28075
52527
7091
16690
57984
39474
61331
17156
36581
99154
28750
94617
3284
76016
93393
3496
75948
34534
978
15812
47513
66232
5652
36682
97123
41225
84125
36254
989
24693
26423
84502
7429
49042
26387
87592
29773
69208
48273
18576
27506
60258
31778
22302
94284
21155
36439
81114
70059
18202
21847
59428
83581
2581
25128
2619
50018
24736
65193
69138
69217
99406
15025
16279
53147
10522
37170
4332
74221
98057
88489
83947
33236
85651
46861
18343
67407
83055
51118
10007
2973
51153
11281
76421
94635
19984
53988
93643
6467
87735
41364
88608
7522
99151
78420
60275
35674
37583
62612
79097
3864
95799
61796
96027
81278
91833
42279
25792
34867
89359
76115
80540
81011
89654
17975
70012
67330
34751
52663
23521
18348
40334
72915
49254
17742
47521
61852
48377
11897
45230
53300
89207
55335
90484
20129
1810
23204
44233
37064
67797
93756
45097
52530
64490
93444
60859
26257
60286
98362
37415
9192
11863
2168
2764
61845
98907
60593
22640
43403
93365
74962
51008
64231
15094
17697
93996
29751
99441
3628
28445
87478
95287
63724
87644
82425
21257
69281
76401
18564
4867
18876
65415
97917
31998
94743
22669
53676
20848
77333
12694
26546
85161
47082
79605
22017
46877
8599
61335
33308
76277
32886
8524
62784
1229
63351
92737
85150
667
19589
27856
34325
19687
7092
68857
30058
39789
48647
51353
55800
36272
77471
44923
94480
74034
5196
27160
20423
47907
98580
84454
50299
37389
48165
96651
62520
26162
96593
33373
82808
41470
45034
73251
76982
90636
28920
28632
20079
34891
92816
39682
11522
72173
68210
84866
5517
60632
39509
48888
16215
59426
73437
30725
29823
24421
12501
97383
54873
11660
12895
64555
45824
25772
41010
94088
29176
65918
79522
3005
8994
25775
91402
90883
23100
47509
35053
23520
94158
98646
23892
70409
21507
21819
99179
48774
59285
58779
80770
60057
72119
85813
11662
97135
37850
49243
27347
99973
14302
70943
43807
98307
87174
12044
16507
56437
43771
55700
71620
85757
25564
86732
68575
32631
9662
20689
45345
55160
38249
53423
58236
47461
26360
29234
26330
57756
70373
21415
46115
68869
6744
89202
43003
2568
28979
42617
90779
42009
17038
80833
3617
33659
19063
31159
53370
38447
62855
53653
50580
87395
25189
35632
8991
77760
33843
79300
7809
73654
25768
3492
1986
48298
19322
75196
82807
98180
67781
74590
67364
50440
64881
79601
6545
47062
47904
20411
24731
35411
81960
59093
10445
78829
87305
93974
37101
42036
88292
42835
35068
81678
68251
53586
88652
30476
70766
87930
82174
85309
3511
31128
61482
85272
11217
17305
79613
20377
54908
43749
20559
68795
30773
71572
17505
3308
80214
77274
5094
12821
28414
14987
41756
31953
29702
73270
58381
54283
94012
73686
3997
30284
16104
62994
47919
98785
60381
48155
44327
78190
87475
69597
62708
68090
16218
61613
61315
48079
40440
63476
14189
4266
87890
50234
37757
86490
218
81471
20117
10147
67068
26779
65047
40415
19959
43480
49599
93461
94390
57020
69280
78852
79163
9860
12649
67643
70800
18959
88487
88122
58187
36414
744
17786
45432
86447
13503
51337
2828
56668
25294
97738
77267
71936
40466
81063
99439
69077
83762
97458
48618
93847
35427
32774
38976
69063
31059
56710
93286
99393
47668
32706
69980
87626
44705
18867
49549
91733
23558
70644
38304
94135
33394
17698
32089
80506
31234
42264
9792
18143
23851
56012
15875
4687
40472
46460
75944
37970
47174
22622
48069
88725
44692
40259
92344
74492
1539
42230
14958
67017
45195
16352
62613
67245
69670
94661
61323
20126
86029
49151
98255
78665
71274
40984
999
12012
30189
36499
32387
92925
66497
96688
88337
97133
48927
97905
27583
14993
10807
33141
43880
9078
77337
61655
8646
64600
95130
12656
2946
20555
42142
91455
68162
81384
3759
14396
8671
39922
80956
31360
66712
92997
48635
69817
81883
39000
16285
36486
21121
42671
43653
61517
85359
81186
78410
55361
23378
3412
17065
94173
77524
58695
52686
34274
16043
10723
52764
56334
1958
17256
99031
92884
33153
49881
25480
87428
86765
52685
58247
55701
913
83421
34249
85563
11338
28487
72921
40618
9040
25139
14574
22746
69975
69946
83770
49637
12164
95259
91188
51101
11929
34384
24568
43082
53448
8902
50339
19734
17556
53660
78607
9128
22864
80524
26714
54597
54962
59063
35893
7362
81965
68569
11910
85585
62366
27871
5127
59344
21174
64309
61467
27140
25415
62753
65784
89839
77392
46585
5051
82239
48897
96090
92939
66130
96212
83953
13929
51238
16767
29347
37794
73443
22379
87966
21855
11029
98762
91665
6145
70906
81654
59340
66940
21949
70332
42570
58647
27927
96385
33670
90702
73100
30746
76941
45638
25763
89205
8824
11596
99671
67745
49473
15318
60313
67564
99020
90738
47783
72059
2425
24102
69581
5217
74222
73964
40473
7372
84733
86970
74377
57491
76442
66482
49317
45443
41144
99777
21881
18516
17458
17577
84808
26136
34071
13141
2801
81642
80225
48130
32479
37726
6612
24499
44070
88262
31809
14439
74509
76846
31535
21452
43124
74594
30225
46357
89326
93019
11696
28852
6585
14953
13024
97448
73219
15323
9373
44855
85420
56453
83178
22391
59544
42955
67536
72815
67527
82762
1513
8785
97301
76289
93802
73423
77850
21485
78044
51558
42514
43536
84845
18903
94037
27633
73562
23516
29976
91608
36957
90156
93580
27198
10876
4166
95629
55936
41795
39675
18383
76637
99304
61512
95256
17395
37952
89006
462
45425
30532
41476
73976
67390
16230
71985
79155
90589
74121
870
48278
72584
74861
98473
76863
189
85685
59632
10495
32741
36552
93422
9201
92363
46267
55787
72462
13591
73282
9386
13935
6876
43877
33778
92207
63212
3779
69347
71583
32246
19413
25220
21621
24116
80687
64320
4136
37610
89016
26350
38671
59543
11844
97569
47296
88286
28463
69857
97668
50274
29345
80339
49520
79511
152
49054
71938
21214
94354
35033
35594
91430
86821
8450
25354
62611
62927
32390
25710
98618
84857
41862
43207
53966
62911
14124
74782
43177
14551
49551
43469
60584
94755
55813
46734
74480
45236
5563
78123
30093
69009
33702
90795
86259
99087
23550
33819
27386
37270
38199
5679
68870
51870
50532
17584
20294
48898
55080
66133
16601
8855
88436
11847
59182
92289
22363
60241
49055
80649
93930
32247
43288
30389
64965
62432
68551
48908
86134
66210
24495
89239
60108
26740
63810
73172
56809
54065
6834
70394
67803
99703
12704
82677
91642
19439
94258
17391
11476
76814
23843
8527
30485
95968
95139
99928
25439
24496
45504
75373
4752
45981
4786
97521
72907
88959
73650
1578
46221
79133
68685
87011
42226
68530
92963
86686
49996
25620
92072
72170
74105
15042
52659
17946
93672
46398
97813
74181
92143
51296
67991
82162
23025
87784
38301
17559
7751
73545
42394
87036
71984
98151
30791
21100
74990
99092
84145
14487
67159
33229
33123
89343
83773
58253
99576
22908
2387
22195
64396
82751
67911
45695
63012
54170
84079
44153
13373
87736
54794
42665
56275
21689
82627
37344
27112
12149
94357
20169
77549
17745
73740
48462
17628
81362
34125
92337
57994
21875
45524
82839
44144
3717
31921
22146
39255
18617
94659
73382
94313
42832
61847
38269
63274
80334
65959
68313
46776
56163
6464
40619
87658
38940
93052
22243
38319
37626
57909
2538
93784
37003
97101
29436
5323
76766
42937
26182
79471
64350
50817
40690
76197
63160
85681
76225
94341
6295
40433
77104
89238
51940
3226
15181
26636
98042
85481
38401
73143
89268
98871
45958
10960
98436
28817
72937
65667
57538
35095
3634
80561
82595
63575
70129
44517
69042
59483
92144
73080
67844
19428
74906
61105
58070
4947
46301
43009
98814
8093
58676
289
5929
54080
666
83114
55477
7430
72718
78946
9788
65678
1713
78997
34270
10888
64206
76352
238
8797
80940
12347
77987
11746
7566
71398
55941
32950
83694
95276
43066
35241
11984
16928
51768
60811
44608
16256
632
39143
20059
31993
23837
31082
63627
8133
75075
55151
96274
42335
48737
78585
17971
5353
71446
61780
95236
11826
29020
24014
34303
14269
91332
42957
63202
852
28313
67030
77681
75122
26719
2310
64625
57893
16100
58438
8332
39505
50931
98547
54066
27614
92642
91503
99729
47570
17788
42893
97414
81267
50745
20262
45564
98441
27411
35369
27448
53770
4385
22188
17480
4577
90809
48479
66316
16432
21815
28849
62704
44110
50523
35060
60372
69525
99978
70337
84055
60797
44055
4637
4649
27007
27011
67963
98912
27730
41654
66146
26969
57955
13106
37187
68793
73760
43836
45163
46559
88681
33449
37443
70122
36214
54927
28285
29489
47683
61544
60154
35539
5554
21390
24555
52055
73659
38828
26104
9906
86321
56201
911
94305
96051
12722
21802
25798
10340
89843
91001
53739
18719
7256
2303
72700
28031
50281
80832
94036
2532
60515
39599
18640
39485
34893
19281
14317
61885
10579
94602
55292
88593
58988
67959
43604
26539
37313
11718
94960
71255
73989
74566
82667
42590
86314
45909
68480
64626
81590
6683
59821
83234
1222
47400
65810
5573
18073
76386
64477
33000
88743
95116
41977
73961
30888
87455
84805
89306
53418
75956
46693
6832
16423
89090
98194
59582
12535
77916
33784
80018
92006
68411
2134
65574
57912
79973
79031
59926
33465
50453
32550
58786
38763
71333
59511
28377
76948
84564
76418
12771
2717
62966
99112
84721
58892
7112
15105
35179
73915
90106
65954
64796
74339
83412
39520
99291
35
79382
35368
23136
8631
30257
43915
52593
79659
30705
4602
20254
10551
3697
70440
99349
2818
20023
78438
37326
57335
83873
21159
52714
31829
39710
26847
79723
92641
21305
61755
96427
14251
38499
19438
72525
79865
86555
9504
31019
24918
82035
61787
72615
71804
71990
59555
99320
99186
43865
24431
14266
87098
80882
38666
94298
65751
30041
82732
88801
28505
67647
18282
47815
35977
28617
95180
32821
33550
67065
92526
69900
67529
40177
55949
67838
6666
37750
6814
86082
20258
85792
64255
11646
39260
21538
79148
93188
97180
40430
37600
23507
94107
98428
42116
1099
80573
88998
37268
50602
96849
53526
81635
64122
98658
53686
3614
82150
87179
1788
55060
22840
41632
81984
53905
9249
64355
15965
53636
47588
56701
36798
87097
66906
57403
46759
87013
87137
49104
71123
66096
41477
55535
97379
11168
47317
41200
6099
83166
61359
3670
43391
76410
50495
92124
45972
28759
67413
74374
27669
64774
37362
33367
53595
43461
23448
6904
69767
48742
28214
38080
17418
24298
12664
37741
29161
90150
20385
74313
90943
35820
18567
9368
3369
96800
56117
47141
75843
57045
57729
66454
58858
68700
8523
37853
75038
27092
16526
47804
17185
25811
94281
48016
18894
9881
75363
22406
35134
95907
90477
10213
61274
63851
12826
55319
70109
39656
2776
48756
44263
11031
49355
56658
22773
11198
75832
82438
31800
77320
31889
62625
37071
480
45600
38719
39590
7907
86661
23527
6030
89298
87550
52561
74801
14824
46200
31091
52617
40715
41808
46871
46118
24842
70196
31792
95915
99183
35350
56971
55857
49248
22837
8147
91881
61679
93465
17085
52839
94856
28659
52181
49629
18000
13779
83395
79447
93510
74099
37758
90945
90756
26772
58064
80483
43903
92820
72092
72412
6581
10073
85152
69415
67558
68271
404
55096
2375
28230
50697
12477
36556
80221
45929
97931
50626
11812
86709
90590
27518
11329
24953
35046
55725
38544
94109
26869
83979
62265
51705
45439
25304
49635
62450
30646
30244
54904
97365
67864
94890
76196
1702
93468
70877
35032
92160
70822
23092
31583
10464
35766
35980
6184
36346
70687
17249
4072
81315
21103
54176
65035
51184
19574
95243
94025
44300
82521
65150
27356
32567
29238
92717
16032
85802
46089
1562
4161
87989
80343
64624
96623
44850
85751
3734
97451
44845
53285
11166
55320
34835
43280
31782
52438
73399
80254
31200
66069
35830
72294
6803
97026
78299
31719
78287
2462
92875
91570
10866
95898
55316
40100
82944
71556
97441
60773
58919
38827
58674
63828
68654
32833
97799
70345
43785
57151
6092
92435
72682
52557
61090
95271
20396
221
34087
51793
19448
3819
67528
35928
15320
38826
84466
47535
37475
3047
31190
925
63329
37916
82437
79602
54095
44296
78726
79286
8688
81457
23175
53198
95700
1352
61071
99640
59260
54961
20456
27303
44017
48994
22627
83658
72272
86142
6592
5146
21551
71611
36480
1609
58401
74440
69542
47140
60574
10283
12077
26887
62856
89168
58794
42754
94512
29875
1000
37439
14044
1089
45127
66686
11971
57307
87370
86675
18297
60470
70350
7305
32847
54452
95487
6702
6416
28999
83720
32343
58756
87127
76684
77441
16943
50590
6003
95088
90880
92313
5799
42542
81311
51019
51713
31975
53438
41139
28709
28037
2862
14811
80417
73771
26547
62647
63232
41078
80352
32361
11308
64686
12917
75514
66624
36436
60462
53973
86212
82646
75231
55908
78595
71458
99118
69152
61850
89945
50302
2023
15758
46463
79533
66888
55435
90100
67819
35886
4874
58571
45238
40338
77504
83176
17315
78947
92078
35356
78611
434
97858
38588
1488
57460
68387
67632
58000
75166
80888
98128
34852
28672
32768
45368
87708
20670
89348
43972
39528
31130
61285
39692
9991
27208
27919
30052
50837
40712
28167
48021
61137
77883
34755
52879
22125
36780
84019
74625
84886
16259
45949
65683
23232
54460
31789
32426
28646
41408
42870
46547
80713
22967
20040
62607
75792
61857
3326
73749
21831
1921
61435
21374
93615
7648
13096
32545
88045
75727
17186
80994
84345
8360
29748
85577
11858
85372
42624
10884
21480
49313
28324
97717
19741
7190
22733
98506
46324
23922
46783
80123
60130
21287
34557
46062
57238
48767
50833
96330
36323
63811
21061
86517
15187
43260
61228
4721
36134
88843
16752
48037
13861
76750
93307
51310
75427
88284
24809
83922
65100
68680
75264
94277
51641
53813
45386
55024
96609
18099
43010
89436
20461
28158
4403
2647
2326
5014
78582
93253
63376
8513
41201
34961
35393
10906
92479
7954
75250
86289
54198
19492
3649
71841
52553
60568
89141
1611
42323
42479
46211
39854
7745
63392
45309
85086
81825
90153
67967
67331
72370
54918
78562
34234
98974
1684
57825
35523
54451
64056
37553
81782
57324
29955
72917
73620
45908
25807
44259
89018
73444
39998
15585
35569
77522
75015
14476
31125
66214
2115
26142
56373
28060
43787
22325
5022
47860
26613
82357
88660
12550
71086
4125
38335
76929
10990
37940
61591
49884
94942
77156
7453
73802
20649
14512
95364
36443
89949
16133
51753
85234
32962
80846
80458
78469
33053
5095
6479
24146
34731
39128
29581
33822
40041
73442
27274
42861
73687
81055
98819
2728
29276
21837
88521
18868
50485
65230
38250
90927
31982
84800
81915
36060
62424
65020
59080
49707
81175
74266
12026
59513
3615
95810
81769
61488
15020
90882
87000
73096
80544
49282
59531
9325
89564
60500
89002
746
48691
21673
44013
16713
36250
76674
41383
47118
59422
35245
54487
97461
24414
90015
38039
44457
76962
55765
17368
99847
29802
87711
62903
84509
11216
50389
3685
51965
25778
36707
72352
2296
91786
90714
37852
37985
47766
71941
12631
83029
41373
41055
83936
42355
3379
38031
90175
60105
14373
86323
5857
48937
26600
60000
98172
21907
31037
48321
28010
31763
88130
84940
8594
77707
61791
26930
14329
15837
67634
54167
57512
78696
1088
52678
25208
92505
79465
30180
29282
24362
95630
67361
19258
69104
92881
43930
45497
93849
62285
79079
56553
44217
61980
55045
84759
89503
68534
33235
68517
35879
62675
78159
93191
13372
17778
51663
67561
57309
3392
80914
26071
73750
78660
92257
90070
82931
46209
35051
92391
53852
80190
9009
24219
53276
72842
85887
38799
85319
44012
89872
26683
55594
25957
11749
3370
87105
2461
67161
36041
21726
9421
48035
96887
68075
77250
45560
68899
97025
45344
10828
28131
73678
80984
53130
75529
53844
11087
72083
94670
26587
13628
14786
36716
20134
69771
54492
39924
71887
53564
84294
84953
33015
68834
26008
27963
91117
92519
34611
5097
70002
86584
62190
82221
55168
68867
73862
57731
91633
30881
83450
76836
45200
35649
21056
26444
39787
70633
92982
41307
30364
73990
86032
94618
95160
15449
40612
80151
7050
20201
55927
39375
79715
94915
20951
72064
43075
17868
23664
48325
75711
23636
99558
7427
95921
85853
24647
72559
57168
42050
84499
28083
42984
91868
77588
59361
82066
99442
23814
22625
8307
10685
88374
51082
85145
60791
89652
25779
93311
53829
73274
61645
53247
34406
55116
87122
84013
80452
11668
23413
8117
99842
80082
22040
6356
14117
66106
78031
86676
59267
46064
73530
83880
31419
49024
40240
32462
30424
18636
65084
34562
82325
92813
86890
47386
85758
89577
25312
26191
55437
90476
37155
26620
75112
68029
66988
95579
15888
20808
8568
91987
17968
93280
20521
90863
94537
30356
90243
38957
48857
37727
69131
18410
70537
27333
80099
54440
44954
16289
97443
75777
74230
51189
91654
93017
75633
34152
53350
37504
54974
25000
90679
2571
73294
33018
5277
99385
87522
13351
70734
7047
9544
11911
79882
72074
49047
79075
63896
19744
45788
47819
51732
64564
72354
45473
80320
10281
87773
36859
6169
48210
2122
39154
38391
15059
26177
16005
86398
99130
70361
15487
65887
56125
98373
86136
42493
52661
11653
46925
59194
55350
32321
73183
48506
10085
36660
30391
56899
4937
77051
30632
26948
6919
83058
60752
36016
15127
46718
61865
83498
17484
50046
74506
594
5830
23286
68024
77579
3495
24354
18376
42183
82076
20191
73421
98512
41400
93824
93761
25445
68693
98435
41502
47725
21294
6986
734
210
53028
36939
82306
68232
66944
42275
58384
67881
84111
11624
60392
55131
90750
65928
53481
51807
52999
90999
70197
13349
24391
28199
95061
50442
87434
7996
34097
42461
3431
6773
38038
52385
91536
5115
95108
2448
8886
49477
53679
66907
39794
98083
48940
47893
15564
97751
89393
60960
859
79223
17931
59216
7919
91790
79664
68536
85317
18857
12492
44944
81640
7054
1765
79468
33418
49890
60020
71826
60480
94241
21192
43862
53466
39993
10101
12569
4207
95159
82557
86337
86196
46368
39212
55724
4628
94816
81948
7365
78616
44460
24477
97878
7836
22923
6847
64126
61867
76248
21281
59971
46869
79091
8278
1087
39663
87768
75485
65816
21860
88914
72372
53909
98905
38414
67734
83191
74080
54822
86598
19563
79645
64481
39395
69903
74750
90352
2453
9018
55283
31362
91629
63472
39096
8944
53881
96957
93292
13516
84692
87226
77283
806
94844
84346
65006
89235
41910
55637
27327
4001
87685
32566
70550
45955
36766
97784
26296
7500
95501
75698
81926
42132
72710
41416
28589
49344
1136
81476
83944
87289
35809
22210
18632
51959
38440
85285
64034
63657
49962
90802
60976
71667
11590
99644
13279
29193
56213
42907
47058
42585
98731
81352
13306
14691
60930
12199
73285
58025
85432
85560
94216
72102
81513
19535
33368
28227
9033
74483
91577
52825
80802
15636
23157
16531
27237
8170
88867
25154
26103
47438
85812
62560
7399
54854
23938
86933
95484
45318
52672
95922
86666
27566
47230
91799
12777
33629
90517
90797
95486
57888
60915
23209
28327
87628
55303
51584
6651
89428
16730
52713
80878
70576
17737
94847
60729
41023
87732
90123
12675
40321
89127
9405
33539
67740
44057
77881
77218
59898
95270
43162
79266
29550
83052
12111
13647
7053
43050
19845
55331
8928
47454
38487
72532
60692
96810
29228
62167
89157
23250
42066
37464
94290
53491
53424
54846
93987
95548
77733
55769
25100
19434
22521
14140
48547
75224
36073
59115
4558
77382
69047
25678
24004
28902
71319
88576
85504
81942
53214
413
19283
96981
35488
91140
12864
80532
91831
13689
74545
97910
10152
12165
63951
47090
72984
23482
95950
79425
83074
80621
50273
5559
99653
50623
17715
41401
47094
16856
16490
69394
42515
80229
56482
51426
99176
45341
84052
75399
38852
69855
29410
25683
72353
61244
2322
27321
71998
69408
51120
48169
29264
91239
31047
83698
61192
7425
50085
42646
19558
22163
74868
63322
18619
37561
24640
24089
41040
20103
67454
71569
61939
67456
92274
60138
32459
93275
52341
99919
66320
34127
87984
11468
7804
65750
28259
60060
21935
49906
32625
37641
14188
59327
25677
13480
72889
99680
56357
41457
68345
36726
29670
59706
5342
54856
56405
68532
32028
99292
54760
86645
80894
32557
70767
75024
49057
10425
19307
82271
80999
10651
82605
95115
81832
60614
27623
43054
40251
38346
65764
86538
88447
87032
28553
9659
35471
38375
61994
52579
36829
86065
28422
71782
81309
6973
30613
46913
43012
74599
4784
87647
79046
65478
59793
2396
74334
95494
62705
96579
6062
46524
6354
36117
15529
66276
61838
23303
15930
27601
14950
57326
55830
42875
98850
37595
69600
56444
34124
64680
84034
11259
34166
34581
86953
17984
8879
33264
50695
4894
61623
64748
40587
35442
56114
72786
92286
96356
26498
78261
94360
61915
68367
10382
34729
2358
75113
83255
13760
83019
261
51470
62690
36093
57247
39982
52332
68771
76859
24728
30830
70051
48452
22479
48975
71397
21682
98509
90535
13931
86440
41312
94924
10872
34840
74412
1927
70448
8847
85929
60833
60696
28859
27661
15610
67475
15363
22129
38814
23283
89281
95602
89752
31179
10707
9694
68783
80804
49928
34822
54049
66969
15677
73223
61222
73436
95182
63058
81886
12405
58780
43742
167
2136
28440
88495
79871
39988
35432
46443
27743
48954
47312
32945
36864
41727
92468
63008
59822
96997
37374
76663
49460
21499
16661
64527
39844
31469
78010
5921
14675
52637
28696
87567
67586
60072
29394
68229
10140
8903
97001
33087
66088
16770
68410
32014
45631
95550
72844
99418
45069
16546
97065
11012
30934
7806
127
45479
4503
21866
21526
1501
9920
14903
72371
3371
86479
34493
26996
2959
36956
18287
32303
79526
47912
55370
33452
61585
71550
23882
15757
67758
71715
39071
64761
33200
22291
40446
52390
59058
22670
54787
6623
54108
98278
30268
43867
41478
32286
86818
43264
67894
29295
54595
17686
37479
19232
11963
22172
86326
48607
59554
88861
30825
50940
29616
41393
59456
64863
18254
37171
79873
77236
69418
7983
64333
8104
29793
2620
76455
47026
65030
2768
28684
72956
72616
52396
18394
28745
17895
4691
183
3030
4408
63300
17713
46922
57758
19335
81728
54693
1871
64307
72296
33429
46366
59119
71093
23426
20961
34773
28634
81878
4661
77004
20145
65109
25026
23844
74968
96223
94192
92940
17748
80951
55515
73775
38377
92126
54321
78229
49738
96084
21546
92515
26036
49157
10706
46194
52203
39490
96301
85711
76695
78883
48318
34086
30427
33003
86497
76658
26788
20589
96369
28421
47848
78081
16791
98350
42694
94443
49412
63802
9444
50501
25850
60734
31354
78160
19507
8919
96297
87085
97192
79855
72944
42380
70455
95372
56665
77295
61378
38317
91175
81060
33606
83251
14743
22672
17183
88394
53610
89380
53806
88007
48848
20401
91959
61972
43820
51029
7408
8155
84486
58214
2086
80106
71632
64888
40617
78335
3052
98216
80992
43092
96095
5888
34910
16595
23350
92514
82804
91094
92575
83092
74369
97551
85361
87780
34875
44870
43833
90239
946
61669
44081
95979
57065
46285
58016
93114
29335
78867
87899
74930
58877
72183
24093
35914
75746
39577
48044
56731
15445
67989
49606
86111
53507
53888
73927
39717
95212
19850
51532
79109
66485
75227
43777
45
53524
82188
61614
66452
89581
27757
96149
81637
34203
60631
73026
46342
91034
29128
90846
81735
63859
29395
22720
94807
58293
88561
73321
84824
17411
63097
17753
639
12841
25
71877
96112
49838
95244
15898
91392
78477
96311
39269
55456
7952
20515
69321
67521
29699
25721
92632
19257
52293
96246
59409
23785
13890
96605
11988
91730
51129
53133
68924
29973
74305
76180
58192
18221
33936
79824
37276
80534
16181
87015
90437
6844
19929
57334
98528
16833
17227
20148
42003
42600
7978
91975
40636
80497
66213
13580
78093
90833
39217
8046
29249
88588
41092
50506
83090
53375
44646
79543
30205
22005
23617
74946
13513
27273
9476
68781
65221
3648
65699
61672
45953
73516
98723
19009
82902
50260
29174
30906
95306
39147
60995
94333
43870
20083
20068
76718
5408
4016
84764
39621
93126
19267
41639
7044
1728
79385
12538
9224
23683
55754
55035
93319
57078
49184
93747
39009
62762
96457
40582
23710
92904
37533
43341
14050
7916
43633
58574
23603
8111
17216
52257
83830
60404
43097
86881
64853
41824
40904
49953
13075
54947
26462
57452
58728
11886
50829
62701
27216
14693
27190
67274
85459
45199
27774
56473
30217
64102
27228
95010
35994
39262
68710
62839
80955
70494
6341
90494
49186
84993
79349
82397
93669
54849
76533
80133
28337
74775
96860
77519
67827
47249
554
34213
53929
79969
12740
69833
94813
84430
18782
12990
16701
85520
6013
84047
20060
51862
83413
344
54853
66315
17008
98432
34670
30670
22951
27580
5915
46471
58405
48439
91683
63943
85254
63419
49180
1911
60054
4217
18110
75868
55853
36741
80553
28766
42565
73387
46020
59087
87623
79829
51387
77002
1612
7480
20815
37305
45331
44894
45755
8700
21264
4507
49765
96288
88026
7039
76476
9689
51977
25794
94969
34959
14832
77387
80669
15749
58239
44268
13498
62382
40502
39178
13381
95679
47398
22180
91451
82360
72089
64439
86449
5082
52243
4100
53372
17435
99926
30022
82172
24869
79200
46043
19873
8556
43603
3430
46339
71276
5035
57540
38808
39374
59114
94867
53764
42043
38424
90010
17336
79770
80930
75258
82402
77317
71717
38567
88986
76739
9845
54448
49888
50011
46044
39437
6040
6514
89152
25890
72138
10204
35729
84474
79262
47381
10911
60112
78518
5459
72788
3080
67868
69239
12714
53261
52628
92752
55588
84092
16575
53933
41506
54758
27842
30082
18416
55617
67694
31342
25080
3353
10740
67327
3161
8465
53044
7639
900
6402
94047
50063
27328
46182
99113
50907
44547
87654
14727
91161
70146
66048
82232
7563
51225
31183
76227
30920
50981
80509
32306
82185
82974
20898
33934
99559
48359
6931
63233
29181
35700
26706
36067
23281
29139
69197
53978
84600
52283
72128
60721
6741
83522
44505
90801
25168
65790
1943
45325
92637
82225
90870
99855
29071
43910
76017
29284
25584
30584
12291
44829
85390
7115
22553
40822
29658
84846
86484
63879
26937
38806
16657
55483
1564
89909
88708
92182
36672
47076
9011
18702
89858
11811
56146
13067
43399
28638
60469
40905
32218
16303
11703
85070
25585
14817
20293
73461
36827
46998
263
27862
56835
83614
18904
10859
24019
81105
71727
70194
84225
6031
58727
85233
23231
49289
98891
34464
58514
92236
21440
31107
45940
79268
45580
43397
55997
38667
90641
68441
81612
98025
78079
931
99766
80261
12064
64375
67259
85185
29027
407
33443
3660
62658
96120
30676
72861
43729
63920
30144
88677
50957
13763
81692
3187
73828
57990
13365
1723
35312
7227
50730
27618
74045
34505
66835
65779
25343
54278
82896
66287
28782
29560
55784
96030
41375
30944
33588
34226
73426
86322
65231
43523
50396
67493
24347
39531
40219
33117
30232
85989
64828
82354
77583
3172
38662
52347
74239
25520
96460
87534
93523
29690
82733
64833
23597
15768
61215
41509
15171
71210
77838
67782
5954
68823
75885
70873
18508
58007
1298
18121
47030
7602
9044
52339
22062
91362
75035
25091
1775
10189
41988
51325
80995
39335
84768
35277
56465
42992
29871
79043
71716
12617
81224
6842
53467
91994
92240
25873
40313
47522
85742
11357
96116
68053
36322
92137
54026
69437
15230
67056
59072
41128
49368
11947
92052
20790
34318
78000
35667
12618
56989
8063
19004
10493
86394
78197
32979
4625
33486
43431
78602
47637
8537
87766
35932
33314
55539
71129
87752
60250
30962
56091
32936
71071
83897
96065
43796
24771
11153
31021
80964
27053
45656
13401
26569
38305
15346
4395
69783
10261
4546
92697
23499
42961
96698
11321
85785
2566
47415
73332
44304
83489
85230
2931
68999
96349
30021
7723
5163
78698
31024
69856
2945
86693
84432
19561
3974
4262
93637
48708
64260
97540
2791
3805
14362
96398
30126
39261
60451
51460
84671
58543
11950
44933
40623
50060
89873
71876
96515
69288
58819
9533
83344
18139
92281
29127
37762
73724
11042
51719
3233
42934
31710
35507
21157
88393
96580
14690
13908
98684
63820
91179
24719
57302
53373
33280
19651
61404
84522
79038
26532
74620
27729
65083
81333
90242
40841
40826
46515
38140
37269
31960
50245
39953
1381
78355
18565
28123
39798
8105
31892
51640
91632
27219
94186
72599
80860
82540
94806
94737
43739
86730
93496
74975
18990
40766
39750
88218
53585
15558
17679
54468
54547
1230
19174
64442
88571
23981
48915
62852
70379
64665
72406
40651
15759
93351
92799
82460
77393
19065
10520
76699
37534
36115
11855
42041
9676
83313
82741
80928
21077
12102
6532
22223
94018
25165
31911
32536
4090
67247
12068
90162
9704
87002
16668
53294
73470
80793
93686
20170
4530
39203
66568
20509
94386
44187
55501
47950
4066
36634
97431
1315
33798
79575
9144
96085
45303
58583
75729
21467
68814
49143
14657
70256
23184
7866
66275
74824
51795
16645
76090
52988
86980
18241
40195
89926
63081
75709
64203
38121
87970
62694
89519
83730
31262
77259
18518
633
98828
94128
29217
42758
95875
58419
57598
35354
2017
11324
50568
6183
19992
53110
16978
78606
99100
31859
8976
22357
12973
13785
50391
18470
22365
64265
4451
32488
38287
87345
4087
92571
14023
70565
75795
10059
11735
35987
28121
47510
3464
90608
83595
93661
90877
77578
46657
56557
23196
32749
97861
31555
41326
28497
79456
91489
11750
71207
79354
89087
42234
26780
5099
69135
16191
97605
54942
66905
39629
47332
35049
26864
11378
46867
51436
30192
10680
87421
72979
58306
45496
17291
32200
69897
80183
67800
35638
2825
88580
39810
93823
3993
26512
37351
39432
16216
42231
2373
11409
5933
6531
49039
64499
4821
78559
160
17886
66481
15206
94139
89001
95264
38862
42201
91764
78395
52655
40870
88264
3827
24286
72116
18045
37
12522
59417
28354
9794
60711
34266
79505
39075
67124
32970
9489
9820
6096
63034
56340
98371
68477
81373
85550
41376
95110
11916
46047
4838
8851
68755
11271
17992
76300
32419
94103
52298
10279
12186
15820
27282
43891
6292
36331
78827
17794
79708
12965
96848
54628
96767
34250
2244
69455
43868
78906
81437
57258
2106
56345
33313
85547
39566
2411
40309
2602
68727
31439
66043
25101
92007
32324
54901
16382
74008
3332
45004
19991
51094
93217
39598
9276
48860
18833
87566
63330
50383
70053
41948
43793
59545
94378
61070
69101
79997
66207
36519
51508
99369
67266
90443
50708
4388
14748
39247
62444
68757
62768
9626
10030
97154
50410
53794
80399
15163
36670
62160
80672
59462
49741
74803
68728
8974
33333
22296
29428
56154
54820
4824
27670
48869
82137
24083
6861
16939
26995
1187
10469
80937
67786
96827
76526
44501
30412
8624
59975
50434
699
92339
20932
83050
76002
25290
47185
88403
75493
87218
1801
92155
98832
16295
30111
70637
69729
41471
6512
92629
47767
9485
24340
92753
5276
56033
21334
3105
31938
58856
67367
60912
45012
43557
34485
67683
46123
95575
63349
61213
1395
94784
75862
18795
42826
49807
97550
89200
26358
45962
59318
95910
77912
86387
35342
72176
92579
74161
49932
86736
64662
44730
10681
75124
16598
77752
75998
48700
16442
24637
64160
66129
67861
77246
53139
51358
45465
28572
59530
4680
7790
76877
22626
74875
9142
54563
20901
84445
32853
52552
25039
81096
43271
15781
66458
43556
6150
4977
35120
80392
41449
52019
34702
68732
55389
28610
30597
67372
72037
824
59984
27522
6923
55579
41161
74279
43381
8395
58593
46625
4766
31329
37724
9733
64495
75500
57072
40145
3504
94244
43148
20909
74630
4249
20237
57381
87300
83455
91649
55057
90588
94238
43041
17540
57153
10378
6423
25221
97488
19721
96340
55427
16317
16572
24081
99675
31602
39741
78628
17728
49917
24818
91348
73790
91668
3116
47624
40381
65059
1279
48871
32281
36533
19278
40021
47639
26279
67569
62485
69157
70834
76343
27830
73674
77160
8029
15850
95100
51504
17660
21030
52310
56930
31191
30577
2473
75074
96261
87485
6187
69624
8780
4056
3962
28052
88123
42676
26248
82800
96184
17179
50101
35965
41223
38755
68399
27990
40641
28593
84623
87135
48952
26921
40292
60340
69472
19231
15764
65696
15
37491
2041
63737
97252
6495
13713
74867
14972
25580
5179
60914
70993
96640
85140
50845
25822
9334
85046
51114
11796
86216
59412
74308
67240
10674
5392
23524
31349
73676
98182
1875
30750
8810
67970
64983
11136
24993
92460
57681
5839
70970
55249
21939
12720
55228
17835
86427
47021
92433
84325
2742
85948
7681
51805
22140
44791
4238
31637
3867
56903
34690
7448
13545
9665
32231
51739
18427
91304
13369
46686
2259
67025
27813
74183
77699
66404
57362
66082
38512
37869
23694
31129
73578
77872
31516
34952
19319
39709
56780
43605
50336
3505
82853
72356
70356
29038
22644
24488
60514
96268
24749
85452
87319
33518
91048
41282
29544
75268
47778
37215
1031
33140
10900
85327
96695
37901
84221
15032
88471
65714
50672
52536
12452
21982
83668
61128
24228
36518
34436
18729
57607
61032
29894
15309
75016
65647
69204
32692
89477
17341
89938
53323
65374
52131
89378
21198
5352
58705
58462
92175
26590
91191
82463
72333
45699
93926
14896
22352
96657
84208
5338
99316
83198
25716
44427
76938
71240
82633
40873
55511
70004
38143
62157
31089
63332
71950
15090
84336
48401
78117
50094
34246
12696
80306
37159
8959
8657
42204
44543
12572
36157
78497
41715
80707
4129
30599
95433
37813
69173
53698
97733
88021
8698
14745
97346
82925
66791
5612
6050
28015
41183
77095
33386
56047
65553
70347
87052
31220
95628
92200
53726
49010
686
11650
64943
97644
44202
52397
6548
87749
51539
4143
80922
65002
50386
47726
76551
14032
42029
33242
45101
51116
32912
15534
40971
61083
71020
8154
39458
77659
34342
33719
30455
5957
9318
89612
59499
36773
21284
18918
62250
8313
18055
74602
47328
49720
1027
63711
75550
68133
71320
92735
32531
90399
80442
8099
1924
50369
71012
48303
58003
61762
41569
17594
52187
15469
24605
14027
61311
99108
76497
97288
25641
54149
20414
27631
80899
47357
85665
58679
82552
49092
57129
97277
23042
53475
27226
48248
5761
52357
11524
13934
28184
80044
76909
34789
21547
33577
59523
40409
94607
82028
21255
96472
402
11792
3490
64094
42557
12072
70521
83259
48948
14448
79247
66935
57576
44023
68520
17474
70282
8013
92994
92273
44800
73729
64157
72180
11214
58092
61453
84962
6149
43621
21816
61229
14614
44363
55271
79706
69248
60034
55142
24734
2019
19821
62871
44861
70761
74517
56603
59986
57303
45626
85362
82270
68320
97888
33078
21484
84105
55860
19089
81289
77913
79220
83299
64963
94909
42075
44472
13336
14470
46408
41072
2118
3128
21384
88634
29274
78731
41441
91842
49496
61957
29883
69073
30843
79321
68033
68110
21279
51413
92961
59600
87236
72884
3018
32084
81242
11958
14991
1010
11272
37050
39209
49069
26586
72829
89761
16049
74156
74286
6178
310
37408
60895
24247
27103
8981
60825
43726
83646
73246
8017
18033
70410
20010
619
95519
9513
11020
34143
46837
17651
49513
47892
80795
59731
66302
3274
71645
19852
38762
42655
90616
1865
85209
41261
59068
77279
60944
30285
26857
79914
61351
19235
29734
20328
30731
46981
51767
30832
12611
54529
16901
52528
53306
93327
65902
11040
54355
62060
17718
96178
74733
7157
95300
25720
7354
59354
34289
26571
93456
1437
49690
23833
17561
42067
3122
25047
68948
24679
66240
66132
1005
63095
51050
41202
64518
78487
62550
47597
32868
14434
77735
96211
95736
24094
18749
37295
58665
2841
33634
44766
73084
68128
39021
10823
90394
11442
20645
31660
97714
78514
14114
37598
56032
17214
48950
76589
94567
44442
1846
82777
93994
92447
31722
76607
30514
99933
83077
94253
205
28797
43210
58198
37904
48205
9644
41591
1694
27979
76993
31391
59254
35222
49562
39459
94778
25178
44221
51593
16709
26335
17495
27708
17665
22000
28030
12799
75857
66673
31413
97216
85855
15071
83392
18597
26235
2015
96475
20743
75251
97264
74489
87147
90570
53608
12014
87073
66423
56220
62731
44449
4638
20226
41003
16011
95149
5416
45672
87181
86565
27942
94398
32439
54482
45875
43940
27749
70813
918
91216
20505
4512
31209
69731
86606
23620
27202
90721
9866
86783
15478
36751
74371
33689
80847
98472
17273
64693
31356
68701
38645
364
2059
20092
48111
21991
86873
18074
53915
31384
55246
95837
25637
85889
26652
25187
14318
53260
22547
42025
72769
2336
32502
94700
67341
60295
45790
64009
83789
72017
24493
4640
48963
28531
15295
76515
30145
79023
48661
25041
29947
41114
49969
45441
27440
72465
54424
98542
57951
67898
89791
21409
50980
28147
90299
23290
3282
52107
45256
2485
49951
16849
82032
71803
50836
48548
18950
37734
80699
71321
56198
46099
56812
9329
4629
44506
5216
71154
75052
48886
96362
44862
51780
92490
52998
80647
61911
39985
33237
46765
46393
4345
26839
72055
64279
37013
85171
4790
49064
62
46732
50581
15808
51021
55665
73588
67156
76626
91345
31215
31794
30141
63515
82613
54667
60521
36149
44952
45429
4615
79184
67964
96254
47951
96287
39986
47290
97096
14014
83380
17184
69590
79304
43427
27358
62668
98430
50871
2476
16457
89852
82108
39704
74396
97230
92116
96355
26337
73544
16389
64951
67348
59117
29820
87344
42762
80759
46325
69300
81002
61693
45999
92408
2389
99078
1734
48299
41658
38894
98212
8158
2275
50026
24271
3740
83727
31358
69497
86076
29715
48181
81771
30608
81045
34476
61690
96127
21276
83703
73520
16408
48363
45548
86777
44773
84567
24581
44468
68602
62467
34819
64042
98897
23010
17873
40974
82125
30070
93151
13998
507
21093
2983
39831
90400
1453
1135
45076
71552
39137
44311
37568
38288
36994
75375
28562
48667
67188
51806
92783
78393
41806
80979
84861
23017
71026
3358
75037
60670
97064
8355
75065
23043
70176
37191
72993
22806
98522
40068
23446
8318
58002
18102
76780
99242
6296
73203
37321
31093
80193
15503
7534
80172
95718
18126
64269
38901
14613
94266
12954
69062
45445
79598
3684
65525
40869
63601
81068
71697
50084
81033
83085
81956
69247
27404
17725
77990
38603
77606
19182
66807
31659
77789
49219
4036
16286
22879
16439
19143
30031
32277
95441
3637
92651
13256
39044
12067
82845
95894
3871
58678
12299
69786
7133
11149
70139
77457
4337
48748
17002
21710
35050
10123
54453
7546
42440
51820
90551
41798
42459
23840
84854
14792
88545
68598
71760
84530
81941
74388
99757
92569
12042
52354
28458
7880
35288
32849
76440
63465
11551
24006
16871
43825
67726
46954
6418
97344
3069
17702
40916
6910
2250
82658
7474
44920
53865
61271
94963
86596
30829
66248
92790
10413
34170
90966
30875
41284
34326
84210
98803
8927
63765
83087
71648
27467
48800
25432
87707
22314
68469
35450
99657
32457
80272
22287
45114
45048
30186
81156
57652
31957
80780
84852
97695
98324
42152
22943
99776
97270
77948
99364
59268
19039
96329
61497
62502
73277
66045
85117
56894
81109
74921
49346
4347
75233
42735
64519
28154
50926
1942
775
16452
66030
35661
9281
55926
78011
97402
85132
63824
99624
11832
76636
9972
340
90262
8887
22940
76382
53353
10773
71312
72614
6635
95131
20028
17078
59028
13952
65404
57715
72922
2449
94375
99812
33426
36570
12952
13595
95152
70896
91804
18040
69537
98881
22076
24165
25693
93385
14793
96125
48454
5029
37633
14955
94460
17393
43960
57789
53916
76568
11923
71534
99989
75287
98656
49319
20164
83407
63130
36415
95960
29848
70868
719
32495
95814
2475
45791
3012
75881
8383
13875
3780
85047
60857
33311
23526
54388
17388
45062
11432
32993
66931
99174
49018
78804
86215
85492
36166
61874
27382
24223
52344
60479
30695
51466
74617
58485
29906
17009
16865
2104
15433
89232
83273
66529
69492
72306
2513
9465
24191
60971
78633
5282
59168
77776
52094
51829
1715
27666
4957
14372
48632
17839
31641
80942
51590
41163
83753
37350
26020
76198
21965
28251
39670
67142
63333
44337
69207
37844
25422
49668
35796
13524
69222
81044
58080
8796
62541
2447
25558
69956
16232
38764
54016
5264
16777
63048
22269
49598
45720
17583
10717
30238
65979
78413
45968
19704
33480
30969
70231
84255
16113
17789
83490
16584
35912
19995
53046
73761
81687
65175
11656
7948
85431
74385
3498
82720
16967
53817
83725
44445
69978
75246
40382
1720
67010
19788
71171
24962
10975
3367
85598
37746
80786
58941
94534
47469
32937
49302
1273
59381
77147
47506
51811
71425
40862
8097
84184
71797
38223
73908
847
10864
61131
50990
14045
79987
13795
86928
57413
54202
67535
39242
90152
16000
12639
22502
11196
25444
62088
63183
82932
29037
36887
83757
21200
72387
39315
67072
80662
6996
62824
66523
22014
78228
29674
64339
81232
47103
61340
28042
94937
26463
62271
96403
93640
98349
11630
57230
80305
3706
18966
63723
97895
10225
51111
66233
77253
24911
68502
30169
16123
30936
27477
98893
45233
35256
10596
76217
58259
55650
73523
70488
95680
80953
47625
6179
40323
74568
12915
67439
29962
59607
59242
15480
80279
71594
26781
71233
51834
46856
79546
10901
52633
6769
43567
72227
34029
7505
57390
63020
38202
23670
32290
7970
30735
56037
90124
20755
19789
81164
48481
25940
70081
9116
18967
91068
28450
4985
47059
52923
60764
5932
40119
69279
82723
10626
40799
16750
87684
39813
53750
81456
84822
54508
97666
66288
73428
97992
14005
10306
85128
77566
28363
93367
37343
98034
34256
72191
68729
7099
91183
15462
25325
43479
5797
10694
75653
35332
21403
97651
70310
3051
88376
83284
3168
69448
44237
88324
10438
76778
17608
38082
54776
74674
71352
83043
99305
13903
17231
87835
79983
60840
11905
30891
72484
75092
49490
69082
68279
57310
5269
74576
54305
5999
8758
39313
27363
8794
17910
3533
83907
91641
94904
42681
79933
20128
68935
25815
70187
95085
85741
42666
27295
44295
47866
57577
87941
45713
87832
40832
95511
45976
84112
99961
31613
84550
79648
75125
87861
89632
65572
49949
24687
52750
28170
61968
51554
10274
11805
61734
34089
17823
53992
67467
96569
65194
6324
23126
74420
99382
64722
22036
40269
54393
44551
42319
44628
40034
13173
77220
92834
3902
27840
50467
5327
79295
95954
25421
27742
33436
6446
52907
72299
61118
84850
83665
30860
22915
1598
25152
82300
95038
46389
42981
99021
721
25857
14052
93652
71930
94903
34699
65347
85513
83231
92332
88575
58840
42730
54133
83590
45046
83945
42740
94123
65143
14673
97653
25155
54960
86712
52265
6811
88809
21012
68687
49493
13985
97444
95166
90712
41059
44797
15855
75133
81837
88332
73152
1858
55224
29885
91485
10196
65703
41692
9382
9675
2856
77996
66271
64096
92847
97413
38469
64053
22472
95200
63522
33239
10339
31867
65490
37411
21486
1918
50547
58291
4927
32240
44374
75971
7209
66531
58763
17549
76112
7946
16069
15847
8429
88890
60293
13063
59634
30617
61302
6497
32653
89121
25791
92498
29651
99351
784
78601
51197
46489
23451
21513
29805
71883
70726
15411
43064
50203
2098
1664
77740
65638
35122
77168
80285
76030
46146
57231
45182
75992
52951
27271
63267
257
41955
16964
47587
49033
92375
90879
16415
55236
53324
80837
22389
81494
45963
57033
1385
51367
16061
64885
32372
55123
44852
84097
87874
62210
72640
46702
1561
36080
19936
25042
65200
74395
20348
18227
80250
65829
72224
42668
96855
32535
59244
75370
96863
67848
58910
26137
72338
84878
53877
23667
45365
87645
16194
17254
77720
63418
99772
44124
63615
87009
89998
21791
30075
71540
7905
8225
36858
11212
48568
63158
27312
48995
23084
2308
29265
60468
47344
76726
71358
8287
32298
65284
87625
63214
11406
85159
60002
60229
92066
10988
64776
4930
72610
23569
9668
569
73145
21788
55736
58631
56495
17450
38292
7394
72144
30459
3138
48348
904
2402
11859
51015
54777
19970
48018
14658
64745
89371
27521
34231
78779
62204
93332
79694
74496
80763
91520
85173
57922
6560
83393
63993
20710
97113
21436
80019
17253
58628
36143
78271
4817
66476
78717
37785
14587
18423
68408
28533
51248
45743
78600
14988
16111
91446
84665
37296
49561
27889
46193
99330
18103
74678
91777
57241
87164
72036
20056
47558
53495
59721
60733
87240
61604
61034
89801
50190
44629
95033
88795
79834
18771
70871
33841
12683
85393
30139
83565
88615
1587
23026
27526
49578
39393
44682
31865
46008
79940
49702
24360
13574
85979
96478
36357
61858
38632
71371
259
53549
18727
83147
8182
30091
93437
23471
1925
25341
86183
87905
77528
63552
43687
87896
38070
30120
29110
19641
88787
36182
96793
64655
14924
58223
89240
7661
71968
89086
57532
68031
54799
26868
53826
14629
58949
34193
56171
54761
31070
36255
18585
10080
19846
85683
97659
88116
72175
58722
8266
84650
91232
23818
60172
2093
82230
65263
84256
4023
69048
21616
60901
39183
99982
27169
82533
61198
15943
59222
89449
11452
82864
79197
25862
96156
57969
86910
50222
54169
78092
58409
51749
46397
24538
74381
32830
27285
73369
41308
65839
89689
93300
32152
98950
78112
13496
1983
41193
31338
32914
23176
14303
62187
83153
6537
23867
20344
81300
20945
31828
47168
32819
33061
14307
19985
13656
37229
81489
70736
75032
37166
39947
60056
71518
90378
74242
62224
81670
87676
26478
49316
36178
39220
86540
35622
41992
33825
90558
64153
89678
42248
52861
70859
85348
27787
78791
83287
52071
73268
46305
76648
5424
48554
63865
51950
35446
86443
31250
65247
40019
88244
33133
35324
1864
84329
34444
54641
70875
27724
11945
44490
53991
29476
5687
35498
20675
31917
75044
76150
37887
64505
66029
31905
33279
98540
68073
59226
42848
22582
3462
94334
85514
5640
46542
94941
42304
70856
96659
63200
29563
53742
24425
54839
16851
46110
66377
34516
8689
76697
90736
85902
47836
74727
34080
8403
31414
51520
93189
19520
62746
20167
21775
94053
23057
26987
93941
10794
40388
26040
7026
35249
40179
57614
65000
88071
96554
46774
74340
34172
29889
78797
3630
72741
13659
70718
83032
10826
44162
92892
61100
75428
68369
21961
96638
29189
76501
77103
10542
83657
49511
27694
82206
81148
13123
5396
75178
38449
52333
49171
3554
75098
16914
98927
34467
25062
56654
95536
32422
63933
2333
12515
2344
81429
49646
62533
59636
77244
71816
79350
87823
69750
86982
66104
90603
30045
76703
5961
29870
67136
30706
72201
12238
82245
60330
3223
70774
38903
45338
3279
81585
68529
75019
85220
41644
28312
59170
23891
61530
25090
93419
88049
35243
22338
74143
90255
50937
52472
36736
13220
75341
84060
93842
73210
69510
24933
39144
87695
46921
6171
32986
93380
24084
78936
5138
71767
12499
91802
41762
7538
91825
50659
78425
82399
5877
10622
89183
82833
64871
45086
96066
96338
14771
38418
88099
56615
35671
74417
71604
88968
76395
43718
51146
24609
4526
94120
83152
52585
68674
79246
41313
4732
82336
30668
98423
39989
90937
80438
69622
89422
23095
80857
12914
69930
79536
81453
3216
7711
18147
66189
56149
91477
12462
44988
84038
16058
65832
24830
1908
54028
87347
50429
78213
95047
78480
97063
41420
58413
4463
63441
54692
5285
34205
15624
45649
87028
27563
11231
23472
30718
50300
7221
90326
66119
73863
40137
61125
79198
38399
6323
69662
60969
69119
36692
75867
49339
18732
51673
88536
81261
97166
58714
81356
84370
53912
40293
914
68363
82876
35761
28571
86071
60560
22104
93639
60474
77828
85312
49803
70019
23939
62760
80126
54603
66950
64615
61333
94257
32760
82661
58817
70801
17560
20445
72300
6182
49522
32307
17582
17862
74989
25109
17257
56443
70559
13150
75853
76570
76042
98054
764
84828
27397
58492
23152
20938
80891
86202
36279
19090
76327
22273
18200
39114
29879
62886
33967
40662
98074
90626
30776
24684
76563
33764
2397
23750
55471
91859
44607
25034
79469
11981
25171
43695
98710
28857
89573
40608
82774
27187
95614
58420
98000
22851
20854
34167
44276
84163
92968
52927
19274
1144
51686
93651
41208
16987
84576
27776
28001
82033
3360
29344
25602
25303
28272
89512
23462
59347
18881
89249
51379
69517
41178
52864
87066
7495
47355
70451
26527
1127
57457
16695
25893
52738
34639
50976
32668
36005
85217
91606
33879
70703
79054
9291
28689
81086
29178
61880
4978
58251
20205
28494
64124
99080
17825
82544
66847
11641
33006
77782
85447
33483
4049
71527
2502
39384
16088
81492
95624
71084
98837
63768
96433
22991
33453
14488
48202
84462
996
21963
13835
78217
55801
21150
97501
60498
76956
53959
26775
2117
20973
87371
64093
39980
78433
56517
53705
73699
18830
91883
19739
62050
45177
85034
18728
43199
32308
16278
29235
1730
50066
8026
36848
47682
86824
79280
29929
33931
34078
27166
93943
436
65544
82736
39744
17030
36781
16984
3225
36806
5928
74575
47657
40444
64911
58083
65909
15538
30940
35935
90055
47462
45217
45582
29920
76230
60408
84563
4674
74016
93454
90222
62442
79995
44519
35722
68692
16446
58389
14855
44344
58234
84289
7915
87352
43087
50982
37145
14519
61853
688
36156
25267
85528
38641
95871
29736
59944
32770
76437
80628
64815
37953
30243
42988
3129
31649
73736
88499
78108
43073
50030
32955
34366
75796
14154
94682
62199
45879
19387
39308
32805
91735
21175
78192
13905
11232
34104
70948
25069
19269
8890
29172
2644
7138
67779
72
16929
21296
10799
17664
9032
5325
62154
89313
22946
29547
55603
99603
90154
67649
36876
13853
58394
72913
98161
43706
55385
71795
95776
96573
87859
54837
23978
36042
57916
603
64245
15189
46422
54116
14456
84641
32456
87505
40724
1890
53886
17033
11829
95436
89850
27905
76336
93288
8059
25925
93161
12650
23769
33996
86610
55585
20361
99629
50576
75537
19071
67928
25921
58212
92149
87439
82054
35798
47420
97613
59756
44883
55527
73330
23719
73482
72690
67702
11201
4302
22356
57687
7965
75576
58134
56600
87670
62125
75508
39481
9890
65440
42136
54099
92065
36355
78945
4665
90016
97142
61511
76118
37391
44242
56945
61419
13700
33680
51881
3841
12699
33451
32684
76994
38356
90813
74300
29048
90129
13259
86303
97098
78598
46002
57554
56222
27232
8815
38262
54248
20084
61945
59801
28974
9264
53729
39056
24149
57108
81998
2183
71867
35842
5087
80144
50673
49721
22694
5800
88296
24154
27775
92852
40058
31801
93467
72772
39067
66456
29724
45965
9988
3889
18906
90754
42823
46948
32078
76799
9035
90597
21585
46843
43377
80098
64413
53724
89656
61459
802
24125
7468
22478
96334
98963
626
926
75801
20265
55686
86052
30864
76059
99421
94418
24355
37107
67165
81034
61115
52725
12401
11444
45488
7467
88956
75548
49568
88168
31852
4907
51334
75614
47710
43549
77619
35810
92406
48859
31735
17830
58541
33925
71649
49117
32396
95073
71152
92781
4570
18354
74640
81507
28004
40439
84927
19847
77254
60625
68227
92946
70280
50631
64343
31491
60571
45415
63511
42485
98348
37827
68370
59687
29493
65283
35616
46578
50455
42278
52101
43021
91458
63968
50292
66371
9583
50313
30292
66158
255
99627
75182
60080
44640
51073
46694
57832
54645
21699
12208
39051
8045
32695
57881
12467
32036
23291
57986
36101
39573
84757
72012
17079
25956
54561
58511
76404
96214
62258
33411
77737
41188
33857
20949
6438
69018
7575
5199
55498
96477
3566
41637
45005
93016
95308
97349
57745
42048
75605
87940
97515
8941
58938
91613
89147
91739
80488
12667
1482
98764
87758
98680
66114
72051
56592
74666
74365
35016
92252
94696
65302
494
4508
26805
28969
80527
46000
90938
19500
4178
87515
43922
7273
35155
7542
69689
93221
7471
58177
67692
77301
85008
23576
66001
84104
84656
16481
61583
47006
52280
34522
88363
72761
86456
41405
68912
86284
12621
42831
35881
78617
35699
91930
98777
56644
83983
6850
40858
63479
37544
3757
35290
28688
11470
52264
28913
2670
30974
19091
68459
32442
2312
37366
34340
52179
68720
665
40786
31569
87169
62398
6547
86293
22364
56559
70608
47732
45204
99339
40922
71006
86998
86662
86390
98401
18836
91050
81621
20684
32652
35971
99256
74872
27531
55900
93196
9779
92733
88902
62079
63934
25920
82884
457
16581
73679
56257
545
13234
87553
50916
55345
59210
66924
4979
57372
65185
16406
8695
42336
45898
45438
50489
76171
68992
15523
75966
2367
15964
44131
13361
16143
3917
74066
52715
41725
24989
94112
37601
40261
42594
66016
5944
12700
23052
9740
63625
13619
21313
3754
34114
5922
63638
49785
56536
76179
44713
81542
29631
18874
37252
89011
12972
30347
62562
92605
37091
90403
41324
28726
80443
59315
27085
35020
49550
9187
82322
13019
85567
83917
33092
30229
6424
79147
1926
80576
8341
40301
19914
42127
48718
8535
7178
95040
62175
37213
32373
52671
84251
90419
53108
91037
71411
38081
16625
42220
96842
8373
46027
71576
31425
47601
99319
76753
17447
88013
60183
37090
8885
72177
41112
29372
11830
29096
22909
61164
67977
41600
70667
40570
39841
36246
57264
31310
80925
69919
85918
49579
8969
29423
75974
27270
41938
41482
40108
38890
1358
73004
72542
10535
62996
95939
27719
84031
26986
73619
2177
23770
96578
24422
72527
22332
48580
5388
60552
65529
54110
98217
77003
26555
64508
97355
89264
36855
95218
97465
67094
97526
13571
99955
81253
21224
48584
82756
34347
12598
69533
38615
70917
25645
78762
55540
40438
87244
3270
62778
75784
62823
26694
91939
71316
98100
62671
44523
44402
46074
48070
51405
73939
44675
54982
59648
63308
17749
81004
92902
38532
63404
62955
50935
41542
99358
35771
85783
81605
17334
68993
3769
47857
60230
51342
76552
3922
24919
72205
1965
32235
57544
16190
50974
13253
98866
23831
76879
87911
6290
6800
93317
3796
83585
16708
25567
19426
2896
90315
31832
92516
57371
29546
66633
86554
87092
88822
94910
87438
53041
13325
66
13049
74163
49507
19192
83806
70639
93269
53429
45120
94591
68642
90371
17467
72733
10569
46630
35467
18032
63798
84295
57676
66783
3837
99117
16774
37839
13842
72456
76826
36287
70891
54052
77827
19485
81104
5053
63478
3271
29246
32600
44818
74033
89504
96676
91667
99391
97490
63631
495
62105
70402
50235
45367
3728
18739
61126
89294
97060
75831
94283
30896
13479
44119
89112
75963
99121
98060
8490
12061
40099
29688
47484
24957
23079
21518
84247
52824
49545
70371
72315
54286
81646
4480
44473
25219
42198
9109
29728
62344
72756
70836
3364
48851
69445
44465
98093
11154
62237
47223
17990
2855
84191
94347
87614
3836
87944
7789
48468
80931
33163
21319
67948
85303
75362
69030
43641
78070
78688
29534
71107
73874
38132
28441
74073
8964
24839
60086
97186
82274
25344
17460
43131
30720
46384
22621
10759
56798
90413
31537
58054
55105
86634
99127
47586
94520
82962
69754
17674
26793
17840
77746
12484
82837
38237
20407
35196
58174
61739
30303
11586
62643
17014
63689
17785
97954
63004
916
36204
79640
55502
76664
51574
47248
24511
3451
98946
49892
27560
29243
35545
85215
29781
65075
56398
56317
36701
18743
21764
87175
24774
83261
66629
3112
63269
34390
41118
6391
73869
93190
30899
68656
10737
71010
86229
58015
63409
31069
16418
10525
85696
29638
17310
9007
40459
99496
39569
25841
27149
73089
59070
8684
36557
43702
29429
45613
40081
97600
51937
14087
28026
62171
21796
79920
86413
93609
83801
39838
90630
11131
15214
83131
43256
51163
68340
92866
32331
81723
28673
57713
91202
20329
64164
940
37373
30779
94575
31580
30692
71115
23708
95415
93991
61224
88261
93511
25160
23457
65672
14460
82897
3939
22542
36979
37703
17039
8244
52514
93023
95708
65734
7191
96625
74409
53073
34739
75235
48645
74251
58266
39487
98623
278
56595
49680
16388
37915
91594
68295
52027
71890
14951
18380
341
85746
55735
56950
58837
12659
96050
81816
96123
335
78409
37751
69520
80609
17172
78839
91604
43971
50452
62941
97848
25123
65923
59970
70490
38893
35065
74882
74029
5653
31585
89287
78007
78298
57000
59624
72955
19404
47145
62865
36463
51427
90925
12327
29755
90753
40673
97437
19446
95862
32911
85465
60962
53077
41923
56817
232
10553
32121
34615
56946
4767
30150
58880
30363
24813
89534
68430
1939
6513
24625
5363
66250
55702
60349
94625
35859
82255
87922
88738
85415
83404
78857
134
80643
49959
26159
52336
18722
50852
65407
12773
12507
4891
58940
53737
71725
86728
65362
21372
31500
14348
49345
56457
39760
83625
15473
74572
10704
73500
3631
46581
72225
61546
14243
99459
13926
9731
37597
36396
77380
53356
51685
99231
35072
35189
49445
30506
49257
70660
59608
13953
70031
60879
15761
16207
627
5519
12533
23020
82414
48753
44072
13509
88170
47225
25633
90627
35911
26332
27985
9306
75808
61958
13801
92618
14220
70165
16437
77354
58343
40970
61112
66756
54216
90297
64746
78321
96796
65916
76451
31433
75754
19678
86068
31364
26435
82034
98372
61079
60238
49404
4943
65600
32356
24536
31256
20578
97684
43034
47855
43255
42409
54418
53931
4713
52564
79816
38146
20943
46258
94311
46129
67572
95715
40632
64195
94920
67635
637
27441
80727
43253
38822
97649
17518
18773
40331
37139
73826
24158
15553
73521
95017
75260
54235
77344
79157
10801
10913
94389
31707
94841
70899
36656
95465
18238
2692
82216
68155
84841
52832
24156
14351
123
56676
8321
24960
92690
83704
94059
41807
87489
76252
61749
94194
55421
47653
88380
33488
5763
90610
20904
99149
40447
15152
55291
49364
66131
72326
30191
65033
62733
16414
77466
88602
15068
55755
35236
544
12630
96087
72961
19663
78322
41058
83119
80092
25161
61881
78308
11936
90380
72899
84343
73903
60907
90916
44041
86798
35019
47534
6218
73227
43888
21037
66667
87687
43709
99592
30018
99645
44976
93210
86279
44061
26053
70078
45310
95015
62545
75220
34129
5019
45983
19514
81519
49500
42057
12571
75542
19638
67543
61821
9307
42184
51290
26355
21945
48031
28789
18432
52735
4438
52959
1067
35315
46905
30748
69853
36375
23240
13452
90155
55011
51933
77898
51511
30984
13297
72325
43735
50831
92635
91047
61798
71304
98688
32530
5132
73933
30515
61661
66589
89337
79172
86797
69647
21412
25275
7366
30383
82346
34817
34713
48083
12615
29204
63408
15567
50838
73883
59996
16685
7192
30271
15876
71837
45607
78818
47806
43889
11162
3845
69466
87981
66174
235
98728
82915
99787
9771
26952
44339
64379
41769
58610
6507
80045
74712
66036
72962
41095
28717
76660
24758
77465
79081
16033
98875
83671
15720
6751
98639
86560
63135
17769
78640
86045
13216
73794
82821
26709
82478
19082
2569
52746
35697
68796
49202
86918
96958
30656
31612
89774
51035
59967
47553
75915
24364
88873
48024
59683
64826
68111
57322
4609
48186
69255
92307
54421
28378
2921
64319
26002
610
75443
88626
94154
43794
18265
658
86603
17696
2735
45125
15865
36452
26552
45941
94702
91447
38913
709
82144
72841
77819
92034
36847
94711
68140
28355
54119
94195
79545
12373
83025
40055
19642
87116
389
46497
77384
45221
51168
63832
40734
7785
79094
26108
48118
41148
63651
82062
21038
16862
10983
69539
58154
29000
76824
38008
53532
81622
93953
91347
49973
6945
31079
16350
80076
40442
45118
22468
49338
90806
58797
88934
96054
13817
95622
78583
57348
81385
29241
71179
16634
20493
61475
16519
40031
42847
94566
78937
65623
31547
90449
99322
94155
3599
6238
70299
85322
67729
59423
61219
68245
51449
70728
58828
1790
11515
25874
64374
54378
31561
21930
61470
19112
62140
57221
30002
75229
86572
19415
16716
67370
98251
2663
64312
8906
21106
40889
43170
38788
24959
20785
88488
39361
90852
98608
74793
96080
31475
51218
41374
18039
17443
944
70978
23239
35964
73753
14561
4474
84405
54414
35247
49790
76072
20236
1530
28550
76215
67473
91025
75130
19526
75608
12178
43570
57508
47788
68332
73383
61209
6559
49705
77035
67759
21227
83874
69250
53093
84094
503
56767
33194
13980
16478
68483
21035
4081
99541
55213
7923
82328
69703
25566
81660
91129
37879
97970
36593
91601
60946
87296
88740
3288
61706
74716
61338
74176
24530
49592
86272
68817
42265
21536
55118
89790
2009
95589
67585
40356
51832
93481
7206
6909
87918
23495
53053
25861
832
65691
66738
34094
23834
73030
39089
42849
1882
43942
42432
52660
60185
70831
1630
1406
22981
21680
9609
18474
68167
57780
88550
46966
93030
51089
44043
85626
72539
64200
42833
54077
25469
59284
90102
26286
53752
19240
28732
55462
72190
26368
59579
85914
60283
92234
14272
56200
17977
67431
17653
7531
73016
26427
4772
16559
6122
31188
22118
7874
18554
7158
26698
88859
28284
23112
83527
55924
12266
97423
49387
66017
24489
81122
48823
48747
73779
12056
4309
32666
58758
92667
30763
66270
20591
20209
1817
45722
46046
13302
1300
54637
80675
71690
58611
78309
47613
37841
65808
97925
17135
93605
82630
71388
36825
13188
42141
87669
89319
85035
38162
28994
78272
67304
42535
43803
61670
66929
19055
35619
73804
75209
15441
10381
41968
9010
35691
90300
48727
60889
20025
46464
90868
67793
12606
85597
25266
85883
17654
89244
20659
11695
13165
65708
80822
83901
24523
95311
41129
58471
37113
48824
79226
28485
2030
98081
83891
81917
6104
12931
43287
31568
31040
78127
79248
13677
96950
56505
77950
187
66141
7077
28339
66292
36195
67275
61778
45452
70797
57465
73452
72188
66773
11742
89530
98978
36136
92943
92901
30641
52447
47663
81510
49857
36152
40811
21328
43307
87729
77599
8897
34800
20072
14920
47878
44747
69273
60208
4504
36296
78226
23483
13838
91637
31084
1486
62720
46527
68461
1799
6593
27569
47638
15946
95545
8877
43645
16925
24710
25980
10129
35751
46584
11083
72785
35741
79960
84513
78412
71557
20071
71838
22268
51986
29977
50671
76157
27485
25431
97235
10598
53414
95265
70025
63312
62804
66875
96259
54063
31947
40554
80377
73543
77650
33679
43429
17331
67107
39581
37924
37358
18984
59176
26403
24373
29872
16365
16947
33935
30127
55875
68906
56725
26010
6258
75007
26577
17782
53054
61416
84965
19509
22285
52894
5593
32810
77529
5254
12135
9170
338
20420
73606
95786
4050
45935
30353
92367
86325
10820
4863
65197
33179
39299
13221
27626
16485
13927
41372
6205
18232
48244
45975
13485
53606
46748
71822
56435
25450
35458
25008
21719
65311
70063
79366
53498
77345
3232
48552
14573
80732
14936
20008
28190
13082
92027
84315
35086
60456
31850
8020
97527
51169
4931
15201
65661
45228
46157
79301
73259
89721
96200
76039
68665
34222
94163
52709
7494
60452
50878
28645
24031
75914
58284
55845
14971
26730
44436
20544
82323
6951
85057
96990
86656
96371
72601
1342
54172
52847
67412
97394
79119
12162
52955
43768
48993
8993
77428
35780
25479
40752
89964
51553
43269
36981
76201
76211
38117
53710
45858
4877
31966
85134
89206
57453
24628
8276
68699
77984
93841
51055
87012
54701
36778
2774
46889
40306
15342
67753
74651
95525
65586
97958
69576
16249
6136
46010
90346
14769
21431
2854
40054
9907
61021
55742
80374
24638
54691
52496
59728
28027
2370
71353
8593
10294
41814
47629
96019
46120
86973
76267
68943
92660
45520
70713
73249
29652
60700
90857
62933
36641
18766
82726
72488
13199
10623
44319
77306
44115
78931
72623
30312
55684
73117
83342
74405
9726
64484
19971
6309
42716
10297
28773
81879
1173
30046
20460
29452
15745
44689
71369
8718
5071
54613
20772
9376
88605
78788
77413
38871
73487
24140
63580
82792
36945
93376
87399
83881
96918
32881
45096
2114
78960
48668
31034
8231
37251
45190
43514
76801
75011
71885
75591
10435
79503
39503
44795
86849
6691
56601
70047
15269
82215
63919
4664
76969
60771
95794
46117
23374
27288
69463
35897
66811
68171
29187
10927
81952
55124
33036
89040
98645
19864
17482
3335
76070
88283
22174
85108
92
7803
25371
77666
19613
36712
28002
11777
18715
88682
23210
69595
20118
81666
39489
74853
46957
50705
75238
92315
35672
97267
9843
47897
38840
11697
122
42301
4592
71558
34062
62019
20386
2755
27225
25251
57418
95451
26965
96464
48222
70548
40374
48684
9428
37876
62652
78941
68319
45457
60009
35770
22526
23795
87088
72357
47520
80476
43802
95865
1152
54118
80717
31371
87401
14730
26871
45388
2685
98026
31193
57724
4917
22630
61313
40390
63116
29763
55391
94435
62163
43472
14632
69111
91380
48160
19010
63568
33835
27227
64771
19632
32586
88349
26665
8692
38638
89853
14486
23345
86573
80395
36733
92595
90232
23969
78105
6023
91085
55993
92846
94516
32613
14553
91443
38148
2016
7614
72151
65430
8194
6617
12179
15748
57979
59551
44960
90406
20573
35568
32606
65411
13640
39117
76927
52737
46743
90593
27374
58380
6070
1717
90858
44557
89044
20360
5751
31519
22517
95029
21626
76504
44037
93571
78944
38172
38446
88419
80881
12900
58449
34412
58888
36401
24790
71506
16699
16387
14762
78758
60598
96802
81804
74138
37198
38206
19338
92699
70635
82587
46392
12451
19604
33697
34682
46741
72982
64391
81586
34745
4086
58368
29089
31843
5063
35787
60850
37946
13544
57911
83793
70671
24904
40420
23143
16242
89284
80636
24761
84265
64227
39065
21435
70193
6289
4289
87456
75411
4950
12209
72202
18375
40348
87384
70427
12791
87488
23076
67723
86874
46621
7752
37387
66839
53018
1057
54832
22832
47106
4475
28894
18454
34059
99454
89007
2196
24653
95714
35721
95155
93328
55881
50136
91198
89291
77024
56648
75962
12561
57995
78187
64488
48107
20988
59775
60118
33185
54764
91558
26311
50715
30187
38489
87102
57781
89153
19179
94423
67195
82825
86848
87312
49239
99350
33419
34239
14258
85984
58929
11678
55247
3130
39077
33013
86839
59540
65663
40318
37106
87019
50402
13343
70981
7931
92152
14507
96133
63172
17237
7541
86731
41689
91109
48387
23334
10582
50436
12566
72088
44740
23859
23627
87888
22490
65802
59155
10012
14453
7080
5555
5349
88421
14594
2636
11862
44404
60443
67922
66369
24487
66344
76089
99473
24077
77058
65333
36623
27062
79139
17606
17278
6701
51297
9021
91197
94878
78995
5194
87165
75837
51985
42608
91353
45377
60526
80596
95616
50271
3291
35138
8269
4862
13925
1396
19674
40032
27329
40178
92947
81405
69673
84782
50069
76889
22723
52467
65021
59006
78311
80079
41660
36871
91026
87831
16131
87462
19349
23252
36153
66543
58566
26381
84960
5320
25441
3155
58040
84406
54915
79483
26880
7056
75858
94666
49242
84156
72928
25860
19541
41886
20379
93621
27565
28088
64851
15995
98271
75300
99226
55865
60572
70705
83974
44409
1284
7912
29861
2258
4636
69036
31056
6827
43128
38847
84763
9592
74425
42262
67267
86018
52889
92211
39406
65834
99983
7881
84561
19753
99072
62822
17508
12610
76730
24172
61523
21256
5055
33715
85410
74103
75766
34648
25587
56050
61860
13942
94138
13331
19166
34539
98503
14897
49362
99247
77832
82123
3605
48478
25594
34215
74168
3157
80315
81020
94583
74513
66306
92411
30089
30555
7402
65509
10171
52814
61401
25974
63782
93875
93775
35725
1679
77918
11418
77054
80801
76557
99241
84647
84025
28976
78133
74370
14332
50799
49982
74700
62891
85623
66397
45604
60435
66900
51900
13287
11220
89101
36362
91611
46596
17746
44003
33862
82686
80322
71963
99126
54581
91766
8816
11439
49160
54601
17616
21653
71080
67236
1590
64933
76078
47633
6074
12822
11434
47306
89288
49159
94964
459
27235
59379
5710
91783
75535
72311
58673
81258
35606
20229
35190
41358
23011
40773
43061
12465
6968
85999
34673
32413
50215
80387
33755
43368
55334
45970
93345
84708
18273
16501
66593
68759
34241
74223
23830
46183
25296
16665
81508
33826
88126
18303
15516
38511
18350
73244
2975
41071
51960
47235
28241
84223
80277
56359
88759
22084
56882
48840
88685
12476
95344
31536
42352
91449
61379
63692
96549
71399
63449
8345
60332
10965
52411
34967
76918
21668
55797
66677
30413
5675
26601
423
92217
9923
40150
3153
57665
17351
45141
5509
6093
47007
96681
81404
83060
91700
67640
11705
85891
64676
1147
24160
492
86702
63201
95352
42940
37341
86042
44189
88325
34775
19038
31725
12259
36267
83588
59507
88613
36782
39637
360
76394
14221
31709
909
78104
85198
45554
21755
32780
14683
31114
13718
96039
97621
6055
68942
64834
77709
7424
78712
83332
711
30793
28386
62365
97792
92710
59144
20639
1698
98492
52046
99974
28
1640
28804
18222
68425
59269
15428
54863
11979
36916
11181
32203
35645
91290
70571
87357
62783
54896
71979
69860
42165
44592
61589
63538
46433
80805
19373
54602
98168
84084
6776
27089
16810
54592
77544
44914
57416
34154
74155
91708
22699
74383
52193
27434
80944
38091
43906
50043
73608
13578
27822
60019
94639
6253
22571
93099
11819
72809
67260
37258
64890
59140
53263
10395
82492
72934
18542
28358
16843
5436
86400
22206
66346
56396
65896
88510
73473
32429
56283
23423
36274
40125
59591
70034
93900
59363
85940
22288
67391
43225
11784
34194
7316
66373
54269
44888
28426
64747
9542
89973
40595
26778
73744
92511
98345
62249
86786
32501
13788
51424
23768
86057
72837
70147
91557
72813
38853
97564
73155
836
38505
2917
88984
8760
4892
88912
56344
98051
53160
92869
56735
39975
99129
42259
9495
60391
38419
5916
60116
8607
15065
75187
10074
98221
8495
75108
78848
7924
149
63263
71366
31053
66746
39652
21809
86996
97374
50753
82135
2656
69527
47862
4836
54923
96114
67157
4906
29843
19925
37691
65364
71900
86380
80639
53562
96335
94000
56225
98999
73505
25648
2937
70219
85868
66669
10966
24717
33956
151
59278
45882
82781
36738
43139
41079
97853
69772
49920
45360
53410
33578
16311
62056
89833
72329
48972
82803
19400
6828
79460
18277
79763
59560
2714
59185
42365
95830
69221
80978
85330
1294
34737
15096
41958
78774
97993
92033
26666
46769
66591
58286
41147
34681
80744
20020
48097
61817
91157
96448
3026
67616
17883
89374
24069
56730
55558
62328
40327
3054
35869
87413
60827
61686
6729
80447
10124
39561
41488
49570
37630
36976
32869
50616
62151
96690
9459
80287
26800
92838
91060
92141
55553
93952
73472
70380
19556
57422
17691
90785
55563
21197
60189
40009
61666
69941
8234
96902
7860
96637
54609
89628
65454
34746
96979
10675
71033
42538
12402
49779
77470
92003
40379
42334
31617
35008
54058
15755
56092
96140
60304
4915
68850
47343
57866
60023
24619
29416
73585
28323
13969
51003
37169
67724
68524
68698
69223
12812
48092
10652
68129
46912
62169
51435
50262
54442
46768
97801
2466
14639
97305
66554
35851
1931
62825
37189
78444
42434
20497
89808
21658
75681
18342
79241
1743
53484
845
38453
75489
27051
39004
86557
31640
46116
51712
94803
7473
79508
98943
903
28690
36770
41132
324
89142
19251
45932
14040
62816
38059
75838
19751
47232
66749
71235
35817
70418
906
11560
68316
87316
30797
93243
75358
80046
49852
94725
74685
27258
32214
97563
57549
532
3585
97314
54264
4532
16631
21906
58189
78932
6538
46779
95191
94006
33847
29046
96727
5749
45817
44361
4314
54948
8912
41138
720
92312
23570
39345
77386
95145
39464
43747
61408
51420
24047
16363
34608
76054
80486
67202
92523
42822
77355
2761
64435
67701
22654
77527
38494
73413
57370
96425
41172
15027
98035
48311
59051
45106
26867
49647
48863
47010
69357
3055
75935
43062
52285
20709
36234
35353
27981
48426
81411
11922
98985
20769
43013
70424
60705
41198
42460
12020
70810
33160
30173
82957
31826
50289
7397
15007
26914
34159
20674
24512
54797
10852
88667
72576
41395
19997
96893
30966
75121
27337
74614
70438
96345
27162
91108
2128
99158
138
35644
28181
29047
15024
51680
28201
71027
70072
82273
4058
70500
1154
64144
17901
56682
1768
15513
46032
56952
43380
29849
14916
80901
12902
87996
11774
86050
53470
67297
77288
26425
22257
85404
42621
12725
8955
13227
37902
533
93834
46624
66658
3389
11278
49544
88589
15683
92872
96439
55041
84009
39901
84123
7148
4728
57176
69133
38953
15129
40521
22258
21072
2741
71954
87593
13626
82971
95707
71904
8726
36112
42544
86034
84811
93764
8084
27635
55507
24597
35678
26817
65782
2482
98242
28069
1422
12594
32447
39722
10552
17650
91908
67613
39992
86958
61177
78239
21349
23297
99315
7739
45466
50613
79442
48132
57653
37675
55149
31864
20746
42012
55244
13204
79852
30889
39936
40416
20677
48402
12758
21615
85005
26329
79470
59473
11878
7945
98810
98479
6743
59015
92382
61134
64580
82645
59193
72978
61060
60298
9506
18512
33799
23123
14398
86248
64524
32778
23051
90614
16315
38552
29299
14668
29783
57682
40373
84834
97699
30536
68858
14624
63374
29762
41091
17439
94889
85155
63773
88872
42103
43991
36169
54061
79270
53112
59750
7788
55077
75651
41181
56305
35251
16591
75492
14004
21564
13430
19193
82115
50564
76238
64211
17377
74833
76784
95666
93413
77467
41380
4022
13514
79515
44864
16065
17299
23049
46900
33683
81424
12633
43317
1467
31754
30804
30950
40827
65443
37962
55545
85446
63849
50909
52464
37075
68330
87232
38964
56363
54291
79494
1776
27126
22326
4157
80743
78735
97189
15340
25346
69210
95011
6820
65243
45361
55819
62028
87914
84990
40196
73983
84277
52157
27493
66260
92350
69027
31392
33318
4064
96075
87552
63219
98499
55717
41088
45337
38736
59587
60267
83
87787
33668
26302
92596
19570
44281
61254
92518
80219
5321
43629
34311
59265
84237
29310
21417
46186
85246
9254
46813
13448
71769
26172
648
75515
71038
39477
84922
74031
48624
36840
30741
58565
58667
58402
13860
40985
74889
97805
40654
66833
98804
26786
77342
43614
26439
97109
69757
7535
37060
52324
72820
82029
74399
86224
70334
95592
26761
98147
86500
96824
92259
63520
40685
20701
62257
67754
97459
50596
30094
93364
22965
64113
88992
94324
79239
75023
25577
72748
72540
18035
69989
16902
71574
92766
96966
34195
18097
40674
15496
55193
30297
71089
57050
66483
4253
31815
76925
14072
7618
40768
9617
17112
8187
33098
87927
24250
63794
82297
78929
81006
79534
2653
96901
76897
46496
95380
46874
39205
6546
834
83713
14363
99110
20669
25420
45187
50159
62093
37623
48274
36088
88993
20941
20998
60950
66488
59405
29150
78446
51056
75785
63100
55378
17356
68188
40149
11053
94303
570
3937
53008
87368
63505
99198
71678
48696
89129
79438
63609
19881
55323
16297
85239
71008
1032
21572
31525
24592
15330
74197
86458
40215
8066
19425
94294
23233
55295
89555
2374
54244
78834
53477
77688
30667
10010
56204
50411
98287
93021
2393
29833
31289
63293
55419
18687
31105
63236
37347
36943
37416
67654
32649
43048
85194
98055
7652
49247
7329
92397
5221
30976
15493
33699
53681
90887
78177
86273
90409
38066
2833
45098
53346
54243
67006
49138
64087
46414
68344
3657
40252
27398
11567
91937
35100
5141
96732
9087
28343
10300
79490
55583
44832
69011
5417
32499
50628
86654
45330
33743
19958
51157
13368
40471
74051
33622
34430
65118
9709
80242
3150
89418
38380
57777
91740
22742
14899
57180
29177
60124
1312
87857
94632
9585
5125
42313
24145
43125
39681
53535
40865
16656
50311
19040
12283
46192
37234
30973
43316
87302
53941
60328
8248
37131
23311
82177
62845
7083
48081
97492
10324
62179
95797
80739
20834
45980
78730
47095
24669
10472
1463
27463
96081
41733
54289
53128
38608
5168
11290
5177
46825
47452
86265
49386
60622
68593
71630
74632
43486
13614
26165
81021
85232
4619
13357
82156
13529
67533
16988
30579
3292
29641
52213
88473
84399
10470
79618
87871
42583
80120
7990
66473
78489
24280
43899
22935
89611
30488
53339
33335
44093
53948
46560
52050
10733
85304
48784
17057
34598
18787
95829
73146
40996
2071
80555
5274
19380
41965
37174
77056
94094
87223
62337
92046
78222
64696
6708
93706
63244
15316
78763
67713
2699
15408
62126
57824
36550
32403
62922
32035
91509
26026
20016
39429
85433
26998
1589
87792
38787
59853
75559
57047
34050
4194
39139
93765
8696
98341
93231
61587
69602
57895
72602
87255
77542
20833
3651
83387
90139
31701
73812
33220
69003
56716
16913
73129
65807
42015
85745
65428
96025
66254
15405
42821
94862
72060
58813
15291
72739
80977
72653
56918
90075
70515
7164
99839
51608
68918
65044
9297
5413
16234
78418
75174
2666
53080
38802
79737
91285
51127
65215
14882
89315
13272
74165
94630
36983
84985
2346
61301
82660
62040
15662
38675
41411
21131
95338
23531
48755
60092
20687
5786
15088
271
43711
30381
14749
93202
96158
97806
77358
72561
91741
18897
51623
17866
80854
7491
51666
68868
77075
9146
6226
42339
32173
68105
33782
89781
75737
22095
29645
7597
57725
61688
76573
39860
15472
40760
81762
45052
52074
50186
87037
58486
51381
45986
68915
3843
24672
67074
2544
82999
63437
12929
10788
17997
85346
86534
71394
13219
60647
54855
50747
42377
24938
85071
27483
85565
5278
90743
71290
82830
12748
36852
54416
68342
30563
125
21337
52239
73208
85347
65341
81100
54819
6186
98080
42324
54895
48370
89614
99903
56652
63361
66333
77074
8488
33071
32603
3427
11481
88656
22929
92497
8031
26380
59090
94501
34208
33899
33663
94906
96222
24433
35028
41845
96343
47132
38163
84002
45707
55844
11583
13407
34813
73730
53088
99068
80671
55968
45950
54869
25672
49564
98495
92727
44790
91281
60064
32516
70744
47571
87879
32453
93271
53964
58835
49304
78294
49329
9360
67602
54780
47928
43361
58344
32701
59765
9271
15259
5896
38622
71624
80843
54033
53109
2420
86635
28238
14704
87616
98768
85787
76071
80181
37909
20789
95196
12898
70781
50232
33468
43242
72409
40368
39146
58662
53885
25273
20519
30710
62091
9220
69787
96726
29277
40290
46518
59334
60893
87660
32889
17101
41817
60044
22903
39388
16405
91122
49271
95834
43333
66504
57622
64754
65558
73751
79998
8510
88661
55443
92310
2335
18993
4922
10084
1500
76525
8180
78467
87977
12816
66548
77351
12110
80000
70764
97630
94282
64496
23869
27687
33667
59778
69915
69865
28657
27132
60970
47701
60868
94705
19184
81731
96719
15294
29129
41425
73999
89997
13957
35493
69067
86177
1192
80113
96907
87146
11995
17132
1373
49653
14996
80710
32677
39934
54346
91156
47231
52808
92453
89088
38308
1857
55333
4933
25919
21199
71489
87107
37456
86719
8237
35554
23113
69928
70234
91965
86101
21799
57104
71619
39472
17270
53953
28959
2321
24184
25952
226
55739
75627
64910
43672
7165
31113
70436
19481
24045
37745
81997
33880
51494
52994
24934
86292
70963
97013
97276
10963
16919
3540
1520
61527
19198
24807
53059
97570
29545
37243
66420
50555
53396
90482
70386
19543
18203
41937
41642
62367
23119
92731
45001
3964
71382
57090
64278
92914
94465
14585
40262
55648
2175
25044
23609
75654
56035
83726
17063
30827
18262
51315
87718
13028
43052
7604
23492
20856
59627
41990
98783
3310
3798
50148
1840
85188
55100
6634
83777
63085
36309
4248
41606
5442
12161
234
91444
28136
80274
35447
82158
47282
39617
62404
42920
35872
86668
97268
25827
37910
61974
87425
14471
52461
52225
12343
24288
22299
35388
82247
84637
43068
981
529
3908
83643
12993
77447
95985
54954
98358
20853
7524
18936
96783
48332
39499
73416
26972
49795
45628
10446
83049
29954
34878
79860
5592
78450
9049
76895
4714
33416
66152
86154
51541
7223
66934
20127
93907
25685
6589
99743
96671
50559
92749
18124
56831
59625
27877
76383
79673
4993
23099
25452
89618
78151
48372
86163
89511
26959
76899
52304
34701
76490
16434
63517
52017
82783
45422
13587
74622
9101
30620
26946
44821
59077
6483
58356
44876
17229
34308
45311
12096
97523
70450
15790
39340
8634
42356
52613
57220
43692
69718
75626
95804
14230
64723
25551
36205
31202
1094
67843
62446
29
67405
891
31497
86354
7925
50674
37992
12577
89122
82281
53291
3561
14904
60528
10498
68127
23800
97265
8854
76066
37365
88558
90525
40896
21165
5345
69375
62737
33306
61750
48380
69676
14760
2238
17158
83914
15215
68831
60567
61141
3750
74972
89421
4216
36715
59056
39580
48545
94306
33979
5415
45550
73577
10683
54664
92025
16798
50078
46298
59121
32365
43065
36473
33916
70811
4356
90840
29938
34053
61494
41044
61286
47179
2026
33
1964
57421
5633
72071
86829
39244
5785
66388
24220
74956
6859
7897
61950
53405
15800
26336
1791
34834
10214
87274
97598
81475
84073
28484
98310
58637
19919
52221
70804
59188
27436
12317
68176
36542
89429
62880
33555
2745
31165
88635
59101
90003
31499
56515
7387
78142
34556
44430
65146
50316
55775
40727
29617
68154
18490
24678
70750
87340
3862
67589
34816
39198
93487
57704
5255
53001
28834
1435
70886
33628
86503
35489
26723
54171
88423
56613
18087
88531
91942
17455
11578
38109
43261
49019
95401
19952
58900
86188
1490
32691
92915
18821
26078
85007
29439
51989
36385
22359
4158
50424
53925
92589
46094
44530
29969
56365
84037
51759
26526
62399
2585
92703
4727
55146
47465
27392
6297
95839
23765
97234
66341
23760
68564
13095
85419
77108
70568
63482
79477
38841
98531
11472
87892
87793
78348
87492
94198
5926
38097
90164
94199
16759
46830
44349
14100
40900
33860
12213
64878
34604
74248
82084
68071
4439
41782
60420
34415
3930
16392
57218
66540
53810
19982
63719
84355
25035
16407
4654
55219
49385
83788
3207
51877
94232
8551
42011
83456
53401
85113
90505
62764
1959
26171
25017
84766
11659
49772
5200
43158
3240
19781
34077
64805
61513
17739
65616
71639
69298
91704
11074
13110
50739
76830
53141
19977
62958
16440
56634
37822
51844
465
29022
6555
2100
9404
26509
43913
29584
93002
43602
22455
19421
62479
72750
17332
63846
10359
50314
6553
22816
22160
95908
16834
7844
73385
25675
93240
95296
84304
81520
42212
99615
27080
40278
93555
36252
3571
48873
25635
83844
4073
89467
19912
56670
67768
99962
64530
13140
68281
68440
55833
30321
94831
76279
9621
38365
97422
37571
91529
45797
32713
60257
42163
99845
65320
33448
10426
45431
74442
7883
28266
82284
95234
28348
88705
10025
34758
30549
24535
54759
9827
92544
17847
2317
45010
41357
99200
83426
36906
45440
85864
20210
62012
5399
24997
44478
38173
87724
40644
59556
84651
56076
60129
55719
75660
81593
91299
30697
58100
24027
36921
24132
72705
70421
23146
42243
64550
69081
87702
53234
80330
72911
93512
43727
94323
39107
37512
31874
48867
86156
62022
51190
27205
99054
58903
30446
44972
84205
83068
60290
48208
65437
1029
7654
12789
77498
51408
15227
61616
69233
74909
58586
34416
84876
35559
1037
29723
19031
87720
84797
39648
38179
92903
8347
78209
21630
37346
99263
74658
32285
16134
51955
95687
83394
56532
38378
36268
13183
77721
52260
20892
69462
79461
89262
89649
83145
17649
13442
52724
31285
79106
23225
70239
58805
51144
31824
45856
61927
58750
78400
92106
95202
64959
31401
37260
62075
24383
84786
82467
91750
1205
73409
90983
94215
17088
97882
60256
51441
47829
49868
97498
73978
88987
65985
45237
81482
36151
67458
39479
47444
80871
9857
58598
81449
2365
99688
42969
38014
17953
71051
48420
38450
77937
11285
7388
67239
17204
88422
49256
2737
78201
92535
58215
84477
99851
17352
85369
86735
40056
78383
26866
6312
10614
80480
99937
65943
63702
98910
91607
44298
14995
35983
95772
59635
64254
53659
97217
18134
45423
4397
32320
44854
48190
57273
64688
44758
70000
4794
792
4092
4416
47940
98620
15081
11461
20378
37340
48336
67939
52348
47590
79426
16592
49725
59628
23223
35669
38892
94470
71104
6461
15537
46592
32793
74628
68273
87020
63746
46034
17292
62183
12224
99049
51488
60448
97360
88712
21644
57300
19189
37493
4881
71313
45592
11738
90940
14280
21271
74822
2846
3345
83311
58345
53100
35326
82717
84389
5239
14576
7830
45884
45734
34936
90215
47123
34983
85981
92354
76024
44904
38987
49276
82946
34102
50449
24462
5250
27916
73140
69174
30059
99726
98314
82512
31424
70164
6429
54636
26426
40300
36900
82576
97612
64610
18726
71060
31891
63317
44703
41027
13685
29993
91919
24580
85276
84186
19295
20896
40057
83373
82149
69261
10459
20019
49323
55269
98879
51637
63718
15053
58572
49137
3259
96780
80446
50116
44816
7701
73677
76431
23392
76335
46544
59110
61206
83594
7142
73823
15578
34450
59460
13664
43828
40485
27414
87539
3126
65651
19254
48906
29949
3586
95119
52636
68841
60688
59238
85482
65125
48991
11007
36373
10321
93998
56562
21738
25053
6862
51343
38796
22835
95769
56739
72090
3426
82574
19327
93163
32900
3903
10745
8423
45646
80726
67219
14779
72545
58457
57227
79625
70581
76005
55161
16078
75601
92265
42601
9760
37899
70307
14841
68535
89716
38152
60809
62979
93339
54562
25448
16229
20395
69486
35600
94073
2264
48872
1004
2002
92788
89744
42080
80904
47585
66307
84743
82160
61703
70929
39318
1293
30047
66150
29437
76374
97031
83884
67292
97316
76564
60847
68731
56126
80852
37496
33132
55347
58950
46371
10112
20376
80319
3192
34230
68098
33440
34278
47832
21928
66852
73339
80952
13422
33027
87777
15699
5882
37918
94633
8621
26325
75043
95214
64516
96481
21118
68254
33441
40840
21524
43494
48682
30425
30995
89118
56358
89242
96594
66065
1701
75556
17836
73074
22413
4825
42373
69864
12854
65778
4492
98407
49303
18919
8544
10430
61372
58225
38266
59851
96154
84690
12853
31693
63805
69863
70378
12979
68017
28169
97720
56714
96882
25172
58376
87086
82590
92933
65306
91727
60591
21840
82435
75028
2501
77492
68604
55692
85834
40010
22602
74028
10027
8131
87437
56310
3954
47671
97834
65595
37667
10049
16700
6921
79127
71799
9971
96531
1196
8674
75820
17891
30814
5385
61820
19059
56698
78537
88975
7428
24107
242
86194
41107
54583
21418
16347
20024
64489
65240
33733
17680
44605
91792
63973
3354
54475
23907
15307
50470
47432
52290
74649
23365
41761
44021
46828
27766
60844
28635
14333
9438
3349
73255
68984
96649
31732
53578
35041
40467
46097
45804
13826
21089
2821
527
74780
21231
34722
40088
70255
63528
81067
29490
87273
99273
28332
33735
58459
86080
75316
43474
95899
17777
31847
2233
57146
20615
29640
70070
39698
65383
27413
96674
61967
70751
71300
22971
63814
16328
58416
96523
48280
56917
84116
55164
63281
88535
4028
10835
59367
59439
64277
81547
98290
34379
36102
82836
93083
3315
73063
11388
36217
89962
39451
76324
87281
68988
54791
50553
14431
70677
30564
66843
11191
44330
4707
67903
93340
10055
42912
57363
88327
45936
76928
4082
56883
31611
67722
73263
82525
15367
19435
36002
91307
41158
50153
18422
43707
97405
59978
24955
46931
90095
6373
83846
63000
81752
63302
34900
68528
44980
35814
25788
38257
34507
92040
13964
446
83352
34116
7487
58881
37080
36627
55367
89576
39022
94901
47911
84008
27681
7338
17475
41335
18637
6011
95768
11234
29479
12065
79194
47
2022
86480
57055
15741
38611
76964
40526
20986
61197
13528
86308
84348
99272
87895
63780
95547
95563
46413
831
48766
6039
9499
68822
49038
7703
72826
28968
85355
43788
9954
49895
48715
32507
78864
32007
90772
77581
63430
15814
71252
23914
32629
44278
11548
24484
39057
95199
27189
9083
12708
69774
99164
97059
467
86171
97590
91221
26245
601
60425
38259
91252
41898
87025
20900
63519
82321
28986
42901
29478
15190
50206
66585
31878
87167
10373
89309
62220
54134
77278
61418
98610
70054
67016
93013
64084
80933
52700
623
78786
97611
49424
1731
39281
63341
75131
67250
85637
47045
82955
49634
15729
63570
66304
80003
76322
52708
84422
38169
83215
7891
69723
91127
85079
88824
86935
90067
43074
1837
71150
60547
54916
42093
53522
32100
8184
90960
23701
30039
64637
97148
7348
28822
72572
41246
16915
47666
66418
25576
93763
98758
28828
37454
50535
56993
2412
19858
14546
10005
76789
53839
24666
23428
11171
79693
74523
44299
50752
63556
72342
29391
48698
21872
34398
64904
27802
84468
59992
9899
12591
93801
17928
14446
59995
50189
84152
87726
59359
37123
81316
90670
21654
39404
9787
71511
63198
29759
79360
67657
26517
80490
4768
1808
75649
45128
32753
72226
9230
97150
15101
27223
2942
63706
53593
36348
1859
28991
33283
18050
57082
96100
45708
59966
17683
54126
55438
27464
46528
49679
1128
90247
52801
71679
95962
48486
62083
45275
85069
57138
91815
71994
24281
77050
9374
18018
5971
10879
4941
84643
91531
87916
92395
20151
56547
50884
39364
70540
61081
77637
73463
70793
68747
36262
70757
62296
63729
85832
8303
14847
35585
60918
49336
65295
15416
99527
18367
83515
5222
35686
52078
20298
61203
35436
80706
41779
72187
51726
779
88084
83209
6216
8120
30262
6248
38383
62235
43885
48654
83984
93081
43270
77660
73341
14447
2038
48660
58661
6556
71523
26608
55862
73134
63956
47054
98920
70077
56982
90901
99402
55890
92452
16416
45844
45988
86383
78378
80766
16477
75486
32871
9159
88315
21677
75203
94467
48617
49808
72896
69910
93368
37298
56669
58489
50711
26225
8722
19350
8271
16748
76833
92325
55273
25707
10664
14926
62406
86369
56267
37837
86692
17005
16973
89779
43363
78850
22424
57031
15517
86217
43627
55974
93125
11385
23866
86780
35846
65031
41232
30023
70399
15910
46478
97128
48213
25762
33940
71322
61818
35543
79363
17267
16068
12427
93383
15415
87448
57556
85729
55240
20180
33848
4697
67208
18964
74850
86319
49164
34003
3339
70242
38513
11221
89619
39017
771
59364
27953
31214
3162
12680
35742
51587
96456
6883
19519
74312
93975
8803
75356
9629
57062
12420
60617
52771
24707
66374
4969
67322
76968
22751
81280
51122
22643
97348
39517
34508
37589
56489
40243
54484
41195
43670
53369
27727
4865
80326
61366
52734
1658
8211
85897
64616
46735
62275
39685
8914
85073
77925
4759
90522
18971
88910
70068
93627
53561
43351
70272
65715
21209
57579
77685
63109
83415
84519
79680
55928
44651
58156
74634
45206
19861
78236
63120
51565
78803
66518
9255
42428
91104
46761
12986
3510
5898
57785
47730
43638
30922
90591
92583
68327
67769
21345
1667
62081
74788
66951
17880
93005
52942
27625
17036
98773
55048
5209
5384
52173
36711
83969
90417
72007
98342
75158
87324
80690
10090
62350
78158
32909
46829
35643
294
37723
23657
23063
39502
4885
85510
26491
13060
79450
75426
39880
53706
81229
35104
84952
49894
22543
63422
3250
75979
98091
77196
27442
37893
88817
9258
95885
54680
78875
27504
69295
67757
26907
93984
33325
58863
7392
51966
48453
5842
89395
38750
28662
37862
25248
73896
20269
78826
86704
12273
88567
75279
78837
32585
99879
74958
75057
75920
26501
80416
29294
81420
90280
1021
47699
15459
83306
28620
18466
35172
91237
42791
68753
27131
64760
4882
87746
73366
59658
55311
30722
3548
28793
97758
64993
51667
78877
19223
66403
3545
39066
38961
83644
8601
73569
22348
72573
79853
28855
85769
35268
64500
89566
31661
41066
54117
71030
16126
42640
85336
70056
91936
74830
17318
11598
91330
70199
67802
85551
63443
14009
44370
46222
32064
35166
35621
35461
76228
90246
99394
99662
55649
95540
90211
12458
74913
13147
31750
6716
47481
67201
46862
37356
77162
75374
29474
23872
32182
58297
65365
32844
56485
38189
85167
4389
79572
16869
25212
24192
90956
18951
9092
47821
90147
12780
81036
14308
12712
71593
87188
20251
51724
82966
16732
62936
7610
69688
86352
22785
84895
47221
3134
36978
97054
71920
94412
42837
60077
67442
42483
85349
48279
89602
31564
57145
47299
30937
67684
69999
62510
64883
19370
80097
65432
96134
58365
10354
46643
32241
89883
87123
8254
96750
38083
34145
79804
72164
28552
16765
70830
71057
77322
19627
36769
11165
4465
56447
26312
10578
28958
53863
26898
28256
98921
49902
28258
52827
84012
90805
69536
50110
9883
95992
53206
95510
75446
1703
80519
65431
75008
15672
52392
81936
89923
84622
49094
12541
55876
23479
6160
27728
26559
97246
29201
29365
20796
36667
64557
28209
54356
61937
9766
69069
24791
57974
88928
44155
16605
14397
3854
17473
72858
16927
78722
11673
83750
71213
56940
21879
87667
22312
37515
68481
83568
96545
98402
12959
59988
51151
42911
75615
67666
54591
79196
97478
60939
10798
42952
29301
43495
47854
6272
55019
86956
62430
15188
32145
50128
44536
91850
83948
61264
77318
82945
85519
12007
19479
68034
50634
22403
54096
43485
54143
44514
17363
45122
68610
92262
1137
89237
21239
11937
96401
14728
51614
36933
69475
76936
39812
52400
34667
11320
90474
80102
63471
8326
51727
92058
43028
28180
99560
65974
3570
88762
55798
11852
2646
62526
15521
64340
96352
19365
39365
50223
67940
85354
40614
97232
9450
37190
19661
99773
8410
4273
44658
18191
29488
38
13979
512
22179
82799
78637
20512
32081
28856
70603
6316
2887
28603
34686
46091
72348
295
19811
50181
3857
18453
50401
15406
43123
34593
28243
50736
65728
16152
21429
70177
87309
68429
70292
29482
81302
85479
58208
6898
73376
85350
56521
44697
62378
64216
65286
83951
26848
72493
11999
86022
27234
85154
53837
75595
4139
87715
49471
7567
53069
44107
38563
70884
36453
57782
27772
79410
93642
84404
10366
83825
18205
84428
41504
74363
34911
92280
67686
89303
39267
29637
2852
37656
93234
62511
73581
74393
71229
6432
77806
3006
23445
42506
17705
37914
23142
31173
61704
88772
78470
57406
12121
60481
65077
40319
12411
28825
84379
63161
84119
78096
89866
38299
52609
82074
97247
32362
29025
88936
71413
43228
92096
20022
2775
47202
69677
69973
44990
77867
36070
57836
18009
22850
67301
92372
88644
29230
17242
38742
44090
79371
44667
16266
68541
30905
28163
1369
62534
79500
80008
3425
83194
95682
7998
19793
30802
61005
74937
34070
16994
73849
64095
42737
95724
76003
46351
1797
62570
4926
19361
90934
50860
36442
17355
10120
28946
59943
95289
40717
56898
19885
99188
24088
5129
39930
44145
8947
20152
28197
9022
97318
95128
4234
11867
82640
19159
34030
90623
31050
79793
61794
18595
60378
19145
14768
90031
17342
22807
17938
14652
27934
42213
50646
15456
96600
56237
70582
34407
43053
98683
42039
19205
79034
39030
64460
46082
83374
14039
2029
2419
97426
85480
2684
53493
43917
12578
82948
23066
44916
32024
20313
43968
25960
28126
31796
57585
51988
44059
22284
55810
55940
32087
3671
71402
52747
99390
82036
32177
69993
90341
2608
16498
76506
88939
46891
61365
73276
82249
47993
17647
77717
41026
18176
36333
66832
27074
37041
98617
2626
45038
41915
4021
83596
77005
64177
52826
30376
12103
92859
62192
43470
80114
87507
27657
1629
68347
54463
12810
90096
60664
38637
34711
10207
59325
58282
29578
7518
78296
51858
42702
1571
86235
62919
64377
99498
31445
74069
2902
19293
84670
48968
25331
31443
20700
94830
94499
82026
27018
2306
47396
9832
45568
84353
20732
67466
55691
18243
48203
33834
49750
98923
31317
26764
86997
41384
40829
94678
74357
27761
17670
12205
14828
64390
48877
39223
80198
89879
7002
59309
5599
16184
18961
52524
36097
15870
47760
61772
82107
28076
99478
21048
90581
56001
97373
36382
17126
74546
11683
90469
65573
38072
3682
40542
92018
43995
41577
95529
6757
25805
24705
47190
80390
43998
81271
28694
29694
48935
62343
5912
32823
78055
43190
28403
34076
53281
62849
55026
606
15838
48732
42229
24570
11544
14791
560
47309
15265
21213
18750
43292
70916
52453
85077
49298
29010
10561
31408
57152
26656
59785
31435
85014
85797
80730
53312
70192
17323
34973
62976
21700
79567
99940
18618
90579
18305
72096
66581
41131
72034
25199
97518
59983
8135
23364
41152
40065
9208
46648
88156
17031
40141
53246
67197
27758
74707
82494
21109
24802
53376
81831
29501
92550
61280
87864
84041
1968
45508
22897
4419
98018
39219
24864
55505
67630
71410
73875
48388
52943
97669
5641
49447
7969
29798
26250
41231
36158
48782
89329
10192
70910
20211
93623
4377
57405
72436
59502
53074
89265
97131
18275
89072
72243
88152
48140
99981
87142
88345
33519
48960
16830
65815
44235
2324
18017
85290
22992
64345
80477
65903
94842
9597
41931
486
86664
99884
14515
9648
36128
91657
81214
99184
31776
56512
31512
77407
69287
55996
66709
48608
10532
1468
36034
28836
27861
5469
57754
24795
99939
86214
94202
58782
64716
91445
305
70958
28627
69012
44567
97746
68697
5457
61392
87044
85965
1700
20228
94089
12624
14186
20382
90183
41207
81931
35822
32918
4785
629
60679
77388
80712
63537
30449
71948
95050
63490
58925
85671
38181
33648
82519
90335
83941
4804
49708
88305
8007
99244
34291
45737
80548
5892
69794
19463
62767
18847
28764
78163
74942
59930
4669
84427
72359
96818
84093
84495
34957
34020
45675
41905
6132
51530
24868
36118
87143
74211
8956
30090
48690
80335
18429
63630
67999
96880
31666
7964
1175
58618
568
82648
19585
42272
10311
96074
71350
9924
65762
79462
17487
92899
44262
6964
47195
84853
1893
85675
42307
16969
52953
75652
897
19993
61948
44156
48589
81556
72422
58097
74356
90711
2053
82879
6404
42223
3100
9824
84226
74814
43197
13464
28444
62495
33323
90878
69997
50663
90998
28193
10047
36160
75248
80729
3552
99289
28503
87436
54564
61336
83174
67639
3474
82045
72766
79090
14997
82466
50882
91841
17626
12668
6749
56726
79936
90541
45427
10439
99036
64921
88642
84843
63171
70493
61061
32667
69373
25706
77225
34393
1272
11408
57375
48050
30778
26154
49706
13475
96779
48102
51842
76353
63166
51213
71740
43357
26220
70087
88978
72681
89083
1339
6350
24836
13111
86547
52788
81980
53702
46278
38950
60433
89595
15917
63346
99504
43104
32615
25644
25078
80143
66674
44426
30780
4639
13693
47617
66072
95279
29168
1536
64471
57929
86457
41608
92255
97941
1581
50310
97168
60769
83315
26077
42225
2881
44540
82082
46786
2422
2320
56594
83540
10929
34456
70519
63310
44218
57243
39767
18250
59310
70037
56479
2583
29173
38941
76282
56182
13603
67199
5120
23493
62161
33772
70740
49776
91713
18853
13115
40559
44994
69378
81721
72685
43609
44718
75989
19422
79901
9604
18638
43741
85043
30717
74664
48447
89193
15128
63429
87393
37284
26305
22533
75950
40808
26564
4205
35558
57980
72808
71825
57412
65353
26432
52311
96812
262
50479
12741
65548
36211
98241
40378
94861
97006
31304
68196
11737
20140
44015
4981
28670
29709
69675
126
39287
98550
44656
82675
18586
23440
99843
31700
33169
78422
95819
22303
85068
88791
90071
88944
47477
82348
75930
34099
31468
68786
46125
21500
82889
7289
34439
23272
87698
76541
65925
63395
83295
91678
22551
60749
37152
64717
42431
38743
8323
56509
54462
38945
91152
65070
30012
1739
65238
52703
53486
16270
66123
46444
19173
59948
94808
68193
75
46920
12719
28242
80504
59258
43079
83555
27027
47233
70596
22242
66387
42874
19262
35807
23669
22186
38217
40894
32408
5614
70612
3553
30535
22781
5319
75408
81041
95822
67554
27996
28063
40784
68285
76922
53146
13415
68123
48231
15080
77593
93071
35604
13497
87091
30372
60083
94419
11940
8522
37558
73886
75715
4753
82582
57025
81415
30828
90089
68156
78235
75026
84938
48643
13469
87821
24587
28476
4025
21232
29796
2390
34714
78
98538
29156
78111
48858
72157
62334
61722
53270
88486
48953
73727
23626
79479
20038
71467
36061
99748
75190
23764
57506
39011
49525
57574
37607
32482
55565
74722
2972
2194
20006
47789
67443
76560
59581
88055
46106
79428
84033
95817
97358
38279
27024
80661
41311
51720
384
27890
89587
65579
93483
14689
54668
45180
17060
55341
16022
75176
70311
76831
93944
46360
24622
55453
65417
76822
64444
31630
92004
31287
26181
13006
10009
37599
40148
88830
95663
32892
63340
86138
31345
7781
53328
92159
10669
30475
95635
19357
1390
26602
38312
32355
33341
50802
42761
41271
99619
10072
31103
66432
98488
27095
94502
83707
87376
57378
32257
98520
40357
8866
72581
22199
8541
48006
81406
29659
99215
69332
39093
50132
45619
6562
78996
89664
56815
13740
12422
75405
71618
24329
51758
41907
78473
47902
96909
9100
54419
52226
36508
62687
41105
80066
80471
1822
42591
68591
39983
71062
5893
33156
30571
17049
38429
5131
57441
26722
74508
4300
39025
95551
39218
11732
879
57235
61291
20354
9536
36049
49966
51092
48337
2204
47518
67111
11763
72082
14000
76119
96905
38699
40110
97398
59429
528
57426
1304
21063
53656
48956
97957
52532
39454
59109
41553
49848
22071
29422
46155
56051
97066
50042
81711
46104
94797
26407
98979
19573
59122
6018
26138
79870
28093
70452
19967
25242
76489
18326
12009
19768
78358
4170
70913
7783
10850
59517
97255
34433
16305
84629
79971
70518
54773
92185
28612
39706
39230
61258
91560
59649
69585
42858
22805
54894
1376
8691
54146
47319
16409
37570
66605
38559
85184
11038
81969
13047
35320
30897
815
64541
67867
45254
84897
44230
56854
86033
18801
8089
10103
45513
99906
92945
98122
67484
60323
77612
75273
95514
69151
10605
78904
26433
96836
75585
9207
20130
96132
18573
45169
9717
45739
48707
53176
15120
52178
8605
85324
56986
47505
77957
62359
24130
28965
49898
78176
17157
96172
41498
61440
56869
6739
23093
20485
47750
89560
15577
77375
68726
92407
96635
69501
4027
93949
86533
19754
50530
44839
91259
64028
85932
20073
18132
64892
87355
41836
73035
13170
56073
57937
39378
52941
20015
58287
96992
62387
78919
54937
54795
97959
10097
70812
64361
65707
13602
42530
45947
96458
25195
35328
5078
62066
37265
39092
78909
69886
69664
75379
